event_id,template_id,customer_id,channel,message,order_id,account_tier,created_at,sla_due_at,intent,sentiment,priority,expected_policy,expected_action,reviewed_by
evt_00000,complaint:06,cust_0682,chat,"every person I speak to about order 40917 tells me something different, which is really not good enough.",ord_25771,standard,2026-04-17T22:52:00+00:00,2026-04-20T22:52:00+00:00,complaint,negative,normal,escalate,create_ticket,synthetic_generator
evt_00001,general_question:13,cust_0153,chat,"Hello, what happens to my subscription if I pause the standing desk. Please advise. Thanks.",ord_76728,free,2026-04-24T06:43:00+00:00,2026-04-25T14:43:00+00:00,general_question,neutral,normal,auto_resolve,knowledge_response,synthetic_generator
evt_00002,refund_request:06,cust_0420,social,"Hi, Hello, how do I get my funds returned for the annual subscription. Thanks. Appreciate it.",ord_92101,standard,2026-04-30T20:07:00+00:00,2026-05-02T13:07:00+00:00,refund_request,neutral,normal,refund_review,refund_review,synthetic_generator
evt_00003,refund_request:11,cust_0378,phone,"Hello, Hi there, is it possible to undo the purchase of the blue headphones. Regards.",ord_48596,free,2026-04-16T17:09:00+00:00,2026-04-17T21:09:00+00:00,refund_request,neutral,normal,refund_review,refund_review,synthetic_generator
evt_00004,refund_request:08,cust_0882,phone,"Hello, Hello, please cancel the kitchen scale and put the amount back on my card. Thanks. Thanks.",ord_58558,enterprise,2026-04-11T05:17:00+00:00,2026-04-13T12:17:00+00:00,refund_request,neutral,normal,refund_review,refund_review,synthetic_generator
evt_00005,delivery_issue:08,cust_0617,phone,"Good morning, my monthly plan was returned to sender without anyone contacting me, and I am not happy about how long it has taken.",ord_76792,free,2026-04-27T16:30:00+00:00,2026-04-28T14:30:00+00:00,delivery_issue,negative,normal,offer_credit,apply_credit,synthetic_generator
evt_00006,refund_request:03,cust_0747,chat,Hey - Quick question - I no longer want the standing desk and expect the amount returned. Please let me know.,ord_97507,standard,2026-05-05T09:37:00+00:00,2026-05-08T03:37:00+00:00,refund_request,neutral,normal,refund_review,refund_review,synthetic_generator
evt_00007,tracking_request:06,cust_0093,chat,"Good morning, Hi there, could you tell me which stage order 88214 is at. Thanks.",ord_18678,free,2026-04-23T23:32:00+00:00,2026-04-26T14:32:00+00:00,tracking_request,neutral,normal,send_tracking_update,send_tracking_update,synthetic_generator
evt_00008,delivery_issue:04,cust_0754,email,Hey - shipment containing the wireless keyboard seems stuck at the depot. Please advise.,ord_37906,standard,2026-04-15T20:22:00+00:00,2026-04-16T00:22:00+00:00,delivery_issue,neutral,normal,offer_credit,apply_credit,synthetic_generator
evt_00009,delivery_issue:02,cust_0050,social,"Hi, Hello, the wireless keyboard was meant to arrive on Tuesday and it is still not here. Thanks.",ord_60980,standard,2026-04-23T19:51:00+00:00,2026-04-25T22:51:00+00:00,delivery_issue,neutral,normal,offer_credit,apply_credit,synthetic_generator
evt_00010,delivery_issue:05,cust_0375,social,"Hello, Hello, it has been two weeks and oder 40917 has not reached me. Thanks.",ord_39485,standard,2026-04-11T21:27:00+00:00,2026-04-14T18:27:00+00:00,delivery_issue,neutral,normal,offer_credit,apply_credit,synthetic_generator
evt_00011,ambiguous:00,cust_0381,email,"Hi, order 40917 has not arrived and I am starting to want my money back. Please advise. Please let me know.",ord_23730,free,2026-04-21T20:22:00+00:00,2026-04-24T07:22:00+00:00,delivery_issue,neutral,normal,offer_credit,apply_credit,synthetic_generator
evt_00012,refund_request:08,cust_0297,email,"Hi, please cancel the annual subscription and put the amount back on my card. Appreciate it.",ord_56795,standard,2026-05-03T23:28:00+00:00,2026-05-05T01:28:00+00:00,refund_request,neutral,normal,refund_review,refund_review,synthetic_generator
evt_00013,refund_request:03,cust_0805,email,I no longer want order 88214 and expect the amount returned. I have had to chase this repeatedly. Regards.,ord_79972,standard,2026-04-14T02:11:00+00:00,2026-04-14T21:11:00+00:00,refund_request,negative,normal,refund_review,refund_review,synthetic_generator
evt_00014,general_question:12,cust_0351,social,"Hi, are spare parts available for the running shoes, whenever you get a chance. Thanks.",ord_67779,free,2026-04-29T16:28:00+00:00,2026-04-30T13:28:00+00:00,general_question,neutral,normal,auto_resolve,knowledge_response,synthetic_generator
evt_00015,complaint:03,cust_0348,phone,"Hi, nobody in your team seems to take the blue headphones seriously.",ord_56054,free,2026-04-27T17:14:00+00:00,2026-04-27T18:14:00+00:00,complaint,neutral,high,escalate,create_ticket,synthetic_generator
evt_00016,tracking_request:09,cust_0834,phone,"what does the courier say about the replacement charger at the moment. Your team has been great so far, thank you. Regards.",ord_41725,free,2026-04-10T22:01:00+00:00,2026-04-12T16:01:00+00:00,tracking_request,positive,normal,send_tracking_update,send_tracking_update,synthetic_generator
evt_00017,complaint:06,cust_0314,chat,"Good morning, every person I speak to about the running shoes tells me something different, which is really not good enough. Thanks.",ord_40014,standard,2026-04-30T01:08:00+00:00,2026-05-02T12:08:00+00:00,complaint,negative,normal,escalate,create_ticket,synthetic_generator
evt_00018,complaint:05,cust_0504,email,"Good morning, I am extremely let down by how the wireless keyboard was managed, whenever you get a chance. Regards.",ord_80636,standard,2026-04-09T13:29:00+00:00,2026-04-09T22:29:00+00:00,complaint,neutral,normal,escalate,create_ticket,synthetic_generator
evt_00019,delivery_issue:11,cust_0428,chat,"Hi, nobody has been able to deliver the replacement charger yet, and I am not happy about how long it has taken. Thanks.",ord_59559,free,2026-04-29T22:46:00+00:00,2026-04-30T19:46:00+00:00,delivery_issue,negative,normal,offer_credit,apply_credit,synthetic_generator
evt_00020,refund_request:04,cust_0249,chat,"Good morning, requesting reimbursement for the wireless keyboard. Please advise. Appreciate it.",ord_38165,standard,2026-05-03T10:19:00+00:00,2026-05-05T11:19:00+00:00,refund_request,neutral,normal,refund_review,refund_review,synthetic_generator
evt_00021,ambiguous:06,cust_0330,email,"Hi, I have given up waiting for order 88214, just close it out for me. Please advise.",ord_96216,enterprise,2026-04-28T16:10:00+00:00,2026-04-28T20:10:00+00:00,refund_request,neutral,high,refund_review,refund_review,synthetic_generator
evt_00022,general_question:11,cust_0468,chat,"Hey - Hi there, do I need an account to buy order 40917.",ord_53582,free,2026-04-14T23:17:00+00:00,2026-04-17T12:17:00+00:00,general_question,neutral,normal,auto_resolve,knowledge_response,synthetic_generator
evt_00023,delivery_issue:03,cust_0355,chat,"Hello, Honestly, courier marked the annual subscription as attempted but nobody came. I expected better than this. Appreciate it.",ord_97546,standard,2026-04-12T21:12:00+00:00,2026-04-15T09:12:00+00:00,delivery_issue,negative,normal,offer_credit,apply_credit,synthetic_generator
evt_00024,complaint:00,cust_0001,phone,"Hi, This is disappointing - this is teh third time I have written about the replacement charger and nobody replies. Thanks.",ord_52865,free,2026-04-12T17:14:00+00:00,2026-04-14T19:14:00+00:00,complaint,negative,normal,escalate,create_ticket,synthetic_generator
evt_00025,ambiguous:06,cust_0089,chat,"Hello, I have given up waiting for the kitchen scale, just close it out for me, whenever you get a chance. Regards.",ord_28304,standard,2026-05-01T00:22:00+00:00,2026-05-03T16:22:00+00:00,refund_request,neutral,normal,refund_review,refund_review,synthetic_generator
evt_00026,general_question:03,cust_0477,phone,"Hey - Hello, is the running shoes covered by your returns window. Thanks. Thanks.",ord_84577,standard,2026-05-05T14:45:00+00:00,2026-05-07T06:45:00+00:00,general_question,neutral,normal,auto_resolve,knowledge_response,synthetic_generator
evt_00027,refund_request:09,cust_0087,email,"Hey - Hello, I am returning the replacement charger, what happens with the payment. Thanks. Regards.",ord_93415,standard,2026-05-02T01:11:00+00:00,2026-05-03T08:11:00+00:00,refund_request,neutral,normal,refund_review,refund_review,synthetic_generator
evt_00028,delivery_issue:07,cust_0352,email,"Hi, This is disappointing - the driver could not find my address for my monthly plan. Regards.",ord_65153,standard,2026-04-18T08:43:00+00:00,2026-04-18T18:43:00+00:00,delivery_issue,negative,normal,offer_credit,apply_credit,synthetic_generator
evt_00029,delivery_issue:10,cust_0486,email,"Hello, Hi there, the tracking for the blue headphones has not moved in five days. Thanks.",ord_90747,free,2026-04-25T10:12:00+00:00,2026-04-26T06:12:00+00:00,delivery_issue,neutral,normal,offer_credit,apply_credit,synthetic_generator
evt_00030,general_question:01,cust_0651,social,"Hi there, does my monthly plan come in other sizes. Thanks.",ord_20355,free,2026-04-28T17:40:00+00:00,2026-04-29T02:40:00+00:00,general_question,positive,normal,auto_resolve,knowledge_response,synthetic_generator
evt_00031,complaint:03,cust_0318,social,"nobody in your team seems to take my monthly plan seriously, which is really not good enough. Appreciate it.",ord_28355,enterprise,2026-04-12T20:29:00+00:00,2026-04-14T06:29:00+00:00,complaint,negative,normal,escalate,create_ticket,synthetic_generator
evt_00032,tracking_request:13,cust_0430,phone,"Hi, Quick question - looking for an update on where the running shoes has got to. Please let me know.",ord_48822,standard,2026-05-04T17:15:00+00:00,2026-05-07T14:15:00+00:00,tracking_request,neutral,normal,send_tracking_update,send_tracking_update,synthetic_generator
evt_00033,delivery_issue:03,cust_0512,social,"Good morning, courier marked the wireless keyboard as attempted but nobody came. Please advise. Please let me know.",ord_28217,standard,2026-04-30T06:14:00+00:00,2026-05-01T14:14:00+00:00,delivery_issue,neutral,normal,offer_credit,apply_credit,synthetic_generator
evt_00034,general_question:07,cust_0843,social,"Hi, Hi there, is there a student discount available on order 40917. Regards.",ord_69052,free,2026-04-28T06:09:00+00:00,2026-04-30T16:09:00+00:00,general_question,neutral,normal,auto_resolve,knowledge_response,synthetic_generator
evt_00035,complaint:11,cust_0668,social,the way the blue headphones was dealt with reflects badly on your company. Please advise. Please let me know.,ord_42613,enterprise,2026-04-14T11:16:00+00:00,2026-04-17T10:16:00+00:00,complaint,neutral,normal,escalate,create_ticket,synthetic_generator
evt_00036,delivery_issue:07,cust_0386,email,"Hey - the driver could not find my address for order 40917. Your team has been great so far, thank you.",ord_86568,standard,2026-05-03T03:31:00+00:00,2026-05-04T05:31:00+00:00,delivery_issue,positive,normal,offer_credit,apply_credit,synthetic_generator
evt_00037,delivery_issue:13,cust_0025,phone,"Hi, Hello, my order containing order 40917 appears to be lost in transit. Thanks. Regards.",ord_11309,enterprise,2026-04-14T14:20:00+00:00,2026-04-17T14:20:00+00:00,delivery_issue,neutral,normal,offer_credit,apply_credit,synthetic_generator
evt_00038,refund_request:13,cust_0789,phone,Hey - raise a return for the kitchen scale and refund me please. I have had to chase this repeatedly. Regards.,ord_40512,free,2026-04-22T01:59:00+00:00,2026-04-24T02:59:00+00:00,refund_request,negative,normal,refund_review,refund_review,synthetic_generator
evt_00039,delivery_issue:05,cust_0080,phone,"Hey - it has been two weeks and the blue headphones has not reached me, which is really not good enough. Appreciate it.",ord_24144,free,2026-05-06T04:48:00+00:00,2026-05-08T11:48:00+00:00,delivery_issue,negative,normal,offer_credit,apply_credit,synthetic_generator
evt_00040,complaint:07,cust_0829,phone,"Hello, I have been passed between four agents about the blue headphones. This has been a frustrating experience. Please let me know.",ord_93301,free,2026-04-23T13:48:00+00:00,2026-04-26T09:48:00+00:00,complaint,negative,normal,escalate,create_ticket,synthetic_generator
evt_00041,general_question:12,cust_0899,email,"Hello, Quick question - are spare parts available for the standing desk. Appreciate it.",ord_66180,free,2026-04-21T09:17:00+00:00,2026-04-23T19:17:00+00:00,general_question,neutral,normal,auto_resolve,knowledge_response,synthetic_generator
evt_00042,delivery_issue:01,cust_0407,social,Hey - the parcel with the wireless keyboard is running behind schedule. Thanks.,ord_80922,standard,2026-04-08T04:26:00+00:00,2026-04-09T19:26:00+00:00,delivery_issue,neutral,normal,offer_credit,apply_credit,synthetic_generator
evt_00043,delivery_issue:02,cust_0036,social,"Good morning, order 40917 was meant to arrive on Tuesday and it is still not here. Regards.",ord_74943,free,2026-04-14T19:22:00+00:00,2026-04-15T07:22:00+00:00,delivery_issue,neutral,normal,offer_credit,apply_credit,synthetic_generator
evt_00044,tracking_request:02,cust_0267,email,Hey - what is the current location of the parcel with order 40917. Appreciate it.,ord_60981,free,2026-04-11T07:31:00+00:00,2026-04-13T21:31:00+00:00,tracking_request,neutral,normal,send_tracking_update,send_tracking_update,synthetic_generator
evt_00045,complaint:11,cust_0654,phone,the way the wireless keyboard was dealt with reflects badly on your company. This has been a frustrating experience.,ord_11244,enterprise,2026-05-02T01:40:00+00:00,2026-05-03T18:40:00+00:00,complaint,negative,normal,escalate,create_ticket,synthetic_generator
evt_00046,delivery_issue:13,cust_0664,email,"Good morning, my order containing the wireless keyboard appears to be lost in transit, whenever you get a chance. Regards.",ord_39799,enterprise,2026-04-08T05:50:00+00:00,2026-04-09T02:50:00+00:00,delivery_issue,negative,normal,offer_credit,apply_credit,synthetic_generator
evt_00047,general_question:07,cust_0875,chat,"Hello, is there a student discount available on the blue headphones. Please advise. Regards.",ord_99328,standard,2026-04-27T05:53:00+00:00,2026-04-27T20:53:00+00:00,general_question,neutral,normal,auto_resolve,knowledge_response,synthetic_generator
evt_00048,delivery_issue:12,cust_0840,social,"Hey - the estimated date for the wireless keyboard has passed with no update, which is really not good enough. Thanks.",ord_76086,free,2026-04-16T12:40:00+00:00,2026-04-18T13:40:00+00:00,delivery_issue,negative,normal,offer_credit,apply_credit,synthetic_generator
evt_00049,tracking_request:05,cust_0617,phone,"Hello, I want to follow the journey of my the wireless keyboard. No rush at all, you have been helpful. Thanks.",ord_39678,free,2026-05-01T02:18:00+00:00,2026-05-02T19:18:00+00:00,tracking_request,positive,normal,send_tracking_update,send_tracking_update,synthetic_generator
evt_00050,refund_request:01,cust_0814,social,"please reverse the charge on the wireless keyboard, and I am not happy about how long it has taken. Please let me know.",ord_39839,free,2026-04-22T02:59:00+00:00,2026-04-23T19:59:00+00:00,refund_request,negative,normal,refund_review,refund_review,synthetic_generator
evt_00051,complaint:12,cust_0860,email,"Hello, I keep being promised callbacks about order 40917 that never happen. At this point I have run out of patience. Appreciate it.",ord_48863,free,2026-04-16T23:04:00+00:00,2026-04-17T18:04:00+00:00,complaint,negative,normal,escalate,create_ticket,synthetic_generator
evt_00052,delivery_issue:03,cust_0828,social,"Hi, courier marked order 88214 as attempted but nobody came. I have had to chase this repeatedly.",ord_73328,enterprise,2026-04-21T10:44:00+00:00,2026-04-22T05:44:00+00:00,delivery_issue,negative,normal,offer_credit,apply_credit,synthetic_generator
evt_00053,refund_request:05,cust_0049,chat,"the the standing desk arrived damaged so I want compensation for it, and I am not happy about how long it has taken.",ord_85450,free,2026-04-14T21:30:00+00:00,2026-04-16T14:30:00+00:00,refund_request,negative,normal,refund_review,refund_review,synthetic_generator
evt_00054,complaint:09,cust_0647,phone,"Hello, Happy with the service overall, just no one has taken ownership of the problem with my monthly plan. Appreciate it.",ord_62230,free,2026-04-07T08:37:00+00:00,2026-04-09T13:37:00+00:00,complaint,positive,normal,escalate,create_ticket,synthetic_generator
evt_00055,refund_request:05,cust_0419,chat,"Hello, the the wireless keyboard arrived damaged so I want compensation for it. Please advise. Appreciate it.",ord_79637,free,2026-04-28T18:27:00+00:00,2026-05-01T02:27:00+00:00,refund_request,neutral,normal,refund_review,refund_review,synthetic_generator
evt_00056,ambiguous:02,cust_0141,chat,"Happy with the service overall, just no idea where the running shoes is, can someone actually look into this. Please let me know.",ord_36222,enterprise,2026-04-07T08:28:00+00:00,2026-04-10T04:28:00+00:00,tracking_request,positive,normal,send_tracking_update,send_tracking_update,synthetic_generator
evt_00057,refund_request:11,cust_0065,email,"is it possible to undo the purchase of the wireless keyboard. Your team has been great so far, thank you. Appreciate it.",ord_32644,free,2026-05-01T12:49:00+00:00,2026-05-03T15:49:00+00:00,refund_request,positive,normal,refund_review,refund_review,synthetic_generator
evt_00058,refund_request:09,cust_0041,phone,"Hi, This is disappointing - I am returning teh standing desk, what happens with the payment. Regards.",ord_64573,standard,2026-04-20T21:30:00+00:00,2026-04-21T06:30:00+00:00,refund_request,negative,normal,refund_review,refund_review,synthetic_generator
evt_00059,tracking_request:00,cust_0824,chat,Hey - This is disappointing - where is my order 88214 right now. Appreciate it.,ord_82950,standard,2026-04-30T07:15:00+00:00,2026-04-30T20:15:00+00:00,tracking_request,negative,normal,send_tracking_update,send_tracking_update,synthetic_generator
evt_00060,tracking_request:06,cust_0365,chat,Hey - could you tell me which stage the running shoes is at. Thanks.,ord_96178,free,2026-04-15T16:08:00+00:00,2026-04-17T03:08:00+00:00,tracking_request,neutral,normal,send_tracking_update,send_tracking_update,synthetic_generator
evt_00061,complaint:13,cust_0679,phone,"Hey - Honestly, I have lost confidence in how you handle things like my monthly plan. I expected better than this. Thanks.",ord_57680,standard,2026-04-16T17:31:00+00:00,2026-04-19T08:31:00+00:00,complaint,negative,normal,escalate,create_ticket,synthetic_generator
evt_00062,delivery_issue:00,cust_0864,social,"Hey - Happy with the service overall, just my my monthly plan still has not turned up. Please let me know.",ord_27541,enterprise,2026-04-21T16:43:00+00:00,2026-04-21T23:43:00+00:00,delivery_issue,positive,high,offer_credit,apply_credit,synthetic_generator
evt_00063,tracking_request:04,cust_0664,phone,"Good morning, please share the shipment progress for order 88214, whenever you get a chance. Please let me know.",ord_79091,standard,2026-04-30T00:30:00+00:00,2026-05-01T06:30:00+00:00,tracking_request,neutral,normal,send_tracking_update,send_tracking_update,synthetic_generator
evt_00064,ambiguous:06,cust_0539,social,"Good morning, Honestly, I have given up waiting for order 40917, just close it out for me. I expected better than this. Thanks.",ord_40041,free,2026-04-09T01:30:00+00:00,2026-04-10T07:30:00+00:00,refund_request,negative,normal,refund_review,refund_review,synthetic_generator
evt_00065,complaint:13,cust_0368,phone,"Hi, I have lost confidence in how you handle things like the standing desk, and I am not happy about how long it has taken. Thanks.",ord_20742,free,2026-04-28T20:28:00+00:00,2026-04-29T17:28:00+00:00,complaint,negative,normal,escalate,create_ticket,synthetic_generator
evt_00066,refund_request:07,cust_0658,email,the delivery of order 88214 was fine but I changed my mind and want a refund. Appreciate it.,ord_83701,free,2026-04-20T20:18:00+00:00,2026-04-22T22:18:00+00:00,refund_request,neutral,normal,refund_review,refund_review,synthetic_generator
evt_00067,tracking_request:05,cust_0497,email,"Hey - Hi there, I want to follow the journey of my my monthly plan. Thanks.",ord_89663,free,2026-04-20T01:35:00+00:00,2026-04-20T22:35:00+00:00,tracking_request,neutral,normal,send_tracking_update,send_tracking_update,synthetic_generator
evt_00068,tracking_request:00,cust_0021,chat,where is my the blue headphones right now. I have had to chase this repeatedly. Appreciate it.,ord_17235,standard,2026-04-18T22:16:00+00:00,2026-04-20T01:16:00+00:00,tracking_request,negative,normal,send_tracking_update,send_tracking_update,synthetic_generator
evt_00069,complaint:11,cust_0323,email,Hey - the way the annual subscription was dealt with reflects badly on your company. This has been a frustrating experience. Regards.,ord_71771,free,2026-04-09T19:56:00+00:00,2026-04-10T07:56:00+00:00,complaint,negative,normal,escalate,create_ticket,synthetic_generator
evt_00070,complaint:01,cust_0046,social,"Hello, the service around the blue headphones has been genuinely poor. Really appreciate the quick responses previously. Regards.",ord_15315,enterprise,2026-04-20T07:45:00+00:00,2026-04-23T04:45:00+00:00,complaint,positive,normal,escalate,create_ticket,synthetic_generator
evt_00071,delivery_issue:11,cust_0192,chat,"Hi, Honestly, nobody has been able to deliver the running shoes yet. I expected better than this. Regards.",ord_18320,standard,2026-04-25T11:55:00+00:00,2026-04-27T06:55:00+00:00,delivery_issue,negative,normal,offer_credit,apply_credit,synthetic_generator
evt_00072,complaint:11,cust_0771,chat,"Hi, the way order 88214 was dealt with reflects badly on your company, which is really not good enough.",ord_68356,standard,2026-04-12T14:09:00+00:00,2026-04-15T12:09:00+00:00,complaint,positive,normal,escalate,create_ticket,synthetic_generator
evt_00073,complaint:10,cust_0495,chat,Hey - I have received three contradictory answers about the running shoes. At this point I have run out of patience. Appreciate it.,ord_52871,free,2026-04-13T05:03:00+00:00,2026-04-13T14:03:00+00:00,complaint,negative,normal,escalate,create_ticket,synthetic_generator
evt_00074,tracking_request:07,cust_0365,phone,"Hello, Honestly, is there a reference number I can use to watch the replacement charger. I expected better than this. Appreciate it.",ord_77630,standard,2026-04-16T15:55:00+00:00,2026-04-19T11:55:00+00:00,tracking_request,negative,normal,send_tracking_update,send_tracking_update,synthetic_generator
evt_00075,refund_request:00,cust_0278,phone,Hey - I would like my money back for the annual subscription. Please let me know.,ord_80350,standard,2026-05-03T08:53:00+00:00,2026-05-04T19:53:00+00:00,refund_request,neutral,normal,refund_review,refund_review,synthetic_generator
evt_00076,complaint:11,cust_0551,phone,"Hi, the way my monthly plan was dealt with reflects badly on your company. I have had to chase this repeatedly. Please let me know.",ord_47656,free,2026-04-25T01:28:00+00:00,2026-04-26T14:28:00+00:00,complaint,negative,normal,escalate,create_ticket,synthetic_generator
evt_00077,delivery_issue:01,cust_0312,phone,"Hi there, the parcel with order 40917 is running behind schedule. Appreciate it.",ord_36937,free,2026-04-18T13:45:00+00:00,2026-04-20T17:45:00+00:00,delivery_issue,neutral,normal,offer_credit,apply_credit,synthetic_generator
evt_00078,complaint:07,cust_0885,social,"I have been passed between four agents about the standing desk, which is really not good enough. Appreciate it.",ord_43395,standard,2026-05-02T04:56:00+00:00,2026-05-03T23:56:00+00:00,complaint,negative,normal,escalate,create_ticket,synthetic_generator
evt_00079,complaint:00,cust_0751,chat,Hey - this is the third time I have written about the kitchen scale and nobody replies. I have had to chase this repeatedly.,ord_18973,free,2026-04-20T08:15:00+00:00,2026-04-22T18:15:00+00:00,complaint,negative,normal,escalate,create_ticket,synthetic_generator
evt_00080,general_question:12,cust_0068,phone,"Hello, are spare parts available for order 88214, whenever you get a chance. Regards.",ord_58169,standard,2026-04-14T07:27:00+00:00,2026-04-16T13:27:00+00:00,general_question,neutral,normal,auto_resolve,knowledge_response,synthetic_generator
evt_00081,refund_request:02,cust_0814,chat,"Good morning, can you send this the annual subscription back and return the payment. Please advise. Regards.",ord_48523,free,2026-04-08T17:55:00+00:00,2026-04-10T16:55:00+00:00,refund_request,neutral,normal,refund_review,refund_review,synthetic_generator
evt_00082,complaint:00,cust_0589,email,"Hello, Hi there, this is the third time I have written about the replacement charger and nobody replies.",ord_65731,free,2026-04-27T11:10:00+00:00,2026-04-30T01:10:00+00:00,complaint,neutral,normal,escalate,create_ticket,synthetic_generator
evt_00083,ambiguous:00,cust_0187,chat,"Hello, my monthly plan has not arrived and I am starting to want my money back. I have had to chase this repeatedly. Thanks.",ord_36121,standard,2026-05-02T02:35:00+00:00,2026-05-03T15:35:00+00:00,delivery_issue,negative,normal,offer_credit,apply_credit,synthetic_generator
evt_00084,tracking_request:01,cust_0824,social,"Good morning, Happy with the service overall, just can I get a status update on the annual subscription. Regards.",ord_64208,free,2026-04-15T12:28:00+00:00,2026-04-17T14:28:00+00:00,tracking_request,positive,normal,send_tracking_update,send_tracking_update,synthetic_generator
evt_00085,tracking_request:04,cust_0219,email,"Hi, please share the shipment progress for the kitchen scale. I have had to chase this repeatedly. Appreciate it.",ord_65251,standard,2026-04-20T06:49:00+00:00,2026-04-20T23:49:00+00:00,tracking_request,negative,normal,send_tracking_update,send_tracking_update,synthetic_generator
evt_00086,refund_request:05,cust_0608,email,"Hello, the the wireless keyboard arrived damaged so I want compensation for it. Your team has been great so far, thank you. Please let me know.",ord_60554,free,2026-05-04T20:43:00+00:00,2026-05-06T01:43:00+00:00,refund_request,positive,normal,refund_review,refund_review,synthetic_generator
evt_00087,ambiguous:01,cust_0219,phone,"Good morning, This is disappointing - if the blue headphones cannot get here this week I would rather be refunded. Please let me know.",ord_94372,free,2026-04-17T12:56:00+00:00,2026-04-18T04:56:00+00:00,refund_request,negative,normal,refund_review,refund_review,synthetic_generator
evt_00088,tracking_request:08,cust_0275,phone,"Hello, when is the replacement charger scheduled to arrive. Please advise. Regards.",ord_72830,free,2026-04-17T02:36:00+00:00,2026-04-18T13:36:00+00:00,tracking_request,neutral,normal,send_tracking_update,send_tracking_update,synthetic_generator
evt_00089,general_question:06,cust_0156,social,Hey - Quick question - do you ship the kitchen scale internationally.,ord_30973,free,2026-04-16T12:15:00+00:00,2026-04-18T06:15:00+00:00,general_question,neutral,normal,auto_resolve,knowledge_response,synthetic_generator
evt_00090,tracking_request:08,cust_0696,social,"Hello, when is the wireless keyboard scheduled to arrive. Thanks. Thanks.",ord_64326,free,2026-04-21T17:33:00+00:00,2026-04-21T22:33:00+00:00,tracking_request,positive,normal,send_tracking_update,send_tracking_update,synthetic_generator
evt_00091,refund_request:03,cust_0747,chat,"Hello, I no longer want the blue headphones and expect the amount returned. Please advise.",ord_52325,free,2026-04-22T09:32:00+00:00,2026-04-23T23:32:00+00:00,refund_request,neutral,normal,refund_review,refund_review,synthetic_generator
evt_00092,refund_request:09,cust_0358,chat,"Hey - Quick question - I am returning the annual subscription, what happens with the payment. Regards.",ord_86760,enterprise,2026-04-10T19:51:00+00:00,2026-04-12T00:51:00+00:00,refund_request,neutral,normal,refund_review,refund_review,synthetic_generator
evt_00093,refund_request:02,cust_0146,email,"Hello, Quick question - can you send this the kitchen scale back and return the payment.",ord_24255,standard,2026-04-19T20:54:00+00:00,2026-04-21T05:54:00+00:00,refund_request,neutral,normal,refund_review,refund_review,synthetic_generator
evt_00094,delivery_issue:08,cust_0274,chat,"Good morning, order 40917 was returned to sender without anyone contacting me. I have had to chase this repeatedly. Regards.",ord_13837,enterprise,2026-04-24T21:20:00+00:00,2026-04-27T14:20:00+00:00,delivery_issue,negative,normal,offer_credit,apply_credit,synthetic_generator
evt_00095,delivery_issue:05,cust_0303,social,"Hi, it has been two weeks and my monthly plan has not reached me. I have had to chase this repeatedly.",ord_16007,enterprise,2026-04-11T18:57:00+00:00,2026-04-14T15:57:00+00:00,delivery_issue,negative,normal,offer_credit,apply_credit,synthetic_generator
evt_00096,tracking_request:06,cust_0806,phone,"Good morning, Hello, could you tell me which stage the running shoes is at. Thanks. Appreciate it.",ord_82812,free,2026-04-30T10:26:00+00:00,2026-05-02T21:26:00+00:00,tracking_request,neutral,normal,send_tracking_update,send_tracking_update,synthetic_generator
evt_00097,refund_request:04,cust_0121,phone,"Hey - requesting reimbursement for the kitchen scale, whenever you get a chance.",ord_97278,enterprise,2026-04-24T05:21:00+00:00,2026-04-26T15:21:00+00:00,refund_request,neutral,normal,refund_review,refund_review,synthetic_generator
evt_00098,tracking_request:09,cust_0423,social,Hey - what does the courier say about the standing desk at the moment. This has been a frustrating experience. Thanks.,ord_22811,free,2026-04-08T15:40:00+00:00,2026-04-11T15:40:00+00:00,tracking_request,negative,normal,send_tracking_update,send_tracking_update,synthetic_generator
evt_00099,refund_request:11,cust_0069,email,"Hi, is it possible to undo the purchase of the annual subscription. No rush at all, you have been helpful. Regards.",ord_33567,enterprise,2026-04-22T16:01:00+00:00,2026-04-25T00:01:00+00:00,refund_request,positive,normal,refund_review,refund_review,synthetic_generator
evt_00100,complaint:06,cust_0224,chat,"Good morning, every person I speak to about the running shoes tells me something different. This has been a frustrating experience. Appreciate it.",ord_47517,free,2026-04-14T05:28:00+00:00,2026-04-17T01:28:00+00:00,complaint,negative,normal,escalate,create_ticket,synthetic_generator
evt_00101,ambiguous:02,cust_0398,social,"Hello, no idea where order 40917 is, can someone actually look into this. At this point I have run out of patience. Please let me know.",ord_53913,standard,2026-04-28T20:46:00+00:00,2026-04-29T08:46:00+00:00,tracking_request,negative,normal,send_tracking_update,send_tracking_update,synthetic_generator
evt_00102,ambiguous:04,cust_0217,chat,"Hi, Hi there, what are my options if teh wireless keyboard never shows up. pls let me know.",ord_54656,free,2026-04-22T18:28:00+00:00,2026-04-23T21:28:00+00:00,general_question,neutral,normal,auto_resolve,knowledge_response,synthetic_generator
evt_00103,refund_request:13,cust_0255,chat,"raise a return for oder 88214 and refund me please, which is really not good enough. Please let me know.",ord_37505,standard,2026-04-08T23:46:00+00:00,2026-04-11T01:46:00+00:00,refund_request,negative,normal,refund_review,refund_review,synthetic_generator
evt_00104,delivery_issue:03,cust_0442,social,"Hi, Quick question - courier marked the annual subscription as attempted but nobody came.",ord_77626,free,2026-04-29T23:50:00+00:00,2026-05-01T14:50:00+00:00,delivery_issue,neutral,normal,offer_credit,apply_credit,synthetic_generator
evt_00105,refund_request:09,cust_0629,email,"I am returning the annual subscription, what happens with the payment. At this point I have run out of patience. Please let me know.",ord_84535,standard,2026-05-01T04:37:00+00:00,2026-05-01T12:37:00+00:00,refund_request,negative,normal,refund_review,refund_review,synthetic_generator
evt_00106,delivery_issue:02,cust_0467,chat,"Hello, the standing desk was meant to arrive on Tuesday and it is still not here. Thanks. Appreciate it.",ord_66179,free,2026-04-20T02:56:00+00:00,2026-04-22T07:56:00+00:00,delivery_issue,neutral,normal,offer_credit,apply_credit,synthetic_generator
evt_00107,tracking_request:00,cust_0589,email,"Hello, where is my the kitchen scale right now. Really appreciate the quick responses previously.",ord_86323,standard,2026-05-03T11:32:00+00:00,2026-05-05T18:32:00+00:00,tracking_request,positive,normal,send_tracking_update,send_tracking_update,synthetic_generator
evt_00108,tracking_request:08,cust_0706,chat,"Hey - when is the blue headphones scheduled to arrive, and I am not happy about how long it has taken. Please let me know.",ord_27361,standard,2026-04-28T05:01:00+00:00,2026-05-01T00:01:00+00:00,tracking_request,negative,normal,send_tracking_update,send_tracking_update,synthetic_generator
evt_00109,tracking_request:02,cust_0460,social,"Hi there, what is the current location of the parcel with order 40917. Thanks.",ord_31093,enterprise,2026-04-23T00:08:00+00:00,2026-04-25T04:08:00+00:00,tracking_request,neutral,normal,send_tracking_update,send_tracking_update,synthetic_generator
evt_00110,tracking_request:13,cust_0508,phone,"Hi, Honestly, looking for an update on where my monthly plan has got to. I expected better than this. Thanks.",ord_49805,free,2026-04-18T01:47:00+00:00,2026-04-19T20:47:00+00:00,tracking_request,negative,normal,send_tracking_update,send_tracking_update,synthetic_generator
evt_00111,complaint:13,cust_0412,social,"Hello, Honestly, I have lost confidence in how you handle things like the replacement charger. I expected better than this.",ord_33847,enterprise,2026-04-07T19:49:00+00:00,2026-04-08T02:49:00+00:00,complaint,negative,high,escalate,create_ticket,synthetic_generator
evt_00112,tracking_request:02,cust_0477,email,"Hey - Hi there, what is teh current location of the parcel with oder 88214. Please let me know.",ord_17406,standard,2026-04-20T11:38:00+00:00,2026-04-23T04:38:00+00:00,tracking_request,neutral,normal,send_tracking_update,send_tracking_update,synthetic_generator
evt_00113,complaint:03,cust_0394,email,"Hello, Honestly, nobody in your team seems to take the kitchen scale seriously. I expected better than this. Thanks.",ord_70218,free,2026-04-30T12:53:00+00:00,2026-05-01T07:53:00+00:00,complaint,negative,normal,escalate,create_ticket,synthetic_generator
evt_00114,general_question:12,cust_0791,chat,"are spare parts available for teh blue headphones, whenever you get a chance. Appreciate it.",ord_95303,standard,2026-04-27T04:05:00+00:00,2026-04-28T19:05:00+00:00,general_question,neutral,normal,auto_resolve,knowledge_response,synthetic_generator
evt_00115,refund_request:02,cust_0542,phone,"Hi, can you send this order 40917 back and return the payment. Your team has been great so far, thank you.",ord_81681,standard,2026-04-15T12:57:00+00:00,2026-04-15T22:57:00+00:00,refund_request,positive,normal,refund_review,refund_review,synthetic_generator
evt_00116,tracking_request:02,cust_0072,email,"Hi, Hi there, what is the current location of the parcel with the annual subscription. Appreciate it.",ord_11509,free,2026-04-22T14:03:00+00:00,2026-04-23T09:03:00+00:00,tracking_request,neutral,normal,send_tracking_update,send_tracking_update,synthetic_generator
evt_00117,complaint:13,cust_0126,chat,"Hey - Honestly, I have lost confidence in how you handle things like the wireless keyboard. I expected better than this. Regards.",ord_38325,free,2026-04-26T10:12:00+00:00,2026-04-27T16:12:00+00:00,complaint,negative,normal,escalate,create_ticket,synthetic_generator
evt_00118,tracking_request:06,cust_0541,chat,"could you tell me which stage the running shoes is at. No rush at all, you have been helpful. Thanks.",ord_61248,standard,2026-04-25T00:21:00+00:00,2026-04-27T03:21:00+00:00,tracking_request,negative,normal,send_tracking_update,send_tracking_update,synthetic_generator
evt_00119,delivery_issue:10,cust_0152,email,"the tracking for the annual subscription has not moved in five days, and I am not happy about how long it has taken.",ord_10520,free,2026-04-09T23:19:00+00:00,2026-04-12T22:19:00+00:00,delivery_issue,negative,normal,offer_credit,apply_credit,synthetic_generator
evt_00120,delivery_issue:02,cust_0296,phone,teh replacement charger was meant to arrive on Tuesday and it is still not here. I have had to chase this repeatedly.,ord_71227,standard,2026-04-16T04:32:00+00:00,2026-04-17T16:32:00+00:00,delivery_issue,negative,normal,offer_credit,apply_credit,synthetic_generator
evt_00121,complaint:07,cust_0877,email,"Hello, I have been passed between four agents about the annual subscription. At this point I have run out of patience. Appreciate it.",ord_38433,enterprise,2026-04-21T17:44:00+00:00,2026-04-23T06:44:00+00:00,complaint,negative,normal,escalate,create_ticket,synthetic_generator
evt_00122,refund_request:12,cust_0014,chat,"Hello, I want to send the wireless keyboard back for a credit to my account. I have had to chase this repeatedly. Regards.",ord_59739,enterprise,2026-05-04T02:30:00+00:00,2026-05-06T23:30:00+00:00,refund_request,negative,normal,refund_review,refund_review,synthetic_generator
evt_00123,delivery_issue:06,cust_0386,social,Quick question - the the standing desk order missed its promised window. Thanks.,ord_90947,standard,2026-04-24T19:22:00+00:00,2026-04-27T01:22:00+00:00,delivery_issue,neutral,normal,offer_credit,apply_credit,synthetic_generator
evt_00124,tracking_request:03,cust_0843,email,"Hi, any news on when order 88214 will get here. Please let me know.",ord_43870,standard,2026-04-30T17:10:00+00:00,2026-05-02T09:10:00+00:00,tracking_request,neutral,normal,send_tracking_update,send_tracking_update,synthetic_generator
evt_00125,general_question:02,cust_0622,chat,Hey - This is disappointing - can I change the delivery address for the annual subscription. Appreciate it.,ord_23938,enterprise,2026-04-23T20:04:00+00:00,2026-04-23T21:04:00+00:00,general_question,negative,high,escalate,create_ticket,synthetic_generator
evt_00126,ambiguous:03,cust_0679,chat,still waiting on the replacement charger and still nobody has explained why. I have had to chase this repeatedly. Appreciate it.,ord_80992,free,2026-04-22T17:30:00+00:00,2026-04-23T02:30:00+00:00,complaint,negative,normal,escalate,create_ticket,synthetic_generator
evt_00127,complaint:00,cust_0209,phone,"Hi, This is disappointing - this is the third time I have written about the standing desk and nobody replies.",ord_77086,enterprise,2026-04-11T19:04:00+00:00,2026-04-13T21:04:00+00:00,complaint,negative,normal,escalate,create_ticket,synthetic_generator
evt_00128,ambiguous:00,cust_0860,social,"Hello, the blue headphones has not arrived and I am starting to want my money back. Thanks. Please let me know.",ord_51356,free,2026-04-26T14:42:00+00:00,2026-04-28T17:42:00+00:00,delivery_issue,neutral,normal,offer_credit,apply_credit,synthetic_generator
evt_00129,tracking_request:04,cust_0607,phone,"please share the shipment progress for the wireless keyboard, whenever you get a chance. Thanks.",ord_60549,enterprise,2026-04-06T12:56:00+00:00,2026-04-06T13:56:00+00:00,tracking_request,neutral,high,send_tracking_update,send_tracking_update,synthetic_generator
evt_00130,delivery_issue:12,cust_0554,chat,"Hi, This is disappointing - teh estimated date for the annual subscription has passed with no update. Appreciate it.",ord_15800,enterprise,2026-04-08T22:35:00+00:00,2026-04-11T19:35:00+00:00,delivery_issue,negative,normal,offer_credit,apply_credit,synthetic_generator
evt_00131,refund_request:02,cust_0266,phone,Quick question - can you send this the kitchen scale back and return the payment.,ord_15310,free,2026-05-04T14:57:00+00:00,2026-05-07T08:57:00+00:00,refund_request,neutral,normal,refund_review,refund_review,synthetic_generator
evt_00132,ambiguous:06,cust_0144,phone,"Hello, Hello, I have given up waiting for the standing desk, just close it out for me. Thanks. Regards.",ord_54750,free,2026-05-02T11:46:00+00:00,2026-05-03T06:46:00+00:00,refund_request,neutral,normal,refund_review,refund_review,synthetic_generator
evt_00133,refund_request:02,cust_0202,chat,"Hi, can you send this the blue headphones back and return the payment. At this point I have run out of patience. Appreciate it.",ord_93040,standard,2026-04-21T11:30:00+00:00,2026-04-24T00:30:00+00:00,refund_request,negative,normal,refund_review,refund_review,synthetic_generator
evt_00134,delivery_issue:01,cust_0604,email,"Hey - the parcel with the blue headphones is running behind schedule, whenever you get a chance. Appreciate it.",ord_52800,standard,2026-04-19T11:08:00+00:00,2026-04-21T20:08:00+00:00,delivery_issue,neutral,normal,offer_credit,apply_credit,synthetic_generator
evt_00135,ambiguous:07,cust_0608,phone,"Hi, the courier says delivered but the standing desk is not here. Please advise.",ord_61811,standard,2026-05-01T16:12:00+00:00,2026-05-02T17:12:00+00:00,delivery_issue,neutral,normal,offer_credit,apply_credit,synthetic_generator
evt_00136,ambiguous:02,cust_0825,phone,"Honestly, no idea where the standing desk is, can someone actually look into this. I expected better than this. Appreciate it.",ord_58305,standard,2026-04-09T19:03:00+00:00,2026-04-12T01:03:00+00:00,tracking_request,negative,normal,send_tracking_update,send_tracking_update,synthetic_generator
evt_00137,tracking_request:13,cust_0776,social,"Hello, looking for an update on where the running shoes has got to. Please advise. Thanks.",ord_66354,free,2026-04-15T12:59:00+00:00,2026-04-15T18:59:00+00:00,tracking_request,neutral,normal,send_tracking_update,send_tracking_update,synthetic_generator
evt_00138,ambiguous:03,cust_0097,social,"Hey - Honestly, still waiting on order 88214 and still nobody has explained why. I expected better than this. Regards.",ord_83408,free,2026-04-28T06:41:00+00:00,2026-04-28T14:41:00+00:00,complaint,negative,normal,escalate,create_ticket,synthetic_generator
evt_00139,tracking_request:03,cust_0306,chat,"Hello, Thanks for the help earlier - any news on when order 88214 will get here.",ord_13641,free,2026-04-14T21:58:00+00:00,2026-04-16T20:58:00+00:00,tracking_request,positive,normal,send_tracking_update,send_tracking_update,synthetic_generator
evt_00140,ambiguous:00,cust_0563,chat,"Hi, my monthly plan has not arrived and I am starting to want my money back, whenever you get a chance. Regards.",ord_64134,free,2026-04-22T11:21:00+00:00,2026-04-24T14:21:00+00:00,delivery_issue,neutral,normal,offer_credit,apply_credit,synthetic_generator
evt_00141,complaint:04,cust_0217,email,"Hi, the handling of the annual subscription has been unacceptable. This has been a frustrating experience. Please let me know.",ord_64260,free,2026-04-25T16:05:00+00:00,2026-04-26T19:05:00+00:00,complaint,negative,normal,escalate,create_ticket,synthetic_generator
evt_00142,general_question:11,cust_0214,phone,"Hello, Hello, do I need an account to buy the wireless keyboard. Thanks. Regards.",ord_72041,free,2026-04-28T07:17:00+00:00,2026-04-29T13:17:00+00:00,general_question,neutral,normal,auto_resolve,knowledge_response,synthetic_generator
evt_00143,complaint:07,cust_0445,phone,"Hi, I have been passed between four agents about the kitchen scale. At this point I have run out of patience. Thanks.",ord_99413,standard,2026-04-23T17:12:00+00:00,2026-04-25T20:12:00+00:00,complaint,negative,normal,escalate,create_ticket,synthetic_generator
evt_00144,complaint:13,cust_0645,social,"I have lost confidence in how you handle things like the blue headphones, which is really not good enough.",ord_94518,enterprise,2026-04-24T05:33:00+00:00,2026-04-25T00:33:00+00:00,complaint,negative,normal,escalate,create_ticket,synthetic_generator
evt_00145,delivery_issue:09,cust_0256,email,"Hello, Hello, delivery of the wireless keyboard keeps getting rescheduled. Thanks. Thanks.",ord_68924,free,2026-04-15T17:52:00+00:00,2026-04-17T18:52:00+00:00,delivery_issue,neutral,normal,offer_credit,apply_credit,synthetic_generator
evt_00146,refund_request:00,cust_0774,phone,"Hi, I would like my money back for the annual subscription, whenever you get a chance. Regards.",ord_66442,standard,2026-04-25T20:20:00+00:00,2026-04-26T16:20:00+00:00,refund_request,neutral,normal,refund_review,refund_review,synthetic_generator
evt_00147,tracking_request:06,cust_0126,email,"Hey - Honestly, could you tell me which stage the standing desk is at. I expected better than this. Regards.",ord_28657,free,2026-04-29T08:20:00+00:00,2026-04-30T15:20:00+00:00,tracking_request,negative,normal,send_tracking_update,send_tracking_update,synthetic_generator
evt_00148,tracking_request:02,cust_0125,phone,"what is the current location of the parcel with the standing desk, whenever you get a chance.",ord_42434,enterprise,2026-04-09T04:51:00+00:00,2026-04-10T07:51:00+00:00,tracking_request,positive,normal,send_tracking_update,send_tracking_update,synthetic_generator
evt_00149,ambiguous:07,cust_0279,email,"Good morning, the courier says delivered but my monthly plan is not here. Please advise. Regards.",ord_94685,enterprise,2026-04-07T16:28:00+00:00,2026-04-09T11:28:00+00:00,delivery_issue,neutral,normal,offer_credit,apply_credit,synthetic_generator
evt_00150,ambiguous:02,cust_0024,social,"Hi, no idea where order 40917 is, can someone actually look into this. I have had to chase this repeatedly. Regards.",ord_25804,free,2026-05-02T14:25:00+00:00,2026-05-04T03:25:00+00:00,tracking_request,negative,normal,send_tracking_update,send_tracking_update,synthetic_generator
evt_00151,ambiguous:01,cust_0560,social,"Hey - if the replacement charger cannot get here this week I would rather be refunded. Your team has been great so far, thank you. Please let me know.",ord_33591,free,2026-05-01T05:22:00+00:00,2026-05-03T06:22:00+00:00,refund_request,positive,normal,refund_review,refund_review,synthetic_generator
evt_00152,complaint:11,cust_0394,email,the way the wireless keyboard was dealt with reflects badly on your company. This has been a frustrating experience. Thanks.,ord_57189,enterprise,2026-04-09T05:43:00+00:00,2026-04-11T04:43:00+00:00,complaint,negative,normal,escalate,create_ticket,synthetic_generator
evt_00153,complaint:09,cust_0224,chat,no one has taken ownership of the problem with the standing desk. Please let me know.,ord_74534,free,2026-04-18T03:57:00+00:00,2026-04-20T18:57:00+00:00,complaint,neutral,normal,escalate,create_ticket,synthetic_generator
evt_00154,tracking_request:06,cust_0797,chat,"could you tell me which stage order 40917 is at, and I am not happy about how long it has taken. Regards.",ord_43202,standard,2026-04-19T06:34:00+00:00,2026-04-20T06:34:00+00:00,tracking_request,negative,normal,send_tracking_update,send_tracking_update,synthetic_generator
evt_00155,refund_request:00,cust_0058,chat,"Good morning, Happy with teh service overall, just I would like my money back for teh replacement charger. Regards.",ord_66204,standard,2026-04-27T17:09:00+00:00,2026-04-30T04:09:00+00:00,refund_request,positive,normal,refund_review,refund_review,synthetic_generator
evt_00156,complaint:00,cust_0520,phone,"Good morning, this is the third time I have written about the kitchen scale and nobody replies, which is really not good enough. Regards.",ord_69481,free,2026-04-26T17:58:00+00:00,2026-04-27T01:58:00+00:00,complaint,negative,normal,escalate,create_ticket,synthetic_generator
evt_00157,delivery_issue:06,cust_0394,chat,"Hi, Honestly, the order 88214 order missed its promised window. I expected better than this. Thanks.",ord_86128,free,2026-04-13T22:34:00+00:00,2026-04-14T12:34:00+00:00,delivery_issue,negative,normal,offer_credit,apply_credit,synthetic_generator
evt_00158,complaint:06,cust_0380,social,"Good morning, Honestly, every person I speak to about my monthly plan tells me something different. I expected better than this. Thanks.",ord_64884,standard,2026-04-25T18:56:00+00:00,2026-04-27T03:56:00+00:00,complaint,negative,normal,escalate,create_ticket,synthetic_generator
evt_00159,general_question:05,cust_0774,email,"Hello, Hi there, what payment methods work for the replacement charger. Regards.",ord_90246,free,2026-04-06T16:50:00+00:00,2026-04-09T10:50:00+00:00,general_question,negative,normal,auto_resolve,knowledge_response,synthetic_generator
evt_00160,tracking_request:12,cust_0110,chat,Hey - can you confirm the expected date for the standing desk. Please let me know.,ord_52005,free,2026-04-24T09:05:00+00:00,2026-04-25T11:05:00+00:00,tracking_request,neutral,normal,send_tracking_update,send_tracking_update,synthetic_generator
evt_00161,complaint:13,cust_0387,chat,"Hi, I have lost confidence in how you handle things like the standing desk. Appreciate it.",ord_62026,standard,2026-04-26T00:26:00+00:00,2026-04-27T16:26:00+00:00,complaint,neutral,normal,escalate,create_ticket,synthetic_generator
evt_00162,tracking_request:08,cust_0647,social,"Hi there, when is the running shoes scheduled to arrive. Thanks.",ord_21756,free,2026-05-02T09:26:00+00:00,2026-05-03T04:26:00+00:00,tracking_request,neutral,normal,send_tracking_update,send_tracking_update,synthetic_generator
evt_00163,refund_request:06,cust_0075,email,"Good morning, This is disappointing - how do I get my funds returned for the wireless keyboard. Appreciate it.",ord_88425,free,2026-04-07T10:20:00+00:00,2026-04-07T13:20:00+00:00,refund_request,negative,normal,refund_review,refund_review,synthetic_generator
evt_00164,delivery_issue:10,cust_0533,phone,"Hello, Quick question - the tracking for the wireless keyboard has not moved in five days. Regards.",ord_85694,free,2026-04-24T03:53:00+00:00,2026-04-24T07:53:00+00:00,delivery_issue,neutral,normal,offer_credit,apply_credit,synthetic_generator
evt_00165,complaint:13,cust_0313,phone,"Hello, This is disappointing - I have lost confidence in how you handle things like the annual subscription. Appreciate it.",ord_39420,standard,2026-04-21T13:39:00+00:00,2026-04-24T10:39:00+00:00,complaint,negative,normal,escalate,create_ticket,synthetic_generator
evt_00166,refund_request:00,cust_0692,chat,"Hey - I would like my money back for the replacement charger, and I am not happy about how long it has taken. Appreciate it.",ord_94010,standard,2026-04-14T07:58:00+00:00,2026-04-15T06:58:00+00:00,refund_request,negative,normal,refund_review,refund_review,synthetic_generator
evt_00167,tracking_request:07,cust_0681,email,"Good morning, is there a reference number I can use to watch the wireless keyboard, and I am not happy about how long it has taken. Regards.",ord_69369,free,2026-05-05T19:58:00+00:00,2026-05-06T07:58:00+00:00,tracking_request,negative,normal,send_tracking_update,send_tracking_update,synthetic_generator
evt_00168,complaint:10,cust_0831,chat,"Hello, Honestly, I have received three contradictory answers about order 88214. I expected better than this.",ord_18365,free,2026-04-08T10:01:00+00:00,2026-04-08T20:01:00+00:00,complaint,negative,normal,escalate,create_ticket,synthetic_generator
evt_00169,refund_request:08,cust_0543,email,This is disappointing - please cancel the kitchen scale and put the amount back on my card. Appreciate it.,ord_32221,free,2026-04-23T03:12:00+00:00,2026-04-25T01:12:00+00:00,refund_request,negative,normal,refund_review,refund_review,synthetic_generator
evt_00170,complaint:03,cust_0091,social,Hey - nobody in your team seems to take the blue headphones seriously. I have had to chase this repeatedly. Appreciate it.,ord_21284,free,2026-05-04T12:56:00+00:00,2026-05-06T16:56:00+00:00,complaint,negative,normal,escalate,create_ticket,synthetic_generator
evt_00171,tracking_request:09,cust_0264,phone,"Good morning, Happy with the service overall, just what does the courier say about the annual subscription at the moment.",ord_27556,standard,2026-04-29T00:13:00+00:00,2026-05-01T15:13:00+00:00,tracking_request,positive,normal,send_tracking_update,send_tracking_update,synthetic_generator
evt_00172,delivery_issue:07,cust_0366,email,"Good morning, the driver could not find my address for my monthly plan, which is really not good enough.",ord_46195,standard,2026-04-07T05:24:00+00:00,2026-04-08T21:24:00+00:00,delivery_issue,negative,normal,offer_credit,apply_credit,synthetic_generator
evt_00173,complaint:13,cust_0151,email,"Hi, I have lost confidence in how you handle things like the annual subscription, and I am not happy about how long it has taken. Please let me know.",ord_63930,standard,2026-04-17T18:05:00+00:00,2026-04-20T05:05:00+00:00,complaint,negative,normal,escalate,create_ticket,synthetic_generator
evt_00174,delivery_issue:05,cust_0330,social,"Hello, it has been two weeks and the wireless keyboard has not reached me. This has been a frustrating experience. Appreciate it.",ord_89204,free,2026-04-07T09:30:00+00:00,2026-04-08T19:30:00+00:00,delivery_issue,negative,normal,offer_credit,apply_credit,synthetic_generator
evt_00175,general_question:12,cust_0424,social,Quick question - are spare parts available for the annual subscription.,ord_52567,standard,2026-04-10T21:54:00+00:00,2026-04-11T15:54:00+00:00,general_question,neutral,normal,auto_resolve,knowledge_response,synthetic_generator
evt_00176,tracking_request:11,cust_0053,phone,how far along is the delivery of the blue headphones. Really appreciate the quick responses previously. Thanks.,ord_56973,standard,2026-04-11T15:44:00+00:00,2026-04-13T17:44:00+00:00,tracking_request,positive,normal,send_tracking_update,send_tracking_update,synthetic_generator
evt_00177,delivery_issue:00,cust_0214,social,"Hello, my order 88214 still has not turned up. Really appreciate the quick responses previously.",ord_24358,free,2026-04-17T17:40:00+00:00,2026-04-20T17:40:00+00:00,delivery_issue,positive,normal,offer_credit,apply_credit,synthetic_generator
evt_00178,general_question:12,cust_0790,phone,are spare parts available for the kitchen scale. Thanks.,ord_35862,standard,2026-04-13T09:27:00+00:00,2026-04-15T14:27:00+00:00,general_question,neutral,normal,auto_resolve,knowledge_response,synthetic_generator
evt_00179,delivery_issue:05,cust_0528,phone,"Hi there, it has been two weeks and the replacement charger has not reached me.",ord_47630,enterprise,2026-04-08T11:58:00+00:00,2026-04-09T16:58:00+00:00,delivery_issue,neutral,normal,offer_credit,apply_credit,synthetic_generator
evt_00180,delivery_issue:02,cust_0536,phone,"Hi, the blue headphones was meant to arrive on Tuesday and it is still not here. Please advise. Thanks.",ord_21110,standard,2026-04-14T05:54:00+00:00,2026-04-16T04:54:00+00:00,delivery_issue,neutral,normal,offer_credit,apply_credit,synthetic_generator
evt_00181,general_question:03,cust_0426,phone,"Good morning, is order 40917 covered by your returns window. Thanks.",ord_72894,enterprise,2026-04-15T10:03:00+00:00,2026-04-17T01:03:00+00:00,general_question,neutral,normal,auto_resolve,knowledge_response,synthetic_generator
evt_00182,ambiguous:02,cust_0028,social,"no idea where order 88214 is, can someone actually look into this, which is really not good enough. Appreciate it.",ord_14539,free,2026-04-12T09:28:00+00:00,2026-04-13T17:28:00+00:00,tracking_request,negative,normal,send_tracking_update,send_tracking_update,synthetic_generator
evt_00183,ambiguous:07,cust_0384,chat,"Hi, the courier says delivered but the wireless keyboard is not here. At this point I have run out of patience. Thanks.",ord_98460,free,2026-04-24T22:03:00+00:00,2026-04-27T22:03:00+00:00,delivery_issue,negative,normal,offer_credit,apply_credit,synthetic_generator
evt_00184,general_question:11,cust_0880,phone,"Hey - do I need an account to buy the kitchen scale, whenever you get a chance. Appreciate it.",ord_20969,free,2026-04-23T12:36:00+00:00,2026-04-24T10:36:00+00:00,general_question,neutral,normal,auto_resolve,knowledge_response,synthetic_generator
evt_00185,tracking_request:01,cust_0568,social,"Good morning, can I get a status update on the annual subscription, which is really not good enough. Please let me know.",ord_17905,enterprise,2026-04-17T19:19:00+00:00,2026-04-19T00:19:00+00:00,tracking_request,negative,normal,send_tracking_update,send_tracking_update,synthetic_generator
evt_00186,general_question:01,cust_0696,social,"Hello, does the running shoes come in other sizes. Thanks.",ord_28073,standard,2026-04-08T11:01:00+00:00,2026-04-10T12:01:00+00:00,general_question,neutral,normal,auto_resolve,knowledge_response,synthetic_generator
evt_00187,delivery_issue:07,cust_0638,chat,"Hello, the driver could not find my address for the running shoes, which is really not good enough. Please let me know.",ord_48490,free,2026-04-24T00:04:00+00:00,2026-04-25T00:04:00+00:00,delivery_issue,negative,normal,offer_credit,apply_credit,synthetic_generator
evt_00188,delivery_issue:11,cust_0831,email,"Hi there, nobody has been able to deliver the wireless keyboard yet. Appreciate it.",ord_98296,free,2026-04-27T08:16:00+00:00,2026-04-29T03:16:00+00:00,delivery_issue,neutral,normal,offer_credit,apply_credit,synthetic_generator
evt_00189,general_question:04,cust_0584,email,how do I add the replacement charger to an existing order. Please advise. Appreciate it.,ord_49275,free,2026-04-08T21:41:00+00:00,2026-04-10T00:41:00+00:00,general_question,neutral,normal,auto_resolve,knowledge_response,synthetic_generator
evt_00190,delivery_issue:04,cust_0434,email,"Hi, shipment containing the standing desk seems stuck at the depot. pls advise. Appreciate it.",ord_25518,enterprise,2026-04-15T13:20:00+00:00,2026-04-16T08:20:00+00:00,delivery_issue,neutral,normal,offer_credit,apply_credit,synthetic_generator
evt_00191,delivery_issue:06,cust_0531,email,the the standing desk order missed its promised window. Thanks.,ord_79773,enterprise,2026-05-02T15:51:00+00:00,2026-05-04T17:51:00+00:00,delivery_issue,neutral,normal,offer_credit,apply_credit,synthetic_generator
evt_00192,general_question:12,cust_0183,social,"Hi, Quick question - are spare parts available for teh running shoes.",ord_75479,enterprise,2026-04-17T11:40:00+00:00,2026-04-18T22:40:00+00:00,general_question,neutral,normal,auto_resolve,knowledge_response,synthetic_generator
evt_00193,refund_request:03,cust_0642,social,"Hello, I no longer want order 88214 and expect the amount returned.",ord_17216,standard,2026-04-20T07:59:00+00:00,2026-04-20T22:59:00+00:00,refund_request,neutral,normal,refund_review,refund_review,synthetic_generator
evt_00194,tracking_request:11,cust_0493,chat,Hey - how far along is the delivery of order 40917. This has been a frustrating experience. Appreciate it.,ord_82909,standard,2026-04-20T22:06:00+00:00,2026-04-20T23:06:00+00:00,tracking_request,positive,high,send_tracking_update,send_tracking_update,synthetic_generator
evt_00195,refund_request:11,cust_0133,social,"is it possible to undo the purchase of the replacement charger, whenever you get a chance. Thanks.",ord_93173,free,2026-05-03T01:34:00+00:00,2026-05-06T00:34:00+00:00,refund_request,neutral,normal,refund_review,refund_review,synthetic_generator
evt_00196,delivery_issue:11,cust_0291,email,"Hello, Hi there, nobody has been able to deliver the blue headphones yet. Thanks.",ord_22863,enterprise,2026-05-01T00:10:00+00:00,2026-05-03T15:10:00+00:00,delivery_issue,neutral,normal,offer_credit,apply_credit,synthetic_generator
evt_00197,tracking_request:03,cust_0893,social,any news on when the annual subscription will get here. Appreciate it.,ord_47565,free,2026-04-19T00:38:00+00:00,2026-04-21T17:38:00+00:00,tracking_request,neutral,normal,send_tracking_update,send_tracking_update,synthetic_generator
evt_00198,refund_request:01,cust_0337,email,please reverse the charge on order 40917. Please advise. Thanks.,ord_51263,free,2026-04-13T12:57:00+00:00,2026-04-15T03:57:00+00:00,refund_request,neutral,normal,refund_review,refund_review,synthetic_generator
evt_00199,complaint:11,cust_0036,social,Hey - This is disappointing - teh way the annual subscription was dealt with reflects badly on your company. Appreciate it.,ord_10603,standard,2026-04-13T17:50:00+00:00,2026-04-13T21:50:00+00:00,complaint,negative,normal,escalate,create_ticket,synthetic_generator
evt_00200,complaint:04,cust_0555,chat,the handling of the blue headphones has been unacceptable. I have had to chase this repeatedly.,ord_74703,free,2026-04-23T18:50:00+00:00,2026-04-24T08:50:00+00:00,complaint,negative,normal,escalate,create_ticket,synthetic_generator
evt_00201,delivery_issue:04,cust_0036,phone,"Hi, Hello, shipment containing order 40917 seems stuck at the depot. Thanks. Appreciate it.",ord_37417,free,2026-04-15T05:43:00+00:00,2026-04-15T13:43:00+00:00,delivery_issue,neutral,normal,offer_credit,apply_credit,synthetic_generator
evt_00202,general_question:07,cust_0762,email,"Hello, is there a student discount available on the annual subscription, whenever you get a chance.",ord_57573,free,2026-04-14T20:04:00+00:00,2026-04-15T15:04:00+00:00,general_question,neutral,normal,auto_resolve,knowledge_response,synthetic_generator
evt_00203,tracking_request:06,cust_0814,phone,"could you tell me which stage my monthly plan is at. Your team has been great so far, thank you. Regards.",ord_41996,standard,2026-04-30T22:36:00+00:00,2026-05-02T05:36:00+00:00,tracking_request,positive,normal,send_tracking_update,send_tracking_update,synthetic_generator
evt_00204,general_question:06,cust_0331,social,"Hi, Honestly, do you ship order 88214 internationally. I expected better than this. Appreciate it.",ord_33784,free,2026-04-10T17:59:00+00:00,2026-04-12T21:59:00+00:00,general_question,positive,normal,auto_resolve,knowledge_response,synthetic_generator
evt_00205,refund_request:06,cust_0277,social,Quick question - how do I get my funds returned for the replacement charger.,ord_37384,enterprise,2026-05-02T07:27:00+00:00,2026-05-05T03:27:00+00:00,refund_request,neutral,normal,refund_review,refund_review,synthetic_generator
evt_00206,complaint:03,cust_0224,phone,"nobody in your team seems to take the annual subscription seriously, and I am not happy about how long it has taken. Regards.",ord_24765,free,2026-04-17T13:35:00+00:00,2026-04-18T14:35:00+00:00,complaint,negative,normal,escalate,create_ticket,synthetic_generator
evt_00207,general_question:02,cust_0563,social,"Hey - can I change the delivery address for my monthly plan, which is really not good enough. Thanks.",ord_28328,standard,2026-04-30T08:38:00+00:00,2026-05-02T23:38:00+00:00,general_question,negative,normal,auto_resolve,knowledge_response,synthetic_generator
evt_00208,complaint:10,cust_0686,social,"Hey - Hi there, I have received three contradictory answers about order 40917. Please let me know.",ord_82556,standard,2026-04-30T16:42:00+00:00,2026-05-03T08:42:00+00:00,complaint,neutral,normal,escalate,create_ticket,synthetic_generator
evt_00209,general_question:08,cust_0014,email,"Hello, how long does the running shoes usually take to arrive. Please advise. Please let me know.",ord_39036,standard,2026-04-11T11:51:00+00:00,2026-04-13T17:51:00+00:00,general_question,neutral,normal,auto_resolve,knowledge_response,synthetic_generator
evt_00210,tracking_request:13,cust_0884,phone,"Good morning, looking for an update on where the replacement charger has got to. Appreciate it.",ord_58574,standard,2026-04-17T15:55:00+00:00,2026-04-19T22:55:00+00:00,tracking_request,neutral,normal,send_tracking_update,send_tracking_update,synthetic_generator
evt_00211,tracking_request:01,cust_0737,social,Hey - can I get a status update on order 88214. Really appreciate the quick responses previously. Regards.,ord_51881,standard,2026-04-27T15:20:00+00:00,2026-04-27T18:20:00+00:00,tracking_request,positive,normal,send_tracking_update,send_tracking_update,synthetic_generator
evt_00212,general_question:08,cust_0622,email,"Good morning, Hi there, how long does the kitchen scale usually take to arrive. Regards.",ord_21620,free,2026-04-27T09:09:00+00:00,2026-04-28T03:09:00+00:00,general_question,neutral,normal,auto_resolve,knowledge_response,synthetic_generator
evt_00213,delivery_issue:13,cust_0846,email,Hey - my order containing the running shoes appears to be lost in transit. Please let me know.,ord_42322,enterprise,2026-04-25T18:23:00+00:00,2026-04-27T20:23:00+00:00,delivery_issue,neutral,normal,offer_credit,apply_credit,synthetic_generator
evt_00214,ambiguous:06,cust_0144,chat,"Good morning, Hello, I have given up waiting for the wireless keyboard, just close it out for me. Thanks. Please let me know.",ord_73685,free,2026-05-01T07:36:00+00:00,2026-05-04T05:36:00+00:00,refund_request,neutral,normal,refund_review,refund_review,synthetic_generator
evt_00215,delivery_issue:00,cust_0642,chat,Quick question - my the wireless keyboard still has not turned up. Please let me know.,ord_88266,standard,2026-05-06T03:31:00+00:00,2026-05-08T19:31:00+00:00,delivery_issue,neutral,normal,offer_credit,apply_credit,synthetic_generator
evt_00216,complaint:13,cust_0439,chat,"Hello, I have lost confidence in how you handle things like my monthly plan, whenever you get a chance. Please let me know.",ord_63973,enterprise,2026-04-08T15:42:00+00:00,2026-04-10T23:42:00+00:00,complaint,neutral,normal,escalate,create_ticket,synthetic_generator
evt_00217,refund_request:09,cust_0896,chat,"Hey - I am returning the blue headphones, what happens with the payment. Thanks.",ord_28300,enterprise,2026-04-17T00:32:00+00:00,2026-04-19T20:32:00+00:00,refund_request,neutral,normal,refund_review,refund_review,synthetic_generator
evt_00218,tracking_request:05,cust_0896,phone,"Hello, I want to follow the journey of my the kitchen scale. This has been a frustrating experience. Regards.",ord_47733,free,2026-05-03T08:40:00+00:00,2026-05-05T10:40:00+00:00,tracking_request,negative,normal,send_tracking_update,send_tracking_update,synthetic_generator
evt_00219,delivery_issue:01,cust_0713,social,"Good morning, the parcel with order 40917 is running behind schedule. This has been a frustrating experience. Please let me know.",ord_42196,free,2026-04-23T20:53:00+00:00,2026-04-24T09:53:00+00:00,delivery_issue,negative,normal,offer_credit,apply_credit,synthetic_generator
evt_00220,ambiguous:04,cust_0733,email,what are my options if the wireless keyboard never shows up. Please advise. Please let me know.,ord_55059,free,2026-04-23T01:10:00+00:00,2026-04-25T17:10:00+00:00,general_question,neutral,normal,auto_resolve,knowledge_response,synthetic_generator
evt_00221,tracking_request:09,cust_0034,email,"Hello, what does the courier say about the annual subscription at the moment. No rush at all, you have been helpful. Thanks.",ord_24996,free,2026-05-05T01:52:00+00:00,2026-05-06T12:52:00+00:00,tracking_request,positive,normal,send_tracking_update,send_tracking_update,synthetic_generator
evt_00222,ambiguous:06,cust_0687,social,"Hey - Hi there, I have given up waiting for the replacement charger, just close it out for me. Thanks.",ord_87006,standard,2026-04-13T16:12:00+00:00,2026-04-15T07:12:00+00:00,refund_request,neutral,normal,refund_review,refund_review,synthetic_generator
evt_00223,general_question:13,cust_0477,social,Hey - Quick question - what happens to my subscription if I pause order 40917. Thanks.,ord_48284,standard,2026-04-18T07:45:00+00:00,2026-04-18T09:45:00+00:00,general_question,neutral,high,auto_resolve,knowledge_response,synthetic_generator
evt_00224,refund_request:06,cust_0039,email,"Hi, how do I get my funds returned for the running shoes. Please advise. Please let me know.",ord_73724,free,2026-04-18T11:36:00+00:00,2026-04-18T18:36:00+00:00,refund_request,positive,normal,refund_review,refund_review,synthetic_generator
evt_00225,general_question:01,cust_0761,chat,"Hello, does my monthly plan come in other sizes. Please advise.",ord_95042,free,2026-05-03T11:37:00+00:00,2026-05-04T04:37:00+00:00,general_question,neutral,normal,auto_resolve,knowledge_response,synthetic_generator
evt_00226,tracking_request:10,cust_0003,chat,"Hi there, just checking in on the progress of order 88214. Thanks.",ord_83776,standard,2026-04-12T07:10:00+00:00,2026-04-15T07:10:00+00:00,tracking_request,neutral,normal,send_tracking_update,send_tracking_update,synthetic_generator
evt_00227,tracking_request:11,cust_0603,phone,Hey - how far along is the delivery of order 88214. This has been a frustrating experience. Regards.,ord_52695,standard,2026-04-29T16:55:00+00:00,2026-04-29T17:55:00+00:00,tracking_request,negative,high,escalate,create_ticket,synthetic_generator
evt_00228,ambiguous:01,cust_0760,phone,"Happy with the service overall, just if the running shoes cannot get here this week I would rather be refunded. Appreciate it.",ord_11245,free,2026-04-17T03:41:00+00:00,2026-04-17T12:41:00+00:00,refund_request,positive,normal,refund_review,refund_review,synthetic_generator
evt_00229,general_question:01,cust_0804,chat,Quick question - does the blue headphones come in other sizes. Regards.,ord_19539,free,2026-04-10T00:45:00+00:00,2026-04-10T10:45:00+00:00,general_question,neutral,normal,auto_resolve,knowledge_response,synthetic_generator
evt_00230,tracking_request:01,cust_0480,phone,"Good morning, can I get a status update on the blue headphones, and I am not happy about how long it has taken. Thanks.",ord_48748,free,2026-04-15T07:51:00+00:00,2026-04-17T00:51:00+00:00,tracking_request,negative,normal,send_tracking_update,send_tracking_update,synthetic_generator
evt_00231,delivery_issue:09,cust_0541,email,"Hi, delivery of the kitchen scale keeps getting rescheduled. At this point I have run out of patience.",ord_49954,enterprise,2026-04-19T01:05:00+00:00,2026-04-20T09:05:00+00:00,delivery_issue,negative,normal,offer_credit,apply_credit,synthetic_generator
evt_00232,refund_request:07,cust_0517,chat,"Hello, the delivery of my monthly plan was fine but I changed my mind and want a refund. This has been a frustrating experience.",ord_86033,enterprise,2026-04-27T10:52:00+00:00,2026-04-28T17:52:00+00:00,refund_request,negative,normal,refund_review,refund_review,synthetic_generator
evt_00233,tracking_request:08,cust_0502,phone,"Hey - when is the standing desk scheduled to arrive, and I am not happy about how long it has taken. Thanks.",ord_27475,free,2026-04-23T17:00:00+00:00,2026-04-23T21:00:00+00:00,tracking_request,negative,normal,send_tracking_update,send_tracking_update,synthetic_generator
evt_00234,complaint:08,cust_0640,chat,"Hi, your process for the running shoes has cost me an entire afternoon, which is really not good enough. Appreciate it.",ord_89359,standard,2026-05-06T05:59:00+00:00,2026-05-08T01:59:00+00:00,complaint,negative,normal,escalate,create_ticket,synthetic_generator
evt_00235,tracking_request:00,cust_0067,chat,"Hi, where is my order 88214 right now. Your team has been great so far, thank you. Please let me know.",ord_27163,free,2026-04-26T21:34:00+00:00,2026-04-27T11:34:00+00:00,tracking_request,positive,normal,send_tracking_update,send_tracking_update,synthetic_generator
evt_00236,general_question:07,cust_0317,phone,"Hello, is there a student discount available on my monthly plan, whenever you get a chance. Appreciate it.",ord_11719,standard,2026-04-25T23:25:00+00:00,2026-04-26T16:25:00+00:00,general_question,neutral,normal,auto_resolve,knowledge_response,synthetic_generator
evt_00237,tracking_request:04,cust_0210,email,"Hi, Quick question - please share the shipment progress for the replacement charger. Thanks.",ord_64587,free,2026-04-29T16:40:00+00:00,2026-04-30T07:40:00+00:00,tracking_request,neutral,normal,send_tracking_update,send_tracking_update,synthetic_generator
evt_00238,general_question:02,cust_0663,phone,"Good morning, Hi there, can I change the delivery address for the standing desk.",ord_53448,free,2026-04-09T02:24:00+00:00,2026-04-11T15:24:00+00:00,general_question,neutral,normal,auto_resolve,knowledge_response,synthetic_generator
evt_00239,delivery_issue:05,cust_0665,social,"Hey - it has been two weeks and the replacement charger has not reached me, whenever you get a chance.",ord_95873,standard,2026-04-28T16:45:00+00:00,2026-04-28T18:45:00+00:00,delivery_issue,neutral,high,offer_credit,apply_credit,synthetic_generator
evt_00240,general_question:13,cust_0378,social,Quick question - what happens to my subscription if I pause the wireless keyboard.,ord_46331,standard,2026-04-17T19:58:00+00:00,2026-04-18T15:58:00+00:00,general_question,neutral,normal,auto_resolve,knowledge_response,synthetic_generator
evt_00241,delivery_issue:02,cust_0292,social,Hey - oder 40917 was meant to arrive on Tuesday and it is still not here. This has been a frustrating experience.,ord_59265,standard,2026-05-03T20:18:00+00:00,2026-05-05T21:18:00+00:00,delivery_issue,negative,normal,offer_credit,apply_credit,synthetic_generator
evt_00242,refund_request:11,cust_0442,phone,"Hi, is it possible to undo the purchase of order 88214, and I am not happy about how long it has taken. Appreciate it.",ord_59268,standard,2026-04-27T05:54:00+00:00,2026-04-29T21:54:00+00:00,refund_request,negative,normal,refund_review,refund_review,synthetic_generator
evt_00243,refund_request:01,cust_0202,social,"Hey - Hello, please reverse the charge on order 40917. Thanks.",ord_43964,standard,2026-05-02T18:50:00+00:00,2026-05-05T09:50:00+00:00,refund_request,neutral,normal,refund_review,refund_review,synthetic_generator
evt_00244,refund_request:12,cust_0454,chat,"Hello, Quick question - I want to send the wireless keyboard back for a credit to my account. Appreciate it.",ord_39968,free,2026-05-04T13:01:00+00:00,2026-05-05T00:01:00+00:00,refund_request,neutral,normal,refund_review,refund_review,synthetic_generator
evt_00245,complaint:09,cust_0820,phone,"Hey - no one has taken ownership of the problem with the kitchen scale, which is really not good enough. Thanks.",ord_86368,enterprise,2026-04-27T14:36:00+00:00,2026-04-29T10:36:00+00:00,complaint,negative,normal,escalate,create_ticket,synthetic_generator
evt_00246,refund_request:06,cust_0463,social,"Hello, how do I get my funds returned for the running shoes. Please advise. Please let me know.",ord_70220,free,2026-04-26T02:35:00+00:00,2026-04-29T00:35:00+00:00,refund_request,neutral,normal,refund_review,refund_review,synthetic_generator
evt_00247,complaint:12,cust_0485,chat,"Hi, I keep being promised callbacks about the standing desk that never happen. At this point I have run out of patience. Appreciate it.",ord_56434,standard,2026-04-26T10:42:00+00:00,2026-04-28T13:42:00+00:00,complaint,negative,normal,escalate,create_ticket,synthetic_generator
evt_00248,general_question:04,cust_0590,phone,"Good morning, Hello, how do I add the standing desk to an existing order. Thanks. Regards.",ord_90101,free,2026-04-07T12:23:00+00:00,2026-04-09T22:23:00+00:00,general_question,neutral,normal,auto_resolve,knowledge_response,synthetic_generator
evt_00249,delivery_issue:08,cust_0873,email,"Good morning, the standing desk was returned to sender without anyone contacting me. At this point I have run out of patience. Please let me know.",ord_62719,free,2026-04-09T14:53:00+00:00,2026-04-10T04:53:00+00:00,delivery_issue,negative,normal,offer_credit,apply_credit,synthetic_generator
evt_00250,complaint:10,cust_0644,chat,"Good morning, This is disappointing - I have received three contradictory answers about the blue headphones. Thanks.",ord_10493,free,2026-05-03T08:57:00+00:00,2026-05-05T18:57:00+00:00,complaint,negative,normal,escalate,create_ticket,synthetic_generator
evt_00251,general_question:01,cust_0192,email,"Hello, does the annual subscription come in other sizes. Thanks. Appreciate it.",ord_33840,free,2026-04-24T03:39:00+00:00,2026-04-24T20:39:00+00:00,general_question,neutral,normal,auto_resolve,knowledge_response,synthetic_generator
evt_00252,complaint:01,cust_0684,social,"Hey - the service around the wireless keyboard has been genuinely poor, and I am not happy about how long it has taken.",ord_56573,free,2026-04-21T14:18:00+00:00,2026-04-24T14:18:00+00:00,complaint,negative,normal,escalate,create_ticket,synthetic_generator
evt_00253,ambiguous:00,cust_0078,social,"Good morning, Hi there, the wireless keyboard has not arrived and I am starting to want my money back.",ord_46617,free,2026-04-28T01:41:00+00:00,2026-04-29T09:41:00+00:00,delivery_issue,neutral,normal,offer_credit,apply_credit,synthetic_generator
evt_00254,general_question:05,cust_0660,social,"Hi, what payment methods work for my monthly plan. Please advise. Appreciate it.",ord_55395,enterprise,2026-04-30T04:11:00+00:00,2026-05-01T09:11:00+00:00,general_question,neutral,normal,auto_resolve,knowledge_response,synthetic_generator
evt_00255,complaint:06,cust_0180,phone,"Hello, Honestly, every person I speak to about my monthly plan tells me something different. I expected better than this. Please let me know.",ord_81365,free,2026-04-08T06:38:00+00:00,2026-04-08T09:38:00+00:00,complaint,negative,normal,escalate,create_ticket,synthetic_generator
evt_00256,refund_request:08,cust_0642,social,Hey - please cancel my monthly plan and put the amount back on my card.,ord_57356,standard,2026-04-21T18:03:00+00:00,2026-04-22T00:03:00+00:00,refund_request,neutral,normal,refund_review,refund_review,synthetic_generator
evt_00257,refund_request:02,cust_0852,social,"Hi, can you send this the running shoes back and return the payment. This has been a frustrating experience.",ord_59829,standard,2026-04-26T04:05:00+00:00,2026-04-27T08:05:00+00:00,refund_request,negative,normal,refund_review,refund_review,synthetic_generator
evt_00258,complaint:12,cust_0416,chat,"Hello, This is disappointing - I keep being promised callbacks about my monthly plan that never happen. Regards.",ord_57898,free,2026-04-09T11:55:00+00:00,2026-04-09T23:55:00+00:00,complaint,negative,normal,escalate,create_ticket,synthetic_generator
evt_00259,tracking_request:07,cust_0826,email,"Good morning, is there a reference number I can use to watch order 88214. pls let me know.",ord_67803,enterprise,2026-05-02T13:32:00+00:00,2026-05-05T05:32:00+00:00,tracking_request,neutral,normal,send_tracking_update,send_tracking_update,synthetic_generator
evt_00260,refund_request:12,cust_0205,chat,"Hey - I want to send the kitchen scale back for a credit to my account, whenever you get a chance. Regards.",ord_48990,free,2026-04-13T10:42:00+00:00,2026-04-14T23:42:00+00:00,refund_request,neutral,normal,refund_review,refund_review,synthetic_generator
evt_00261,tracking_request:00,cust_0678,phone,"Hi, where is my the annual subscription right now, which is really not good enough.",ord_67214,standard,2026-04-19T16:20:00+00:00,2026-04-20T02:20:00+00:00,tracking_request,negative,normal,send_tracking_update,send_tracking_update,synthetic_generator
evt_00262,ambiguous:00,cust_0353,email,"the standing desk has not arrived and I am starting to want my money back, which is really not good enough. Please let me know.",ord_38604,enterprise,2026-04-11T00:26:00+00:00,2026-04-12T13:26:00+00:00,delivery_issue,negative,normal,offer_credit,apply_credit,synthetic_generator
evt_00263,tracking_request:10,cust_0648,email,"Hi, Honestly, just checking in on the progress of the annual subscription. I expected better than this. Thanks.",ord_99374,free,2026-04-09T18:11:00+00:00,2026-04-11T17:11:00+00:00,tracking_request,negative,normal,send_tracking_update,send_tracking_update,synthetic_generator
evt_00264,general_question:00,cust_0452,phone,Quick question - what is teh warranty period on teh standing desk.,ord_52803,enterprise,2026-04-18T04:31:00+00:00,2026-04-20T19:31:00+00:00,general_question,neutral,normal,auto_resolve,knowledge_response,synthetic_generator
evt_00265,delivery_issue:06,cust_0038,chat,Hey - the order 40917 order missed its promised window. Please advise. Thanks.,ord_32990,free,2026-05-06T01:09:00+00:00,2026-05-06T15:09:00+00:00,delivery_issue,neutral,normal,offer_credit,apply_credit,synthetic_generator
evt_00266,ambiguous:01,cust_0300,social,"Hello, Thanks for the help earlier - if the wireless keyboard cannot get here this week I would rather be refunded. Regards.",ord_33255,standard,2026-04-25T22:55:00+00:00,2026-04-25T23:55:00+00:00,refund_request,positive,high,refund_review,refund_review,synthetic_generator
evt_00267,general_question:11,cust_0603,phone,"Hi, do I need an account to buy the replacement charger. Please advise.",ord_50970,standard,2026-04-23T21:59:00+00:00,2026-04-24T04:59:00+00:00,general_question,negative,normal,auto_resolve,knowledge_response,synthetic_generator
evt_00268,complaint:08,cust_0399,email,"Good morning, Honestly, your process for the kitchen scale has cost me an entire afternoon. I expected better than this. Regards.",ord_20761,standard,2026-04-10T19:43:00+00:00,2026-04-12T15:43:00+00:00,complaint,negative,normal,escalate,create_ticket,synthetic_generator
evt_00269,tracking_request:07,cust_0189,phone,"Good morning, Hello, is there a reference number I can use to watch order 40917. Thanks.",ord_53049,free,2026-04-26T06:15:00+00:00,2026-04-26T08:15:00+00:00,tracking_request,neutral,high,send_tracking_update,send_tracking_update,synthetic_generator
evt_00270,complaint:07,cust_0498,phone,"Hey - Honestly, I have been passed between four agents about the replacement charger. I expected better than this.",ord_52689,standard,2026-05-04T19:01:00+00:00,2026-05-05T08:01:00+00:00,complaint,negative,normal,escalate,create_ticket,synthetic_generator
evt_00271,refund_request:07,cust_0587,chat,"Honestly, the delivery of the wireless keyboard was fine but I changed my mind and want a refund. I expected better than this. Thanks.",ord_80401,free,2026-04-19T08:32:00+00:00,2026-04-21T01:32:00+00:00,refund_request,negative,normal,refund_review,refund_review,synthetic_generator
evt_00272,tracking_request:11,cust_0593,chat,Hey - This is disappointing - how far along is the delivery of the blue headphones. Thanks.,ord_18568,standard,2026-05-03T05:53:00+00:00,2026-05-05T02:53:00+00:00,tracking_request,negative,normal,send_tracking_update,send_tracking_update,synthetic_generator
evt_00273,ambiguous:07,cust_0374,chat,"Hi, the courier says delivered but the standing desk is not here, whenever you get a chance. Appreciate it.",ord_89512,enterprise,2026-05-06T05:36:00+00:00,2026-05-06T10:36:00+00:00,delivery_issue,neutral,high,offer_credit,apply_credit,synthetic_generator
evt_00274,refund_request:07,cust_0435,chat,"Hi, teh delivry of order 40917 was fine but I changed my mind and want a refund. At this point I have run out of patience. Thanks.",ord_88420,free,2026-04-27T03:40:00+00:00,2026-04-29T11:40:00+00:00,refund_request,negative,normal,refund_review,refund_review,synthetic_generator
evt_00275,refund_request:10,cust_0439,phone,the parcel with order 88214 came late and I would rather have the money. Please advise. Please let me know.,ord_13406,standard,2026-04-25T04:51:00+00:00,2026-04-27T00:51:00+00:00,refund_request,neutral,normal,refund_review,refund_review,synthetic_generator
evt_00276,refund_request:10,cust_0144,email,"Good morning, Thanks for the help earlier - the parcel with the annual subscription came late and I would rather have the money. Please let me know.",ord_65549,standard,2026-04-07T16:56:00+00:00,2026-04-09T02:56:00+00:00,refund_request,positive,normal,refund_review,refund_review,synthetic_generator
evt_00277,tracking_request:04,cust_0771,social,"Hey - please share the shipment progress for teh blue headphones, whenever you get a chance. Appreciate it.",ord_64368,free,2026-04-10T17:21:00+00:00,2026-04-12T03:21:00+00:00,tracking_request,neutral,normal,send_tracking_update,send_tracking_update,synthetic_generator
evt_00278,delivery_issue:09,cust_0576,social,Hey - Thanks for the help earlier - delivery of my monthly plan keeps getting rescheduled. Thanks.,ord_77624,standard,2026-04-08T08:09:00+00:00,2026-04-08T20:09:00+00:00,delivery_issue,positive,normal,offer_credit,apply_credit,synthetic_generator
evt_00279,general_question:09,cust_0357,phone,can the running shoes be gift wrapped. I have had to chase this repeatedly. Thanks.,ord_54868,free,2026-05-05T02:29:00+00:00,2026-05-07T19:29:00+00:00,general_question,negative,normal,auto_resolve,knowledge_response,synthetic_generator
evt_00280,complaint:10,cust_0667,social,Hey - I have received three contradictory answers about the wireless keyboard. This has been a frustrating experience.,ord_25810,standard,2026-04-09T12:02:00+00:00,2026-04-09T19:02:00+00:00,complaint,negative,normal,escalate,create_ticket,synthetic_generator
evt_00281,delivery_issue:04,cust_0497,chat,"Good morning, Honestly, shipment containing the kitchen scale seems stuck at the depot. I expected better than this. Thanks.",ord_15371,standard,2026-05-04T13:34:00+00:00,2026-05-06T15:34:00+00:00,delivery_issue,negative,normal,offer_credit,apply_credit,synthetic_generator
evt_00282,tracking_request:12,cust_0017,email,"Hello, can you confirm the expected date for the kitchen scale.",ord_32039,standard,2026-04-30T21:55:00+00:00,2026-05-02T09:55:00+00:00,tracking_request,neutral,normal,send_tracking_update,send_tracking_update,synthetic_generator
evt_00283,refund_request:06,cust_0601,phone,"Hey - Hi there, how do I get my funds returned for order 88214.",ord_19593,free,2026-04-08T03:43:00+00:00,2026-04-11T03:43:00+00:00,refund_request,neutral,normal,refund_review,refund_review,synthetic_generator
evt_00284,refund_request:04,cust_0473,phone,"Good morning, Quick question - requesting reimbursement for the kitchen scale. Thanks.",ord_51171,standard,2026-04-22T20:53:00+00:00,2026-04-25T11:53:00+00:00,refund_request,neutral,normal,refund_review,refund_review,synthetic_generator
evt_00285,refund_request:05,cust_0762,social,"Hi, Quick question - the order 40917 arrived damaged so I want compensation for it. Please let me know.",ord_24733,free,2026-05-05T17:59:00+00:00,2026-05-07T13:59:00+00:00,refund_request,neutral,normal,refund_review,refund_review,synthetic_generator
evt_00286,ambiguous:04,cust_0125,phone,"Hey - what are my options if my monthly plan never shows up, whenever you get a chance. Appreciate it.",ord_25473,free,2026-04-26T07:27:00+00:00,2026-04-28T09:27:00+00:00,general_question,neutral,normal,auto_resolve,knowledge_response,synthetic_generator
evt_00287,delivery_issue:08,cust_0099,email,"Hello, the running shoes was returned to sender without anyone contacting me. I have had to chase this repeatedly.",ord_11787,standard,2026-04-11T06:16:00+00:00,2026-04-11T10:16:00+00:00,delivery_issue,negative,normal,offer_credit,apply_credit,synthetic_generator
evt_00288,tracking_request:02,cust_0179,email,"what is the current location of the parcel with the annual subscription, which is really not good enough. Thanks.",ord_38608,standard,2026-04-21T00:45:00+00:00,2026-04-21T05:45:00+00:00,tracking_request,negative,normal,send_tracking_update,send_tracking_update,synthetic_generator
evt_00289,complaint:08,cust_0256,phone,your process for the kitchen scale has cost me an entire afternoon. At this point I have run out of patience.,ord_79611,standard,2026-05-03T08:10:00+00:00,2026-05-03T21:10:00+00:00,complaint,negative,normal,escalate,create_ticket,synthetic_generator
evt_00290,tracking_request:04,cust_0052,social,"please share the shipment progress for the blue headphones, which is really not good enough. Please let me know.",ord_37952,standard,2026-05-05T06:05:00+00:00,2026-05-07T20:05:00+00:00,tracking_request,negative,normal,send_tracking_update,send_tracking_update,synthetic_generator
evt_00291,refund_request:03,cust_0333,social,"Hi, Thanks for the help earlier - I no longer want the wireless keyboard and expect the amount returned. Thanks.",ord_22863,free,2026-04-15T17:36:00+00:00,2026-04-16T10:36:00+00:00,refund_request,negative,normal,refund_review,refund_review,synthetic_generator
evt_00292,refund_request:06,cust_0817,phone,Hey - how do I get my funds returned for the annual subscription. Please advise.,ord_87565,standard,2026-04-07T23:35:00+00:00,2026-04-09T12:35:00+00:00,refund_request,neutral,normal,refund_review,refund_review,synthetic_generator
evt_00293,ambiguous:01,cust_0741,email,"Good morning, This is disappointing - if my monthly plan cannot get here this week I would rather be refunded. Thanks.",ord_35409,enterprise,2026-04-29T12:36:00+00:00,2026-04-29T22:36:00+00:00,refund_request,negative,normal,refund_review,refund_review,synthetic_generator
evt_00294,general_question:07,cust_0877,social,"is there a student discount available on the running shoes. No rush at all, you have been helpful. Regards.",ord_48648,free,2026-05-01T07:53:00+00:00,2026-05-01T14:53:00+00:00,general_question,positive,normal,auto_resolve,knowledge_response,synthetic_generator
evt_00295,ambiguous:01,cust_0010,phone,"Hi, if order 40917 cannot get here this week I would rather be refunded. At this point I have run out of patience. Appreciate it.",ord_36135,free,2026-04-11T11:26:00+00:00,2026-04-13T00:26:00+00:00,refund_request,negative,normal,refund_review,refund_review,synthetic_generator
evt_00296,complaint:01,cust_0456,social,"Hi, Honestly, the service around the running shoes has been genuinely poor. I expected better than this.",ord_61237,free,2026-04-09T00:48:00+00:00,2026-04-10T20:48:00+00:00,complaint,negative,normal,escalate,create_ticket,synthetic_generator
evt_00297,ambiguous:03,cust_0884,social,"Hi, still waiting on the standing desk and still nobody has explained why. This has been a frustrating experience. Appreciate it.",ord_35809,standard,2026-04-09T04:57:00+00:00,2026-04-11T04:57:00+00:00,complaint,negative,normal,escalate,create_ticket,synthetic_generator
evt_00298,refund_request:11,cust_0897,email,"Hey - is it possible to undo the purchase of the standing desk, and I am not happy about how long it has taken. Thanks.",ord_35508,enterprise,2026-04-17T05:05:00+00:00,2026-04-17T18:05:00+00:00,refund_request,negative,normal,refund_review,refund_review,synthetic_generator
evt_00299,complaint:01,cust_0653,phone,"the service around the annual subscription has been genuinely poor, which is really not good enough.",ord_15203,standard,2026-04-12T05:10:00+00:00,2026-04-13T20:10:00+00:00,complaint,negative,normal,escalate,create_ticket,synthetic_generator
evt_00300,delivery_issue:12,cust_0220,phone,"Hey - the estimated date for the kitchen scale has passed with no update, whenever you get a chance. Please let me know.",ord_88785,free,2026-04-17T11:36:00+00:00,2026-04-18T23:36:00+00:00,delivery_issue,negative,normal,offer_credit,apply_credit,synthetic_generator
evt_00301,refund_request:01,cust_0318,social,"Good morning, please reverse the charge on the running shoes. Regards.",ord_93515,free,2026-04-24T06:47:00+00:00,2026-04-24T10:47:00+00:00,refund_request,neutral,normal,refund_review,refund_review,synthetic_generator
evt_00302,general_question:01,cust_0358,phone,"Hey - does the blue headphones come in other sizes. No rush at all, you have been helpful. Regards.",ord_69158,free,2026-04-10T00:53:00+00:00,2026-04-12T06:53:00+00:00,general_question,positive,normal,auto_resolve,knowledge_response,synthetic_generator
evt_00303,delivery_issue:07,cust_0186,phone,Hey - the driver could not find my address for the replacement charger. This has been a frustrating experience.,ord_92033,free,2026-04-13T01:22:00+00:00,2026-04-14T19:22:00+00:00,delivery_issue,negative,normal,offer_credit,apply_credit,synthetic_generator
evt_00304,general_question:04,cust_0253,social,Hey - how do I add the kitchen scale to an existing order. Please advise. Thanks.,ord_83126,free,2026-04-12T15:24:00+00:00,2026-04-13T08:24:00+00:00,general_question,neutral,normal,auto_resolve,knowledge_response,synthetic_generator
evt_00305,delivery_issue:06,cust_0490,chat,"Good morning, the the blue headphones order missed its promised window. At this point I have run out of patience. Please let me know.",ord_29837,enterprise,2026-04-09T12:19:00+00:00,2026-04-10T11:19:00+00:00,delivery_issue,negative,normal,offer_credit,apply_credit,synthetic_generator
evt_00306,complaint:08,cust_0810,phone,"Hi, your process for the standing desk has cost me an entire afternoon, which is really not good enough. Appreciate it.",ord_28648,free,2026-04-24T20:49:00+00:00,2026-04-27T06:49:00+00:00,complaint,negative,normal,escalate,create_ticket,synthetic_generator
evt_00307,refund_request:00,cust_0673,email,"Hello, I would like my money back for the kitchen scale, and I am not happy about how long it has taken.",ord_59905,enterprise,2026-04-09T05:57:00+00:00,2026-04-09T23:57:00+00:00,refund_request,negative,normal,refund_review,refund_review,synthetic_generator
evt_00308,tracking_request:01,cust_0695,social,This is disappointing - can I get a status update on order 88214. Thanks.,ord_57941,standard,2026-04-22T23:44:00+00:00,2026-04-23T19:44:00+00:00,tracking_request,negative,normal,send_tracking_update,send_tracking_update,synthetic_generator
evt_00309,complaint:02,cust_0225,email,"Hi, This is disappointing - I have wasted hours on the replacement charger with no resolution. Thanks.",ord_78396,standard,2026-04-23T01:22:00+00:00,2026-04-24T12:22:00+00:00,complaint,negative,normal,escalate,create_ticket,synthetic_generator
evt_00310,delivery_issue:02,cust_0824,email,"Hello, Hi there, the kitchen scale was meant to arrive on Tuesday and it is still not here.",ord_52126,free,2026-04-22T12:05:00+00:00,2026-04-22T18:05:00+00:00,delivery_issue,neutral,normal,offer_credit,apply_credit,synthetic_generator
evt_00311,ambiguous:07,cust_0378,social,"Good morning, teh courier says delivered but the kitchen scale is not here. This has been a frustrating experience. Regards.",ord_37437,free,2026-04-17T05:55:00+00:00,2026-04-17T23:55:00+00:00,delivery_issue,negative,normal,offer_credit,apply_credit,synthetic_generator
evt_00312,refund_request:02,cust_0352,chat,Hey - can you send this the blue headphones back and return the payment. This has been a frustrating experience. Regards.,ord_75595,free,2026-05-05T21:25:00+00:00,2026-05-07T09:25:00+00:00,refund_request,negative,normal,refund_review,refund_review,synthetic_generator
evt_00313,complaint:07,cust_0564,phone,"Honestly, I have been passed between four agents about the standing desk. I expected better than this.",ord_16577,enterprise,2026-04-28T03:54:00+00:00,2026-04-30T21:54:00+00:00,complaint,negative,normal,escalate,create_ticket,synthetic_generator
evt_00314,complaint:13,cust_0848,phone,Hey - I have lost confidence in how you handle things like the running shoes. At this point I have run out of patience. Appreciate it.,ord_20528,free,2026-04-24T08:08:00+00:00,2026-04-26T08:08:00+00:00,complaint,negative,normal,escalate,create_ticket,synthetic_generator
evt_00315,delivery_issue:07,cust_0412,social,"Hi there, the driver could not find my address for the wireless keyboard. Appreciate it.",ord_34855,free,2026-04-22T01:33:00+00:00,2026-04-24T19:33:00+00:00,delivery_issue,neutral,normal,offer_credit,apply_credit,synthetic_generator
evt_00316,ambiguous:01,cust_0447,chat,"Hello, Thanks for the help earlier - if order 88214 cannot get here this week I would rather be refunded. Regards.",ord_18330,free,2026-04-15T09:00:00+00:00,2026-04-18T04:00:00+00:00,refund_request,positive,normal,refund_review,refund_review,synthetic_generator
evt_00317,ambiguous:07,cust_0358,chat,the courier says delivered but my monthly plan is not here. I have had to chase this repeatedly. Regards.,ord_47698,enterprise,2026-04-17T02:10:00+00:00,2026-04-17T21:10:00+00:00,delivery_issue,negative,normal,offer_credit,apply_credit,synthetic_generator
evt_00318,refund_request:06,cust_0044,email,"Hi there, how do I get my funds returned for the standing desk. Thanks.",ord_61699,free,2026-04-24T09:46:00+00:00,2026-04-27T02:46:00+00:00,refund_request,neutral,normal,refund_review,refund_review,synthetic_generator
evt_00319,tracking_request:12,cust_0794,email,can you confirm the expected date for my monthly plan. At this point I have run out of patience. Regards.,ord_14539,enterprise,2026-04-25T16:13:00+00:00,2026-04-28T09:13:00+00:00,tracking_request,negative,normal,send_tracking_update,send_tracking_update,synthetic_generator
evt_00320,ambiguous:01,cust_0155,chat,"Good morning, if teh replacement charger cannot get here this week I would rather be refunded. pls advise. Appreciate it.",ord_99780,enterprise,2026-04-10T10:16:00+00:00,2026-04-12T15:16:00+00:00,refund_request,neutral,normal,refund_review,refund_review,synthetic_generator
evt_00321,tracking_request:13,cust_0588,social,"Hi, Hi there, looking for an update on where the replacement charger has got to. Regards.",ord_87820,standard,2026-05-01T14:53:00+00:00,2026-05-02T16:53:00+00:00,tracking_request,neutral,normal,send_tracking_update,send_tracking_update,synthetic_generator
evt_00322,ambiguous:02,cust_0099,chat,"Hi, no idea where the wireless keyboard is, can someone actually look into this. No rush at all, you have been helpful. Please let me know.",ord_26333,free,2026-04-25T13:35:00+00:00,2026-04-27T17:35:00+00:00,tracking_request,positive,normal,send_tracking_update,send_tracking_update,synthetic_generator
evt_00323,ambiguous:03,cust_0581,phone,"Hello, This is disappointing - still waiting on the annual subscription and still nobody has explained why. Appreciate it.",ord_53871,enterprise,2026-04-25T04:01:00+00:00,2026-04-26T07:01:00+00:00,complaint,negative,normal,escalate,create_ticket,synthetic_generator
evt_00324,general_question:06,cust_0075,email,"Hello, do you ship the wireless keyboard internationally. Please advise. Thanks.",ord_34806,standard,2026-04-18T23:26:00+00:00,2026-04-21T20:26:00+00:00,general_question,neutral,normal,auto_resolve,knowledge_response,synthetic_generator
evt_00325,complaint:05,cust_0530,social,"Hey - I am extremely let down by how order 88214 was managed, which is really not good enough. Please let me know.",ord_95440,standard,2026-04-16T01:14:00+00:00,2026-04-18T06:14:00+00:00,complaint,negative,normal,escalate,create_ticket,synthetic_generator
evt_00326,delivery_issue:11,cust_0314,email,"Good morning, nobody has been able to deliver the wireless keyboard yet. At this point I have run out of patience. Please let me know.",ord_68498,enterprise,2026-05-02T11:25:00+00:00,2026-05-04T23:25:00+00:00,delivery_issue,negative,normal,offer_credit,apply_credit,synthetic_generator
evt_00327,ambiguous:03,cust_0106,email,Hey - still waiting on the standing desk and still nobody has explained why. Please advise.,ord_57654,free,2026-04-22T21:27:00+00:00,2026-04-24T03:27:00+00:00,complaint,neutral,normal,escalate,create_ticket,synthetic_generator
evt_00328,tracking_request:03,cust_0627,chat,any news on when the replacement charger will get here. Please advise. Please let me know.,ord_41262,free,2026-04-16T15:49:00+00:00,2026-04-18T13:49:00+00:00,tracking_request,neutral,normal,send_tracking_update,send_tracking_update,synthetic_generator
evt_00329,refund_request:04,cust_0434,phone,"Good morning, requesting reimbursement for the standing desk. No rush at all, you have been helpful. Please let me know.",ord_89463,free,2026-05-05T01:39:00+00:00,2026-05-08T00:39:00+00:00,refund_request,positive,normal,refund_review,refund_review,synthetic_generator
evt_00330,ambiguous:07,cust_0781,phone,the courier says delivered but the kitchen scale is not here. This has been a frustrating experience. Please let me know.,ord_63514,enterprise,2026-04-17T13:36:00+00:00,2026-04-19T00:36:00+00:00,delivery_issue,negative,normal,offer_credit,apply_credit,synthetic_generator
evt_00331,tracking_request:00,cust_0054,email,"Good morning, where is my my monthly plan right now, and I am not happy about how long it has taken. Appreciate it.",ord_18192,free,2026-05-01T07:02:00+00:00,2026-05-03T17:02:00+00:00,tracking_request,negative,normal,send_tracking_update,send_tracking_update,synthetic_generator
evt_00332,complaint:03,cust_0634,chat,"Good morning, nobody in your team seems to take the annual subscription seriously, which is really not good enough. Regards.",ord_49047,enterprise,2026-04-07T16:28:00+00:00,2026-04-08T16:28:00+00:00,complaint,negative,normal,escalate,create_ticket,synthetic_generator
evt_00333,tracking_request:13,cust_0824,social,"Hey - Hi there, looking for an update on where order 40917 has got to. Please let me know.",ord_14869,standard,2026-04-19T00:19:00+00:00,2026-04-22T00:19:00+00:00,tracking_request,neutral,normal,send_tracking_update,send_tracking_update,synthetic_generator
evt_00334,refund_request:12,cust_0115,phone,"Hi, This is disappointing - I want to send the annual subscription back for a credit to my account. Appreciate it.",ord_66373,enterprise,2026-04-15T15:54:00+00:00,2026-04-18T03:54:00+00:00,refund_request,negative,normal,refund_review,refund_review,synthetic_generator
evt_00335,tracking_request:06,cust_0764,email,"Hello, Quick question - could you tell me which stage the annual subscription is at.",ord_93364,free,2026-05-03T13:45:00+00:00,2026-05-04T23:45:00+00:00,tracking_request,neutral,normal,send_tracking_update,send_tracking_update,synthetic_generator
evt_00336,tracking_request:04,cust_0651,chat,"please share the shipment progress for the replacement charger, and I am not happy about how long it has taken. Appreciate it.",ord_97855,standard,2026-04-22T22:50:00+00:00,2026-04-23T12:50:00+00:00,tracking_request,negative,normal,send_tracking_update,send_tracking_update,synthetic_generator
evt_00337,complaint:02,cust_0644,social,Hey - I have wasted hours on the replacement charger with no resolution. At this point I have run out of patience. Thanks.,ord_95962,enterprise,2026-04-21T07:10:00+00:00,2026-04-23T10:10:00+00:00,complaint,negative,normal,escalate,create_ticket,synthetic_generator
evt_00338,delivery_issue:13,cust_0328,email,Hey - my order containing the replacement charger appears to be lost in transit. This has been a frustrating experience. Thanks.,ord_91830,enterprise,2026-04-26T04:30:00+00:00,2026-04-27T08:30:00+00:00,delivery_issue,negative,normal,offer_credit,apply_credit,synthetic_generator
evt_00339,refund_request:08,cust_0223,chat,"Hey - Hello, please cancel the standing desk and put the amount back on my card. Thanks. Appreciate it.",ord_82709,free,2026-04-17T16:02:00+00:00,2026-04-20T06:02:00+00:00,refund_request,neutral,normal,refund_review,refund_review,synthetic_generator
evt_00340,general_question:10,cust_0512,chat,"Hey - what is the difference between the kitchen scale and the newer version, whenever you get a chance. Appreciate it.",ord_59789,free,2026-04-11T16:22:00+00:00,2026-04-13T21:22:00+00:00,general_question,neutral,normal,auto_resolve,knowledge_response,synthetic_generator
evt_00341,tracking_request:07,cust_0281,phone,Quick question - is there a reference number I can use to watch the kitchen scale.,ord_69582,free,2026-04-16T20:06:00+00:00,2026-04-18T05:06:00+00:00,tracking_request,neutral,normal,send_tracking_update,send_tracking_update,synthetic_generator
evt_00342,tracking_request:05,cust_0439,email,I want to follow the journey of my the running shoes. Regards.,ord_74802,standard,2026-04-07T00:32:00+00:00,2026-04-10T00:32:00+00:00,tracking_request,neutral,normal,send_tracking_update,send_tracking_update,synthetic_generator
evt_00343,ambiguous:03,cust_0796,phone,"Good morning, This is disappointing - still waiting on the blue headphones and still nobody has explained why. Please let me know.",ord_28810,free,2026-04-28T19:54:00+00:00,2026-05-01T07:54:00+00:00,complaint,negative,normal,escalate,create_ticket,synthetic_generator
evt_00344,general_question:01,cust_0496,phone,"Hey - Hi there, does the replacement charger come in other sizes. Regards.",ord_24559,standard,2026-05-06T02:13:00+00:00,2026-05-09T02:13:00+00:00,general_question,neutral,normal,auto_resolve,knowledge_response,synthetic_generator
evt_00345,complaint:09,cust_0132,chat,"Honestly, no one has taken ownership of the problem with order 88214. I expected better than this. Appreciate it.",ord_69206,standard,2026-04-18T04:50:00+00:00,2026-04-20T21:50:00+00:00,complaint,negative,normal,escalate,create_ticket,synthetic_generator
evt_00346,tracking_request:00,cust_0544,social,"Good morning, where is my my monthly plan right now, which is really not good enough. Regards.",ord_14816,free,2026-05-02T07:15:00+00:00,2026-05-02T10:15:00+00:00,tracking_request,negative,normal,send_tracking_update,send_tracking_update,synthetic_generator
evt_00347,delivery_issue:12,cust_0033,chat,"Hello, the estimated date for the replacement charger has passed with no update, which is really not good enough.",ord_33136,free,2026-04-10T14:27:00+00:00,2026-04-11T03:27:00+00:00,delivery_issue,negative,normal,offer_credit,apply_credit,synthetic_generator
evt_00348,tracking_request:04,cust_0587,phone,"Hello, pls share the shipment progress for the annual subscription. Please advise.",ord_12915,free,2026-04-13T23:10:00+00:00,2026-04-14T17:10:00+00:00,tracking_request,neutral,normal,send_tracking_update,send_tracking_update,synthetic_generator
evt_00349,general_question:04,cust_0594,phone,Hey - how do I add the wireless keyboard to an existing order. Thanks.,ord_85014,enterprise,2026-04-11T21:36:00+00:00,2026-04-12T01:36:00+00:00,general_question,neutral,high,auto_resolve,knowledge_response,synthetic_generator
evt_00350,refund_request:02,cust_0144,chat,"Good morning, Honestly, can you send this the replacement charger back and return the payment. I expected better than this. Regards.",ord_34334,free,2026-04-10T01:25:00+00:00,2026-04-11T01:25:00+00:00,refund_request,negative,normal,refund_review,refund_review,synthetic_generator
evt_00351,tracking_request:09,cust_0767,phone,"Hey - Happy with the service overall, just what does the courier say about the kitchen scale at the moment. Please let me know.",ord_11100,free,2026-04-13T15:12:00+00:00,2026-04-14T18:12:00+00:00,tracking_request,positive,normal,send_tracking_update,send_tracking_update,synthetic_generator
evt_00352,general_question:07,cust_0448,social,"Hello, is there a student discount available on the kitchen scale, whenever you get a chance. Thanks.",ord_69857,enterprise,2026-05-01T04:37:00+00:00,2026-05-03T15:37:00+00:00,general_question,neutral,normal,auto_resolve,knowledge_response,synthetic_generator
evt_00353,complaint:08,cust_0440,chat,"Hello, Hello, your process for my monthly plan has cost me an entire afternoon. Thanks. Thanks.",ord_33906,standard,2026-04-07T16:58:00+00:00,2026-04-10T15:58:00+00:00,complaint,neutral,normal,escalate,create_ticket,synthetic_generator
evt_00354,tracking_request:04,cust_0810,social,"please share the shipment progress for the wireless keyboard, and I am not happy about how long it has taken. Regards.",ord_47415,standard,2026-04-21T14:54:00+00:00,2026-04-23T19:54:00+00:00,tracking_request,negative,normal,send_tracking_update,send_tracking_update,synthetic_generator
evt_00355,ambiguous:00,cust_0075,email,"Good morning, the standing desk has not arrived and I am starting to want my money back, whenever you get a chance. Appreciate it.",ord_35086,enterprise,2026-04-24T05:37:00+00:00,2026-04-26T18:37:00+00:00,delivery_issue,neutral,normal,offer_credit,apply_credit,synthetic_generator
evt_00356,complaint:06,cust_0022,chat,"Hi, every person I speak to about the blue headphones tells me something different. Thanks.",ord_51115,free,2026-04-26T02:59:00+00:00,2026-04-26T10:59:00+00:00,complaint,neutral,normal,escalate,create_ticket,synthetic_generator
evt_00357,tracking_request:04,cust_0527,phone,Quick question - please share the shipment progress for the replacement charger. Please let me know.,ord_98419,free,2026-05-01T03:52:00+00:00,2026-05-03T09:52:00+00:00,tracking_request,neutral,normal,send_tracking_update,send_tracking_update,synthetic_generator
evt_00358,ambiguous:01,cust_0813,chat,"Hi, Honestly, if the standing desk cannot get here this week I would rather be refunded. I expected better than this. Thanks.",ord_63891,enterprise,2026-05-06T04:27:00+00:00,2026-05-06T10:27:00+00:00,refund_request,positive,high,refund_review,refund_review,synthetic_generator
evt_00359,delivery_issue:07,cust_0848,email,"Hi, the driver could not find my address for the blue headphones, and I am not happy about how long it has taken. Thanks.",ord_82676,standard,2026-05-04T17:31:00+00:00,2026-05-07T17:31:00+00:00,delivery_issue,negative,normal,offer_credit,apply_credit,synthetic_generator
evt_00360,ambiguous:06,cust_0548,chat,"I have given up waiting for the annual subscription, just close it out for me. This has been a frustrating experience. Appreciate it.",ord_75627,free,2026-04-18T08:25:00+00:00,2026-04-19T12:25:00+00:00,refund_request,negative,normal,refund_review,refund_review,synthetic_generator
evt_00361,general_question:07,cust_0828,email,"Hi, is there a student discount available on the standing desk, whenever you get a chance. Appreciate it.",ord_35898,free,2026-04-23T05:49:00+00:00,2026-04-24T21:49:00+00:00,general_question,neutral,normal,auto_resolve,knowledge_response,synthetic_generator
evt_00362,delivery_issue:06,cust_0877,phone,the order 40917 order missed its promised window. I have had to chase this repeatedly. Please let me know.,ord_49199,standard,2026-04-17T01:32:00+00:00,2026-04-18T18:32:00+00:00,delivery_issue,negative,normal,offer_credit,apply_credit,synthetic_generator
evt_00363,complaint:13,cust_0476,chat,I have lost confidence in how you handle things like the wireless keyboard. This has been a frustrating experience. pls let me know.,ord_27851,free,2026-04-27T21:25:00+00:00,2026-04-27T23:25:00+00:00,complaint,negative,high,escalate,create_ticket,synthetic_generator
evt_00364,delivery_issue:09,cust_0195,email,"Good morning, delivery of the running shoes keeps getting rescheduled. I have had to chase this repeatedly. Regards.",ord_78611,enterprise,2026-04-22T15:25:00+00:00,2026-04-22T20:25:00+00:00,delivery_issue,negative,high,escalate,create_ticket,synthetic_generator
evt_00365,refund_request:00,cust_0556,phone,"Good morning, I would like my money back for the blue headphones. Regards.",ord_40582,free,2026-04-25T06:34:00+00:00,2026-04-25T23:34:00+00:00,refund_request,neutral,normal,refund_review,refund_review,synthetic_generator
evt_00366,tracking_request:01,cust_0305,email,"Good morning, can I get a status update on the running shoes, whenever you get a chance. Regards.",ord_33847,free,2026-04-09T03:12:00+00:00,2026-04-10T13:12:00+00:00,tracking_request,neutral,normal,send_tracking_update,send_tracking_update,synthetic_generator
evt_00367,refund_request:04,cust_0181,email,"Good morning, requesting reimbursement for my monthly plan, and I am not happy about how long it has taken. Appreciate it.",ord_86555,free,2026-05-02T06:16:00+00:00,2026-05-03T02:16:00+00:00,refund_request,negative,normal,refund_review,refund_review,synthetic_generator
evt_00368,complaint:05,cust_0023,email,"Hey - Hello, I am extremely let down by how the replacement charger was managed. Thanks. Thanks.",ord_34932,free,2026-04-30T11:46:00+00:00,2026-05-02T09:46:00+00:00,complaint,neutral,normal,escalate,create_ticket,synthetic_generator
evt_00369,tracking_request:08,cust_0845,phone,Hey - when is order 88214 scheduled to arrive. Really appreciate the quick responses previously.,ord_95401,standard,2026-05-05T20:56:00+00:00,2026-05-08T05:56:00+00:00,tracking_request,positive,normal,send_tracking_update,send_tracking_update,synthetic_generator
evt_00370,general_question:12,cust_0861,email,"Hello, Hello, are spare parts available for the wireless keyboard. Thanks. Please let me know.",ord_47878,free,2026-04-27T17:40:00+00:00,2026-04-30T17:40:00+00:00,general_question,positive,normal,auto_resolve,knowledge_response,synthetic_generator
evt_00371,ambiguous:02,cust_0381,social,"Hey - Hi there, no idea where the running shoes is, can someone actually look into this. Regards.",ord_89976,enterprise,2026-04-09T15:47:00+00:00,2026-04-12T05:47:00+00:00,tracking_request,neutral,normal,send_tracking_update,send_tracking_update,synthetic_generator
evt_00372,tracking_request:13,cust_0479,chat,"looking for an update on where the kitchen scale has got to, whenever you get a chance. Please let me know.",ord_18864,standard,2026-04-24T06:29:00+00:00,2026-04-25T07:29:00+00:00,tracking_request,neutral,normal,send_tracking_update,send_tracking_update,synthetic_generator
evt_00373,general_question:06,cust_0213,email,"Hello, Quick question - do you ship order 40917 internationally. Thanks.",ord_21567,enterprise,2026-04-12T18:38:00+00:00,2026-04-13T02:38:00+00:00,general_question,neutral,high,auto_resolve,knowledge_response,synthetic_generator
evt_00374,general_question:03,cust_0225,phone,"Hey - Hi there, is the wireless keyboard covered by your returns window. Thanks.",ord_87936,standard,2026-04-19T22:45:00+00:00,2026-04-20T05:45:00+00:00,general_question,neutral,normal,auto_resolve,knowledge_response,synthetic_generator
evt_00375,ambiguous:04,cust_0475,social,"Hi, what are my options if order 88214 never shows up. Please advise. Regards.",ord_13453,free,2026-04-17T20:09:00+00:00,2026-04-19T18:09:00+00:00,general_question,neutral,normal,auto_resolve,knowledge_response,synthetic_generator
evt_00376,refund_request:09,cust_0593,chat,"Good morning, I am returning the replacement charger, what happens with the payment. I have had to chase this repeatedly. Appreciate it.",ord_47005,standard,2026-05-03T13:46:00+00:00,2026-05-03T22:46:00+00:00,refund_request,negative,normal,refund_review,refund_review,synthetic_generator
evt_00377,refund_request:04,cust_0417,chat,"Hello, requesting reimbursement for teh blue headphones. Thanks. Appreciate it.",ord_38207,free,2026-04-07T14:13:00+00:00,2026-04-07T16:13:00+00:00,refund_request,neutral,high,refund_review,refund_review,synthetic_generator
evt_00378,delivery_issue:06,cust_0203,email,"the the replacement charger order missed its promised window, which is really not good enough. Appreciate it.",ord_64507,free,2026-05-01T05:03:00+00:00,2026-05-02T05:03:00+00:00,delivery_issue,negative,normal,offer_credit,apply_credit,synthetic_generator
evt_00379,ambiguous:04,cust_0611,chat,"Hi, what are my options if oder 40917 never shows up. pls advise. Regards.",ord_72766,standard,2026-04-20T14:31:00+00:00,2026-04-23T11:31:00+00:00,general_question,neutral,normal,auto_resolve,knowledge_response,synthetic_generator
evt_00380,general_question:07,cust_0037,email,"Hi, Hello, is there a student discount available on order 88214. Thanks. Regards.",ord_49334,free,2026-04-27T01:20:00+00:00,2026-04-28T09:20:00+00:00,general_question,neutral,normal,auto_resolve,knowledge_response,synthetic_generator
evt_00381,complaint:06,cust_0829,chat,Hey - every person I speak to about order 40917 tells me something different. At this point I have run out of patience. Appreciate it.,ord_51909,enterprise,2026-05-06T05:40:00+00:00,2026-05-08T15:40:00+00:00,complaint,negative,normal,escalate,create_ticket,synthetic_generator
evt_00382,general_question:12,cust_0635,chat,"Hey - are spare parts available for the kitchen scale, whenever you get a chance. Please let me know.",ord_75685,enterprise,2026-04-27T09:13:00+00:00,2026-04-28T06:13:00+00:00,general_question,neutral,normal,auto_resolve,knowledge_response,synthetic_generator
evt_00383,complaint:04,cust_0491,phone,"Hello, teh handling of my monthly plan has been unacceptable. I have had to chase this repeatedly. Appreciate it.",ord_23049,free,2026-04-10T09:43:00+00:00,2026-04-13T06:43:00+00:00,complaint,negative,normal,escalate,create_ticket,synthetic_generator
evt_00384,ambiguous:02,cust_0191,chat,"Good morning, no idea where the annual subscription is, can someone actually look into this, whenever you get a chance. Appreciate it.",ord_56027,standard,2026-05-05T20:10:00+00:00,2026-05-07T20:10:00+00:00,tracking_request,neutral,normal,send_tracking_update,send_tracking_update,synthetic_generator
evt_00385,tracking_request:10,cust_0880,chat,"Hi, just checking in on the progress of the kitchen scale. Please advise.",ord_47420,standard,2026-04-26T10:18:00+00:00,2026-04-29T00:18:00+00:00,tracking_request,neutral,normal,send_tracking_update,send_tracking_update,synthetic_generator
evt_00386,delivery_issue:05,cust_0069,phone,Hey - Thanks for the help earlier - it has been two weeks and order 40917 has not reached me. Appreciate it.,ord_79036,standard,2026-04-23T14:20:00+00:00,2026-04-26T06:20:00+00:00,delivery_issue,positive,normal,offer_credit,apply_credit,synthetic_generator
evt_00387,refund_request:10,cust_0197,phone,"Good morning, the parcel with the wireless keyboard came late and I would rather have the money. Appreciate it.",ord_70057,free,2026-04-07T02:12:00+00:00,2026-04-09T16:12:00+00:00,refund_request,neutral,normal,refund_review,refund_review,synthetic_generator
evt_00388,complaint:08,cust_0543,chat,"Hey - your process for my monthly plan has cost me an entire afternoon, and I am not happy about how long it has taken. Thanks.",ord_43892,standard,2026-05-05T18:34:00+00:00,2026-05-07T09:34:00+00:00,complaint,negative,normal,escalate,create_ticket,synthetic_generator
evt_00389,general_question:07,cust_0546,chat,Hey - Quick question - is there a student discount available on the replacement charger. Thanks.,ord_53211,standard,2026-05-02T00:05:00+00:00,2026-05-03T21:05:00+00:00,general_question,neutral,normal,auto_resolve,knowledge_response,synthetic_generator
evt_00390,general_question:02,cust_0500,chat,"Hello, can I change the delivery address for the annual subscription. Please let me know.",ord_78854,standard,2026-05-05T01:07:00+00:00,2026-05-07T04:07:00+00:00,general_question,neutral,normal,auto_resolve,knowledge_response,synthetic_generator
evt_00391,ambiguous:06,cust_0778,email,"Hello, Honestly, I have given up waiting for order 88214, just close it out for me. I expected better than this. Regards.",ord_97286,free,2026-04-20T08:56:00+00:00,2026-04-22T10:56:00+00:00,refund_request,negative,normal,refund_review,refund_review,synthetic_generator
evt_00392,tracking_request:01,cust_0451,phone,can I get a status update on the blue headphones. At this point I have run out of patience. Thanks.,ord_10827,standard,2026-05-05T10:49:00+00:00,2026-05-05T16:49:00+00:00,tracking_request,negative,normal,send_tracking_update,send_tracking_update,synthetic_generator
evt_00393,general_question:01,cust_0873,phone,does teh kitchen scale come in other sizes. Regards.,ord_65505,free,2026-04-17T19:30:00+00:00,2026-04-19T22:30:00+00:00,general_question,neutral,normal,auto_resolve,knowledge_response,synthetic_generator
evt_00394,tracking_request:08,cust_0460,phone,"Hi, Hello, when is order 40917 scheduled to arrive. Thanks. Please let me know.",ord_25560,free,2026-04-13T22:37:00+00:00,2026-04-15T14:37:00+00:00,tracking_request,neutral,normal,send_tracking_update,send_tracking_update,synthetic_generator
evt_00395,refund_request:00,cust_0515,chat,Hey - This is disappointing - I would like my money back for teh running shoes. pls let me know.,ord_57893,standard,2026-04-23T01:48:00+00:00,2026-04-26T00:48:00+00:00,refund_request,negative,normal,refund_review,refund_review,synthetic_generator
evt_00396,ambiguous:03,cust_0576,chat,still waiting on the running shoes and still nobody has explained why. At this point I have run out of patience.,ord_33028,free,2026-04-19T09:26:00+00:00,2026-04-22T08:26:00+00:00,complaint,negative,normal,escalate,create_ticket,synthetic_generator
evt_00397,general_question:07,cust_0014,social,is there a student discount available on my monthly plan. Please advise. Regards.,ord_61202,free,2026-04-25T02:12:00+00:00,2026-04-27T06:12:00+00:00,general_question,neutral,normal,auto_resolve,knowledge_response,synthetic_generator
evt_00398,complaint:13,cust_0672,social,"Good morning, This is disappointing - I have lost confidence in how you handle things like the wireless keyboard. Regards.",ord_12087,standard,2026-04-29T15:49:00+00:00,2026-05-01T07:49:00+00:00,complaint,negative,normal,escalate,create_ticket,synthetic_generator
evt_00399,general_question:08,cust_0522,chat,"Hello, how long does my monthly plan usually take to arrive. Appreciate it.",ord_60508,standard,2026-04-30T02:55:00+00:00,2026-05-01T18:55:00+00:00,general_question,neutral,normal,auto_resolve,knowledge_response,synthetic_generator
evt_00400,complaint:05,cust_0556,social,"I am extremely let down by how the kitchen scale was managed, which is really not good enough. Appreciate it.",ord_96730,free,2026-04-21T02:13:00+00:00,2026-04-22T21:13:00+00:00,complaint,negative,normal,escalate,create_ticket,synthetic_generator
evt_00401,tracking_request:10,cust_0173,social,"Good morning, just checking in on the progress of my monthly plan. Your team has been great so far, thank you. Please let me know.",ord_14691,free,2026-04-30T14:52:00+00:00,2026-05-02T05:52:00+00:00,tracking_request,positive,normal,send_tracking_update,send_tracking_update,synthetic_generator
evt_00402,delivery_issue:01,cust_0393,phone,"Good morning, This is disappointing - the parcel with order 40917 is running behind schedule.",ord_98444,free,2026-05-06T00:55:00+00:00,2026-05-06T09:55:00+00:00,delivery_issue,negative,normal,offer_credit,apply_credit,synthetic_generator
evt_00403,tracking_request:00,cust_0836,social,"Hello, where is my the standing desk right now. Regards.",ord_40527,standard,2026-04-22T11:52:00+00:00,2026-04-22T15:52:00+00:00,tracking_request,neutral,normal,send_tracking_update,send_tracking_update,synthetic_generator
evt_00404,refund_request:12,cust_0781,social,Quick question - I want to send the blue headphones back for a credit to my account. Regards.,ord_84788,standard,2026-05-04T09:39:00+00:00,2026-05-04T15:39:00+00:00,refund_request,neutral,normal,refund_review,refund_review,synthetic_generator
evt_00405,tracking_request:07,cust_0216,chat,"Hi, Happy with the service overall, just is there a reference number I can use to watch my monthly plan. Thanks.",ord_29473,enterprise,2026-04-18T17:03:00+00:00,2026-04-21T11:03:00+00:00,tracking_request,positive,normal,send_tracking_update,send_tracking_update,synthetic_generator
evt_00406,tracking_request:05,cust_0874,phone,"Hi, I want to follow the journey of my the wireless keyboard. Appreciate it.",ord_45995,standard,2026-04-18T18:57:00+00:00,2026-04-20T13:57:00+00:00,tracking_request,neutral,normal,send_tracking_update,send_tracking_update,synthetic_generator
evt_00407,general_question:01,cust_0578,social,"Hello, Quick question - does the replacement charger come in other sizes.",ord_75362,free,2026-04-22T14:38:00+00:00,2026-04-24T06:38:00+00:00,general_question,neutral,normal,auto_resolve,knowledge_response,synthetic_generator
evt_00408,tracking_request:05,cust_0452,phone,Hey - Thanks for the help earlier - I want to follow the journey of my the running shoes. Appreciate it.,ord_37455,enterprise,2026-04-12T05:24:00+00:00,2026-04-13T19:24:00+00:00,tracking_request,positive,normal,send_tracking_update,send_tracking_update,synthetic_generator
evt_00409,delivery_issue:13,cust_0133,chat,"Good morning, my order containing the wireless keyboard appears to be lost in transit, which is really not good enough.",ord_47438,enterprise,2026-04-08T18:55:00+00:00,2026-04-11T03:55:00+00:00,delivery_issue,negative,normal,offer_credit,apply_credit,synthetic_generator
evt_00410,refund_request:03,cust_0383,chat,I no longer want the annual subscription and expect the amount returned. At this point I have run out of patience. Thanks.,ord_87740,standard,2026-04-09T05:57:00+00:00,2026-04-11T07:57:00+00:00,refund_request,negative,normal,refund_review,refund_review,synthetic_generator
evt_00411,ambiguous:05,cust_0366,chat,"Hi, this is the second delivery of order 40917 you have got wrong. This has been a frustrating experience. Regards.",ord_61847,standard,2026-04-21T05:59:00+00:00,2026-04-21T09:59:00+00:00,complaint,neutral,normal,escalate,create_ticket,synthetic_generator
evt_00412,ambiguous:07,cust_0466,social,"Hey - the courier says delivered but the wireless keyboard is not here, whenever you get a chance. Thanks.",ord_80555,enterprise,2026-04-14T06:17:00+00:00,2026-04-16T21:17:00+00:00,delivery_issue,neutral,normal,offer_credit,apply_credit,synthetic_generator
evt_00413,delivery_issue:11,cust_0541,email,nobody has been able to deliver the blue headphones yet. At this point I have run out of patience. Appreciate it.,ord_58639,standard,2026-04-17T23:20:00+00:00,2026-04-18T22:20:00+00:00,delivery_issue,negative,normal,offer_credit,apply_credit,synthetic_generator
evt_00414,tracking_request:12,cust_0270,email,"Hi, can you confirm the expected date for order 88214, whenever you get a chance.",ord_77919,standard,2026-04-13T02:44:00+00:00,2026-04-14T16:44:00+00:00,tracking_request,neutral,normal,send_tracking_update,send_tracking_update,synthetic_generator
evt_00415,delivery_issue:03,cust_0454,phone,courier marked the replacement charger as attempted but nobody came. I have had to chase this repeatedly. Thanks.,ord_37748,free,2026-05-06T02:56:00+00:00,2026-05-06T06:56:00+00:00,delivery_issue,negative,normal,offer_credit,apply_credit,synthetic_generator
evt_00416,delivery_issue:01,cust_0386,phone,the parcel with my monthly plan is running behind schedule. At this point I have run out of patience. Please let me know.,ord_75860,standard,2026-04-07T00:09:00+00:00,2026-04-07T18:09:00+00:00,delivery_issue,negative,normal,offer_credit,apply_credit,synthetic_generator
evt_00417,ambiguous:04,cust_0064,chat,"what are my options if my monthly plan never shows up, whenever you get a chance. pls let me know.",ord_76311,enterprise,2026-05-01T08:30:00+00:00,2026-05-01T21:30:00+00:00,general_question,neutral,normal,auto_resolve,knowledge_response,synthetic_generator
evt_00418,tracking_request:09,cust_0039,social,"Good morning, what does the courier say about the kitchen scale at the moment. Thanks.",ord_18140,enterprise,2026-04-26T15:13:00+00:00,2026-04-27T17:13:00+00:00,tracking_request,neutral,normal,send_tracking_update,send_tracking_update,synthetic_generator
evt_00419,refund_request:11,cust_0525,chat,"is it possible to undo the purchase of order 40917, and I am not happy about how long it has taken. Regards.",ord_45547,free,2026-04-24T03:42:00+00:00,2026-04-26T11:42:00+00:00,refund_request,negative,normal,refund_review,refund_review,synthetic_generator
evt_00420,general_question:03,cust_0520,phone,"Hi, is oder 88214 covered by your returns window. Regards.",ord_21462,free,2026-05-01T09:59:00+00:00,2026-05-03T12:59:00+00:00,general_question,neutral,normal,auto_resolve,knowledge_response,synthetic_generator
evt_00421,complaint:03,cust_0256,phone,nobody in your team seems to take the wireless keyboard seriously. I have had to chase this repeatedly. Appreciate it.,ord_86457,standard,2026-05-05T09:12:00+00:00,2026-05-06T07:12:00+00:00,complaint,negative,normal,escalate,create_ticket,synthetic_generator
evt_00422,tracking_request:07,cust_0439,email,"Hello, is there a reference number I can use to watch order 40917, which is really not good enough. Appreciate it.",ord_82828,free,2026-04-28T20:21:00+00:00,2026-04-29T01:21:00+00:00,tracking_request,negative,normal,send_tracking_update,send_tracking_update,synthetic_generator
evt_00423,ambiguous:01,cust_0340,chat,"Hello, if order 40917 cannot get here this week I would rather be refunded. I have had to chase this repeatedly. Appreciate it.",ord_72713,standard,2026-04-18T11:38:00+00:00,2026-04-18T18:38:00+00:00,refund_request,negative,normal,refund_review,refund_review,synthetic_generator
evt_00424,refund_request:10,cust_0021,social,the parcel with the blue headphones came late and I would rather have teh money. Please advise. Appreciate it.,ord_34466,standard,2026-04-08T00:57:00+00:00,2026-04-08T14:57:00+00:00,refund_request,neutral,normal,refund_review,refund_review,synthetic_generator
evt_00425,tracking_request:08,cust_0818,social,"Hello, Honestly, when is the standing desk scheduled to arrive. I expected better than this. Regards.",ord_95303,free,2026-05-01T22:16:00+00:00,2026-05-04T08:16:00+00:00,tracking_request,negative,normal,send_tracking_update,send_tracking_update,synthetic_generator
evt_00426,tracking_request:03,cust_0844,social,"Good morning, any news on when the annual subscription will get here. I have had to chase this repeatedly. Appreciate it.",ord_32292,enterprise,2026-05-03T15:47:00+00:00,2026-05-06T06:47:00+00:00,tracking_request,negative,normal,send_tracking_update,send_tracking_update,synthetic_generator
evt_00427,general_question:03,cust_0868,social,"Hello, is the standing desk covered by your returns window. This has been a frustrating experience.",ord_71624,free,2026-04-13T13:23:00+00:00,2026-04-15T21:23:00+00:00,general_question,negative,normal,auto_resolve,knowledge_response,synthetic_generator
evt_00428,complaint:08,cust_0172,email,Hey - your process for the standing desk has cost me an entire afternoon. I have had to chase this repeatedly. Please let me know.,ord_16994,standard,2026-04-15T02:44:00+00:00,2026-04-18T02:44:00+00:00,complaint,negative,normal,escalate,create_ticket,synthetic_generator
evt_00429,delivery_issue:08,cust_0236,social,"Hello, order 40917 was returned to sender without anyone contacting me. This has been a frustrating experience. Thanks.",ord_21885,free,2026-04-26T02:49:00+00:00,2026-04-28T12:49:00+00:00,delivery_issue,negative,normal,offer_credit,apply_credit,synthetic_generator
evt_00430,ambiguous:00,cust_0420,email,"Hey - Hello, order 88214 has not arrived and I am starting to want my money back. Thanks. Thanks.",ord_87868,free,2026-04-21T11:05:00+00:00,2026-04-22T03:05:00+00:00,delivery_issue,neutral,normal,offer_credit,apply_credit,synthetic_generator
evt_00431,complaint:05,cust_0355,social,"Hello, Hello, I am extremely let down by how my monthly plan was managed. Thanks.",ord_33412,standard,2026-04-10T11:58:00+00:00,2026-04-11T22:58:00+00:00,complaint,neutral,normal,escalate,create_ticket,synthetic_generator
evt_00432,general_question:00,cust_0182,email,"Hey - what is the warranty period on the kitchen scale. No rush at all, you have been helpful. Please let me know.",ord_70448,standard,2026-04-28T01:43:00+00:00,2026-04-28T18:43:00+00:00,general_question,positive,normal,auto_resolve,knowledge_response,synthetic_generator
evt_00433,general_question:09,cust_0233,email,"Hi, can the annual subscription be gift wrapped, whenever you get a chance. Regards.",ord_71743,free,2026-05-02T16:25:00+00:00,2026-05-04T22:25:00+00:00,general_question,neutral,normal,auto_resolve,knowledge_response,synthetic_generator
evt_00434,refund_request:05,cust_0203,email,"Hi, Hello, the order 88214 arrived damaged so I want compensation for it. Thanks. Appreciate it.",ord_69963,free,2026-04-30T00:56:00+00:00,2026-04-30T07:56:00+00:00,refund_request,neutral,normal,refund_review,refund_review,synthetic_generator
evt_00435,delivery_issue:10,cust_0604,phone,"Hello, Honestly, the tracking for the running shoes has not moved in five days. I expected better than this. Regards.",ord_56286,free,2026-04-10T15:00:00+00:00,2026-04-13T13:00:00+00:00,delivery_issue,negative,normal,offer_credit,apply_credit,synthetic_generator
evt_00436,complaint:08,cust_0062,social,"Hello, your process for order 40917 has cost me an entire afternoon. This has been a frustrating experience.",ord_23021,enterprise,2026-04-13T13:12:00+00:00,2026-04-14T21:12:00+00:00,complaint,negative,normal,escalate,create_ticket,synthetic_generator
evt_00437,refund_request:09,cust_0454,chat,"Good morning, I am returning order 88214, what happens with teh payment. Really appreciate the quick responses previously. Thanks.",ord_51594,free,2026-04-12T09:13:00+00:00,2026-04-13T09:13:00+00:00,refund_request,positive,normal,refund_review,refund_review,synthetic_generator
evt_00438,complaint:00,cust_0417,email,"Good morning, this is the third time I have written about the running shoes and nobody replies. At this point I have run out of patience. Thanks.",ord_94336,enterprise,2026-04-07T12:51:00+00:00,2026-04-08T06:51:00+00:00,complaint,negative,normal,escalate,create_ticket,synthetic_generator
evt_00439,tracking_request:06,cust_0393,email,"Good morning, Thanks for the help earlier - could you tell me which stage the replacement charger is at. Please let me know.",ord_62183,enterprise,2026-05-05T17:04:00+00:00,2026-05-07T23:04:00+00:00,tracking_request,positive,normal,send_tracking_update,send_tracking_update,synthetic_generator
evt_00440,refund_request:05,cust_0607,social,"Hello, This is disappointing - the the annual subscription arrived damaged so I want compensation for it. Please let me know.",ord_77184,standard,2026-04-20T06:10:00+00:00,2026-04-21T01:10:00+00:00,refund_request,negative,normal,refund_review,refund_review,synthetic_generator
evt_00441,complaint:13,cust_0081,social,Hey - I have lost confidence in how you handle things like the annual subscription.,ord_41009,standard,2026-04-17T22:04:00+00:00,2026-04-20T19:04:00+00:00,complaint,neutral,normal,escalate,create_ticket,synthetic_generator
evt_00442,tracking_request:12,cust_0450,chat,"Hello, can you confirm the expected date for the running shoes. Thanks.",ord_97487,standard,2026-04-13T00:54:00+00:00,2026-04-14T20:54:00+00:00,tracking_request,neutral,normal,send_tracking_update,send_tracking_update,synthetic_generator
evt_00443,complaint:13,cust_0109,social,"I have lost confidence in how you handle things like order 40917, and I am not happy about how long it has taken. Please let me know.",ord_57027,free,2026-04-16T14:26:00+00:00,2026-04-17T05:26:00+00:00,complaint,negative,normal,escalate,create_ticket,synthetic_generator
evt_00444,tracking_request:13,cust_0723,email,looking for an update on where the replacement charger has got to. This has been a frustrating experience. Appreciate it.,ord_45014,enterprise,2026-04-14T11:04:00+00:00,2026-04-17T10:04:00+00:00,tracking_request,negative,normal,send_tracking_update,send_tracking_update,synthetic_generator
evt_00445,refund_request:10,cust_0508,social,"Hi, the parcel with the running shoes came late and I would rather have the money.",ord_32162,free,2026-04-07T04:14:00+00:00,2026-04-07T06:14:00+00:00,refund_request,neutral,high,refund_review,refund_review,synthetic_generator
evt_00446,tracking_request:04,cust_0698,chat,"Hey - Happy with the service overall, just please share the shipment progress for the replacement charger. Thanks.",ord_85203,free,2026-04-12T23:11:00+00:00,2026-04-14T11:11:00+00:00,tracking_request,positive,normal,send_tracking_update,send_tracking_update,synthetic_generator
evt_00447,refund_request:10,cust_0301,social,the parcel with order 40917 came late and I would rather have the money. I have had to chase this repeatedly. Appreciate it.,ord_46489,standard,2026-05-02T08:52:00+00:00,2026-05-02T14:52:00+00:00,refund_request,negative,normal,refund_review,refund_review,synthetic_generator
evt_00448,tracking_request:11,cust_0809,social,"Hello, Honestly, how far along is the delivery of the wireless keyboard. I expected better than this. Regards.",ord_81103,free,2026-04-29T04:39:00+00:00,2026-05-01T13:39:00+00:00,tracking_request,negative,normal,send_tracking_update,send_tracking_update,synthetic_generator
evt_00449,refund_request:13,cust_0871,chat,Hey - raise a return for the replacement charger and refund me please. This has been a frustrating experience. Appreciate it.,ord_94244,free,2026-04-21T23:43:00+00:00,2026-04-23T03:43:00+00:00,refund_request,negative,normal,refund_review,refund_review,synthetic_generator
evt_00450,refund_request:09,cust_0589,social,"Hi, I am returning the replacement charger, what happens with the payment.",ord_14993,standard,2026-04-11T09:42:00+00:00,2026-04-11T13:42:00+00:00,refund_request,neutral,normal,refund_review,refund_review,synthetic_generator
evt_00451,ambiguous:01,cust_0424,email,"Hello, Honestly, if the annual subscription cannot get here this week I would rather be refunded. I expected better than this. Regards.",ord_49192,free,2026-04-26T07:24:00+00:00,2026-04-29T02:24:00+00:00,refund_request,positive,normal,refund_review,refund_review,synthetic_generator
evt_00452,tracking_request:12,cust_0491,chat,"can you confirm the expected date for the running shoes, and I am not happy about how long it has taken. Thanks.",ord_86213,standard,2026-04-25T04:36:00+00:00,2026-04-28T01:36:00+00:00,tracking_request,negative,normal,send_tracking_update,send_tracking_update,synthetic_generator
evt_00453,ambiguous:01,cust_0761,email,"Good morning, if order 88214 cannot get here this week I would rather be refunded. Please advise. Regards.",ord_87955,standard,2026-04-17T16:22:00+00:00,2026-04-18T18:22:00+00:00,refund_request,neutral,normal,refund_review,refund_review,synthetic_generator
evt_00454,refund_request:06,cust_0456,email,Hey - how do I get my funds returned for teh kitchen scale. At this point I have run out of patience. Regards.,ord_18187,free,2026-04-24T14:44:00+00:00,2026-04-25T02:44:00+00:00,refund_request,negative,normal,refund_review,refund_review,synthetic_generator
evt_00455,tracking_request:04,cust_0696,social,"Hello, Quick question - please share the shipment progress for my monthly plan. Regards.",ord_11362,free,2026-05-03T13:22:00+00:00,2026-05-06T13:22:00+00:00,tracking_request,neutral,normal,send_tracking_update,send_tracking_update,synthetic_generator
evt_00456,tracking_request:01,cust_0189,social,"Hey - can I get a status update on order 88214, and I am not happy about how long it has taken. Please let me know.",ord_40590,enterprise,2026-04-11T16:04:00+00:00,2026-04-14T03:04:00+00:00,tracking_request,negative,normal,send_tracking_update,send_tracking_update,synthetic_generator
evt_00457,complaint:01,cust_0563,social,"Hello, the service around the annual subscription has been genuinely poor. Please let me know.",ord_67428,standard,2026-04-14T17:57:00+00:00,2026-04-15T05:57:00+00:00,complaint,neutral,normal,escalate,create_ticket,synthetic_generator
evt_00458,delivery_issue:03,cust_0312,chat,"Good morning, Honestly, courier marked the kitchen scale as attempted but nobody came. I expected better than this. Appreciate it.",ord_36594,standard,2026-04-12T02:00:00+00:00,2026-04-13T20:00:00+00:00,delivery_issue,negative,normal,offer_credit,apply_credit,synthetic_generator
evt_00459,general_question:11,cust_0050,social,"Hello, do I need an account to buy the annual subscription, whenever you get a chance. Thanks.",ord_39964,enterprise,2026-04-06T10:46:00+00:00,2026-04-07T14:46:00+00:00,general_question,neutral,normal,auto_resolve,knowledge_response,synthetic_generator
evt_00460,delivery_issue:05,cust_0449,email,This is disappointing - it has been two weeks and the blue headphones has not reached me. Regards.,ord_69703,standard,2026-04-07T20:18:00+00:00,2026-04-08T03:18:00+00:00,delivery_issue,negative,normal,offer_credit,apply_credit,synthetic_generator
evt_00461,delivery_issue:02,cust_0585,chat,"Hello, the replacement charger was meant to arrive on Tuesday and it is still not here, which is really not good enough.",ord_14943,standard,2026-04-26T02:00:00+00:00,2026-04-27T05:00:00+00:00,delivery_issue,positive,normal,offer_credit,apply_credit,synthetic_generator
evt_00462,general_question:05,cust_0867,phone,"Hello, what payment methods work for the standing desk. Please advise. Appreciate it.",ord_90702,standard,2026-04-13T21:15:00+00:00,2026-04-15T14:15:00+00:00,general_question,neutral,normal,auto_resolve,knowledge_response,synthetic_generator
evt_00463,tracking_request:04,cust_0363,social,"Good morning, please share the shipment progress for the annual subscription. Please advise. Thanks.",ord_13157,enterprise,2026-04-22T19:42:00+00:00,2026-04-24T10:42:00+00:00,tracking_request,neutral,normal,send_tracking_update,send_tracking_update,synthetic_generator
evt_00464,complaint:07,cust_0423,social,"I have been passed between four agents about teh wireless keyboard, which is really not good enough.",ord_57783,free,2026-05-03T16:21:00+00:00,2026-05-03T21:21:00+00:00,complaint,negative,normal,escalate,create_ticket,synthetic_generator
evt_00465,general_question:02,cust_0654,social,can I change the delivery address for the running shoes. Please advise. Thanks.,ord_60314,free,2026-04-10T15:45:00+00:00,2026-04-11T09:45:00+00:00,general_question,neutral,normal,auto_resolve,knowledge_response,synthetic_generator
evt_00466,refund_request:13,cust_0386,phone,raise a return for the wireless keyboard and refund me please. Please advise.,ord_73891,standard,2026-05-02T18:02:00+00:00,2026-05-03T06:02:00+00:00,refund_request,neutral,normal,refund_review,refund_review,synthetic_generator
evt_00467,complaint:04,cust_0512,phone,"Good morning, the handling of the replacement charger has been unacceptable. I have had to chase this repeatedly.",ord_38969,free,2026-04-23T04:24:00+00:00,2026-04-25T13:24:00+00:00,complaint,negative,normal,escalate,create_ticket,synthetic_generator
evt_00468,complaint:12,cust_0515,chat,"Hi, I keep being promised callbacks about order 40917 that never happen. At this point I have run out of patience. Thanks.",ord_54703,free,2026-04-14T06:23:00+00:00,2026-04-15T16:23:00+00:00,complaint,negative,normal,escalate,create_ticket,synthetic_generator
evt_00469,general_question:13,cust_0428,social,"Hello, Quick question - what happens to my subscription if I pause the blue headphones. Thanks.",ord_75100,free,2026-04-28T09:30:00+00:00,2026-04-29T03:30:00+00:00,general_question,negative,normal,auto_resolve,knowledge_response,synthetic_generator
evt_00470,delivery_issue:05,cust_0081,email,it has been two weeks and teh wireless keyboard has not reached me. This has been a frustrating experience. Thanks.,ord_34546,free,2026-05-02T00:28:00+00:00,2026-05-03T16:28:00+00:00,delivery_issue,negative,normal,offer_credit,apply_credit,synthetic_generator
evt_00471,refund_request:04,cust_0829,chat,"Hey - requesting reimbursement for the running shoes. Your team has been great so far, thank you. Appreciate it.",ord_69162,standard,2026-04-23T02:30:00+00:00,2026-04-25T10:30:00+00:00,refund_request,positive,normal,refund_review,refund_review,synthetic_generator
evt_00472,general_question:02,cust_0890,email,"Good morning, can I change the delivery address for order 40917. Regards.",ord_58739,standard,2026-04-13T23:55:00+00:00,2026-04-15T04:55:00+00:00,general_question,neutral,normal,auto_resolve,knowledge_response,synthetic_generator
evt_00473,general_question:07,cust_0342,chat,"Good morning, Quick question - is there a student discount available on the kitchen scale.",ord_88608,standard,2026-05-03T04:53:00+00:00,2026-05-04T00:53:00+00:00,general_question,neutral,normal,auto_resolve,knowledge_response,synthetic_generator
evt_00474,general_question:00,cust_0100,social,"Hey - what is the warranty period on the wireless keyboard. Your team has been great so far, thank you.",ord_82320,free,2026-04-08T14:54:00+00:00,2026-04-09T08:54:00+00:00,general_question,positive,normal,auto_resolve,knowledge_response,synthetic_generator
evt_00475,general_question:03,cust_0342,social,is order 88214 covered by your returns window. Thanks.,ord_53858,free,2026-05-03T19:31:00+00:00,2026-05-05T21:31:00+00:00,general_question,neutral,normal,auto_resolve,knowledge_response,synthetic_generator
evt_00476,ambiguous:04,cust_0682,social,"Good morning, Hello, what are my options if the standing desk never shows up. Thanks. pls let me know.",ord_60641,standard,2026-04-14T16:55:00+00:00,2026-04-16T06:55:00+00:00,general_question,neutral,normal,auto_resolve,knowledge_response,synthetic_generator
evt_00477,refund_request:07,cust_0670,social,"Happy with the service overall, just the delivery of my monthly plan was fine but I changed my mind and want a refund. Thanks.",ord_92868,free,2026-04-11T02:11:00+00:00,2026-04-12T10:11:00+00:00,refund_request,positive,normal,refund_review,refund_review,synthetic_generator
evt_00478,general_question:09,cust_0890,chat,"Hi, can the replacement charger be gift wrapped, whenever you get a chance. Regards.",ord_17591,free,2026-04-24T22:36:00+00:00,2026-04-26T16:36:00+00:00,general_question,neutral,normal,auto_resolve,knowledge_response,synthetic_generator
evt_00479,ambiguous:04,cust_0726,chat,Hey - Quick question - what are my options if the annual subscription never shows up. Regards.,ord_82662,free,2026-05-04T06:24:00+00:00,2026-05-06T06:24:00+00:00,general_question,neutral,normal,auto_resolve,knowledge_response,synthetic_generator
evt_00480,delivery_issue:13,cust_0265,email,"Good morning, my order containing the kitchen scale appears to be lost in transit. I have had to chase this repeatedly. Regards.",ord_63288,free,2026-04-07T16:20:00+00:00,2026-04-09T01:20:00+00:00,delivery_issue,negative,normal,offer_credit,apply_credit,synthetic_generator
evt_00481,refund_request:11,cust_0227,phone,Hey - is it possible to undo the purchase of the kitchen scale. At this point I have run out of patience. Regards.,ord_49493,enterprise,2026-04-11T01:38:00+00:00,2026-04-12T15:38:00+00:00,refund_request,negative,normal,refund_review,refund_review,synthetic_generator
evt_00482,tracking_request:04,cust_0880,phone,"Hello, please share the shipment progress for the annual subscription. Thanks.",ord_73716,standard,2026-04-11T03:22:00+00:00,2026-04-12T16:22:00+00:00,tracking_request,neutral,normal,send_tracking_update,send_tracking_update,synthetic_generator
evt_00483,refund_request:09,cust_0485,chat,"Hey - I am returning the wireless keyboard, what happens with the payment, and I am not happy about how long it has taken.",ord_35710,free,2026-04-14T18:20:00+00:00,2026-04-15T14:20:00+00:00,refund_request,negative,normal,refund_review,refund_review,synthetic_generator
evt_00484,general_question:10,cust_0430,phone,"what is the difference between the blue headphones and the newer version, whenever you get a chance. Thanks.",ord_92658,enterprise,2026-04-30T03:56:00+00:00,2026-05-01T17:56:00+00:00,general_question,neutral,normal,auto_resolve,knowledge_response,synthetic_generator
evt_00485,delivery_issue:05,cust_0170,social,"Hi, Hi there, it has been two weeks and the annual subscription has not reached me.",ord_73384,free,2026-04-25T00:01:00+00:00,2026-04-25T18:01:00+00:00,delivery_issue,neutral,normal,offer_credit,apply_credit,synthetic_generator
evt_00486,refund_request:04,cust_0468,chat,requesting reimbursement for the replacement charger. Please let me know.,ord_38956,free,2026-04-19T22:29:00+00:00,2026-04-22T18:29:00+00:00,refund_request,neutral,normal,refund_review,refund_review,synthetic_generator
evt_00487,refund_request:07,cust_0261,chat,the delivery of order 40917 was fine but I changed my mind and want a refund. Regards.,ord_26383,standard,2026-04-26T19:55:00+00:00,2026-04-28T08:55:00+00:00,refund_request,neutral,normal,refund_review,refund_review,synthetic_generator
evt_00488,complaint:08,cust_0190,social,"Hello, your process for the wireless keyboard has cost me an entire afternoon, whenever you get a chance.",ord_86826,standard,2026-05-05T20:11:00+00:00,2026-05-07T01:11:00+00:00,complaint,neutral,normal,escalate,create_ticket,synthetic_generator
evt_00489,general_question:07,cust_0024,chat,"Good morning, is there a student discount available on the kitchen scale. Please let me know.",ord_85670,enterprise,2026-04-17T20:04:00+00:00,2026-04-18T00:04:00+00:00,general_question,neutral,high,auto_resolve,knowledge_response,synthetic_generator
evt_00490,refund_request:11,cust_0322,email,"Hey - is it possible to undo the purchase of order 88214, which is really not good enough. Appreciate it.",ord_33020,standard,2026-04-26T14:54:00+00:00,2026-04-29T10:54:00+00:00,refund_request,negative,normal,refund_review,refund_review,synthetic_generator
evt_00491,refund_request:10,cust_0300,email,"Hello, the parcel with order 88214 came late and I would rather have the money. I have had to chase this repeatedly. Appreciate it.",ord_90138,enterprise,2026-04-07T14:45:00+00:00,2026-04-09T06:45:00+00:00,refund_request,negative,normal,refund_review,refund_review,synthetic_generator
evt_00492,refund_request:09,cust_0490,email,"Hi, I am returning the standing desk, what happens with the payment. Appreciate it.",ord_62463,free,2026-04-15T10:46:00+00:00,2026-04-15T11:46:00+00:00,refund_request,neutral,high,refund_review,refund_review,synthetic_generator
evt_00493,tracking_request:12,cust_0141,email,"Hello, This is disappointing - can you confirm teh expected date for order 40917.",ord_32959,free,2026-04-11T08:11:00+00:00,2026-04-11T15:11:00+00:00,tracking_request,negative,normal,send_tracking_update,send_tracking_update,synthetic_generator
evt_00494,tracking_request:00,cust_0565,social,"Hi, Hello, where is my the blue headphones right now. Thanks. Please let me know.",ord_66656,free,2026-04-13T10:55:00+00:00,2026-04-14T03:55:00+00:00,tracking_request,neutral,normal,send_tracking_update,send_tracking_update,synthetic_generator
evt_00495,tracking_request:06,cust_0520,email,"Hello, could you tell me which stage the standing desk is at. This has been a frustrating experience. Regards.",ord_90949,enterprise,2026-04-14T03:10:00+00:00,2026-04-14T16:10:00+00:00,tracking_request,neutral,normal,send_tracking_update,send_tracking_update,synthetic_generator
evt_00496,general_question:06,cust_0540,chat,"Hi there, do you ship the replacement charger internationally.",ord_11953,free,2026-04-10T20:15:00+00:00,2026-04-13T05:15:00+00:00,general_question,neutral,normal,auto_resolve,knowledge_response,synthetic_generator
evt_00497,ambiguous:01,cust_0632,email,"Good morning, if the annual subscription cannot get here this week I would rather be refunded.",ord_74310,standard,2026-04-28T21:51:00+00:00,2026-04-29T22:51:00+00:00,refund_request,positive,normal,refund_review,refund_review,synthetic_generator
evt_00498,tracking_request:09,cust_0347,social,Hey - This is disappointing - what does the courier say about the kitchen scale at the moment.,ord_95417,standard,2026-04-16T03:43:00+00:00,2026-04-17T09:43:00+00:00,tracking_request,negative,normal,send_tracking_update,send_tracking_update,synthetic_generator
evt_00499,refund_request:00,cust_0383,email,"Hi, I would like my money back for order 88214. I have had to chase this repeatedly. Appreciate it.",ord_49014,standard,2026-04-24T04:31:00+00:00,2026-04-25T08:31:00+00:00,refund_request,positive,normal,refund_review,refund_review,synthetic_generator
evt_00500,delivery_issue:04,cust_0669,phone,Hey - shipment containing my monthly plan seems stuck at the depot. This has been a frustrating experience. Regards.,ord_74689,standard,2026-05-02T00:52:00+00:00,2026-05-03T21:52:00+00:00,delivery_issue,negative,normal,offer_credit,apply_credit,synthetic_generator
evt_00501,complaint:11,cust_0807,phone,"Hey - the way the running shoes was dealt with reflects badly on your company, whenever you get a chance. Thanks.",ord_15684,enterprise,2026-04-12T14:33:00+00:00,2026-04-14T18:33:00+00:00,complaint,neutral,normal,escalate,create_ticket,synthetic_generator
evt_00502,complaint:01,cust_0064,email,"Good morning, This is disappointing - the service around order 40917 has been genuinely poor. Thanks.",ord_50014,standard,2026-04-09T03:10:00+00:00,2026-04-10T16:10:00+00:00,complaint,negative,normal,escalate,create_ticket,synthetic_generator
evt_00503,ambiguous:03,cust_0271,social,"Good morning, still waiting on the wireless keyboard and still nobody has explained why. Really appreciate the quick responses previously.",ord_97490,free,2026-04-22T21:38:00+00:00,2026-04-25T16:38:00+00:00,complaint,positive,normal,escalate,create_ticket,synthetic_generator
evt_00504,delivery_issue:13,cust_0593,email,"Hello, my order containing my monthly plan appears to be lost in transit, which is really not good enough. Please let me know.",ord_86433,standard,2026-04-10T15:48:00+00:00,2026-04-12T20:48:00+00:00,delivery_issue,negative,normal,offer_credit,apply_credit,synthetic_generator
evt_00505,general_question:02,cust_0644,social,"Hello, Hello, can I change the delivery address for the annual subscription. Thanks.",ord_95737,free,2026-04-18T18:42:00+00:00,2026-04-19T09:42:00+00:00,general_question,neutral,normal,auto_resolve,knowledge_response,synthetic_generator
evt_00506,refund_request:02,cust_0867,social,"Hey - Hi there, can you send this the wireless keyboard back and return the payment. Thanks.",ord_71477,free,2026-04-20T08:19:00+00:00,2026-04-22T22:19:00+00:00,refund_request,neutral,normal,refund_review,refund_review,synthetic_generator
evt_00507,delivery_issue:04,cust_0618,email,"Good morning, shipment containing the blue headphones seems stuck at the depot. I have had to chase this repeatedly.",ord_40195,free,2026-04-28T05:35:00+00:00,2026-04-30T23:35:00+00:00,delivery_issue,negative,normal,offer_credit,apply_credit,synthetic_generator
evt_00508,refund_request:06,cust_0211,email,"Good morning, how do I get my funds returned for the blue headphones, which is really not good enough. Thanks.",ord_83230,free,2026-04-27T19:30:00+00:00,2026-04-29T14:30:00+00:00,refund_request,negative,normal,refund_review,refund_review,synthetic_generator
evt_00509,tracking_request:11,cust_0607,chat,"Hello, Hello, how far along is the delivery of the kitchen scale. Thanks. Thanks.",ord_48725,enterprise,2026-04-10T20:10:00+00:00,2026-04-11T12:10:00+00:00,tracking_request,neutral,normal,send_tracking_update,send_tracking_update,synthetic_generator
evt_00510,delivery_issue:05,cust_0681,social,"Good morning, it has been two weeks and order 40917 has not reached me. Please advise. Please let me know.",ord_94890,free,2026-04-09T00:52:00+00:00,2026-04-09T14:52:00+00:00,delivery_issue,neutral,normal,offer_credit,apply_credit,synthetic_generator
evt_00511,delivery_issue:06,cust_0378,phone,"Hi, the order 88214 order missed its promised window.",ord_70071,free,2026-04-26T03:17:00+00:00,2026-04-27T00:17:00+00:00,delivery_issue,neutral,normal,offer_credit,apply_credit,synthetic_generator
evt_00512,complaint:09,cust_0267,email,"Hello, Hi there, no one has taken ownership of the problem with the annual subscription. Please let me know.",ord_83569,standard,2026-04-18T17:11:00+00:00,2026-04-19T11:11:00+00:00,complaint,neutral,normal,escalate,create_ticket,synthetic_generator
evt_00513,delivery_issue:03,cust_0274,email,"Good morning, Hi there, courier marked the standing desk as attempted but nobody came. Thanks.",ord_72984,free,2026-04-09T07:29:00+00:00,2026-04-10T17:29:00+00:00,delivery_issue,neutral,normal,offer_credit,apply_credit,synthetic_generator
evt_00514,refund_request:04,cust_0871,chat,"Hello, requesting reimbursement for the wireless keyboard. Please let me know.",ord_63062,standard,2026-04-06T19:23:00+00:00,2026-04-08T22:23:00+00:00,refund_request,neutral,normal,refund_review,refund_review,synthetic_generator
evt_00515,general_question:09,cust_0091,chat,Hey - Thanks for the help earlier - can the blue headphones be gift wrapped. Please let me know.,ord_56320,free,2026-04-12T01:57:00+00:00,2026-04-12T20:57:00+00:00,general_question,positive,normal,auto_resolve,knowledge_response,synthetic_generator
evt_00516,refund_request:08,cust_0342,email,"Hello, This is disappointing - please cancel the wireless keyboard and put the amount back on my card. Thanks.",ord_60807,enterprise,2026-04-19T10:23:00+00:00,2026-04-22T07:23:00+00:00,refund_request,negative,normal,refund_review,refund_review,synthetic_generator
evt_00517,general_question:06,cust_0446,phone,"Hello, do you ship the blue headphones internationally.",ord_10428,standard,2026-04-18T19:28:00+00:00,2026-04-19T18:28:00+00:00,general_question,neutral,normal,auto_resolve,knowledge_response,synthetic_generator
evt_00518,refund_request:08,cust_0483,chat,Hey - please cancel the replacement charger and put the amount back on my card. At this point I have run out of patience. Thanks.,ord_40945,free,2026-04-09T13:21:00+00:00,2026-04-10T20:21:00+00:00,refund_request,negative,normal,refund_review,refund_review,synthetic_generator
evt_00519,complaint:08,cust_0171,email,"Good morning, your process for my monthly plan has cost me an entire afternoon, whenever you get a chance. Appreciate it.",ord_99675,free,2026-04-13T19:39:00+00:00,2026-04-15T12:39:00+00:00,complaint,neutral,normal,escalate,create_ticket,synthetic_generator
evt_00520,tracking_request:03,cust_0796,social,"Good morning, Hello, any news on when order 40917 will get here. Thanks. Thanks.",ord_50556,standard,2026-04-28T20:04:00+00:00,2026-04-28T21:04:00+00:00,tracking_request,neutral,high,send_tracking_update,send_tracking_update,synthetic_generator
evt_00521,ambiguous:01,cust_0491,social,"Hey - if the kitchen scale cannot get here this week I would rather be refunded, whenever you get a chance. Thanks.",ord_61974,free,2026-04-21T22:42:00+00:00,2026-04-22T19:42:00+00:00,refund_request,negative,normal,refund_review,refund_review,synthetic_generator
evt_00522,tracking_request:07,cust_0197,phone,Hey - is there a reference number I can use to watch the blue headphones. At this point I have run out of patience. Regards.,ord_30666,enterprise,2026-05-04T03:07:00+00:00,2026-05-05T19:07:00+00:00,tracking_request,negative,normal,send_tracking_update,send_tracking_update,synthetic_generator
evt_00523,general_question:07,cust_0440,chat,Hey - Quick question - is there a student discount available on the wireless keyboard. Regards.,ord_32961,free,2026-04-22T08:38:00+00:00,2026-04-24T17:38:00+00:00,general_question,neutral,normal,auto_resolve,knowledge_response,synthetic_generator
evt_00524,complaint:03,cust_0313,email,"Hey - Honestly, nobody in your team seems to take my monthly plan seriously. I expected better than this.",ord_71561,free,2026-04-13T21:02:00+00:00,2026-04-14T21:02:00+00:00,complaint,negative,normal,escalate,create_ticket,synthetic_generator
evt_00525,delivery_issue:08,cust_0341,email,Hey - the wireless keyboard was returned to sender without anyone contacting me. At this point I have run out of patience. Thanks.,ord_42588,free,2026-04-09T18:15:00+00:00,2026-04-12T12:15:00+00:00,delivery_issue,negative,normal,offer_credit,apply_credit,synthetic_generator
evt_00526,complaint:13,cust_0643,email,"Hi, I have lost confidence in how you handle things like the replacement charger. At this point I have run out of patience.",ord_75598,free,2026-05-03T05:55:00+00:00,2026-05-05T02:55:00+00:00,complaint,negative,normal,escalate,create_ticket,synthetic_generator
evt_00527,refund_request:13,cust_0669,chat,"Hey - Honestly, raise a return for teh standing desk and refund me pls. I expected better than this. Regards.",ord_15256,standard,2026-04-30T08:10:00+00:00,2026-05-01T21:10:00+00:00,refund_request,positive,normal,refund_review,refund_review,synthetic_generator
evt_00528,refund_request:05,cust_0760,email,"Hello, the the annual subscription arrived damaged so I want compensation for it, which is really not good enough. Thanks.",ord_90702,standard,2026-04-08T17:50:00+00:00,2026-04-10T06:50:00+00:00,refund_request,negative,normal,refund_review,refund_review,synthetic_generator
evt_00529,tracking_request:10,cust_0039,email,"Good morning, just checking in on the progress of the standing desk. Thanks.",ord_35545,standard,2026-04-07T05:47:00+00:00,2026-04-07T19:47:00+00:00,tracking_request,neutral,normal,send_tracking_update,send_tracking_update,synthetic_generator
evt_00530,tracking_request:13,cust_0659,social,"Hello, Quick question - looking for an update on where the running shoes has got to. Please let me know.",ord_17573,free,2026-04-27T00:46:00+00:00,2026-04-29T01:46:00+00:00,tracking_request,neutral,normal,send_tracking_update,send_tracking_update,synthetic_generator
evt_00531,ambiguous:04,cust_0388,phone,"Good morning, what are my options if the wireless keyboard never shows up, and I am not happy about how long it has taken. Regards.",ord_65528,free,2026-05-04T12:42:00+00:00,2026-05-06T15:42:00+00:00,general_question,negative,normal,auto_resolve,knowledge_response,synthetic_generator
evt_00532,refund_request:13,cust_0437,social,"Hi, raise a return for order 40917 and refund me please, and I am not happy about how long it has taken. Thanks.",ord_77544,standard,2026-04-28T01:49:00+00:00,2026-04-29T22:49:00+00:00,refund_request,negative,normal,refund_review,refund_review,synthetic_generator
evt_00533,tracking_request:09,cust_0426,phone,"Good morning, Quick question - what does the courier say about order 88214 at the moment. Thanks.",ord_83346,free,2026-04-18T14:07:00+00:00,2026-04-19T01:07:00+00:00,tracking_request,neutral,normal,send_tracking_update,send_tracking_update,synthetic_generator
evt_00534,delivery_issue:02,cust_0359,chat,"Good morning, my monthly plan was meant to arrive on Tuesday and it is still not here. At this point I have run out of patience. pls let me know.",ord_62624,free,2026-05-03T16:04:00+00:00,2026-05-05T00:04:00+00:00,delivery_issue,negative,normal,offer_credit,apply_credit,synthetic_generator
evt_00535,refund_request:13,cust_0173,email,"Hey - raise a return for the replacement charger and refund me please, which is really not good enough. Regards.",ord_52126,free,2026-04-23T05:35:00+00:00,2026-04-23T12:35:00+00:00,refund_request,negative,normal,refund_review,refund_review,synthetic_generator
evt_00536,refund_request:01,cust_0710,chat,"Hello, please reverse the charge on order 40917. Thanks. Regards.",ord_10046,standard,2026-04-15T20:30:00+00:00,2026-04-17T06:30:00+00:00,refund_request,positive,normal,refund_review,refund_review,synthetic_generator
evt_00537,complaint:06,cust_0374,phone,"Good morning, every person I speak to about my monthly plan tells me something different. At this point I have run out of patience. Appreciate it.",ord_13409,standard,2026-05-03T10:46:00+00:00,2026-05-05T02:46:00+00:00,complaint,negative,normal,escalate,create_ticket,synthetic_generator
evt_00538,ambiguous:07,cust_0110,chat,"Hey - the courier says delivered but the replacement charger is not here. No rush at all, you have been helpful. Appreciate it.",ord_71072,free,2026-04-12T18:20:00+00:00,2026-04-15T09:20:00+00:00,delivery_issue,positive,normal,offer_credit,apply_credit,synthetic_generator
evt_00539,refund_request:06,cust_0447,email,"Good morning, how do I get my funds returned for the blue headphones. Please advise. Appreciate it.",ord_66397,standard,2026-04-08T23:23:00+00:00,2026-04-10T01:23:00+00:00,refund_request,neutral,normal,refund_review,refund_review,synthetic_generator
evt_00540,delivery_issue:04,cust_0470,email,"Hey - shipment containing order 40917 seems stuck at the depot, whenever you get a chance.",ord_78464,standard,2026-05-05T13:38:00+00:00,2026-05-06T11:38:00+00:00,delivery_issue,neutral,normal,offer_credit,apply_credit,synthetic_generator
evt_00541,general_question:05,cust_0784,email,"Hello, what payment methods work for the wireless keyboard. Please advise. Please let me know.",ord_85612,standard,2026-05-05T06:43:00+00:00,2026-05-05T08:43:00+00:00,general_question,neutral,high,auto_resolve,knowledge_response,synthetic_generator
evt_00542,refund_request:12,cust_0219,chat,"Good morning, I want to send the standing desk back for a credit to my account. At this point I have run out of patience. Please let me know.",ord_35140,standard,2026-04-08T19:34:00+00:00,2026-04-09T03:34:00+00:00,refund_request,negative,normal,refund_review,refund_review,synthetic_generator
evt_00543,complaint:01,cust_0830,social,"Hi, the service around the running shoes has been genuinely poor. This has been a frustrating experience. Regards.",ord_22780,free,2026-04-10T15:08:00+00:00,2026-04-11T10:08:00+00:00,complaint,negative,normal,escalate,create_ticket,synthetic_generator
evt_00544,refund_request:12,cust_0373,phone,"Hello, I want to send the wireless keyboard back for a credit to my account. This has been a frustrating experience. Please let me know.",ord_20656,standard,2026-04-12T11:10:00+00:00,2026-04-13T20:10:00+00:00,refund_request,negative,normal,refund_review,refund_review,synthetic_generator
evt_00545,complaint:13,cust_0244,email,I have lost confidence in how you handle things like order 40917. At this point I have run out of patience.,ord_58120,enterprise,2026-05-02T18:16:00+00:00,2026-05-02T22:16:00+00:00,complaint,negative,high,escalate,create_ticket,synthetic_generator
evt_00546,delivery_issue:08,cust_0550,social,"Hello, This is disappointing - the annual subscription was returned to sender without anyone contacting me. Appreciate it.",ord_98784,enterprise,2026-04-16T12:45:00+00:00,2026-04-18T04:45:00+00:00,delivery_issue,negative,normal,offer_credit,apply_credit,synthetic_generator
evt_00547,complaint:06,cust_0720,chat,every person I speak to about the kitchen scale tells me something different. This has been a frustrating experience. Appreciate it.,ord_31509,free,2026-04-17T06:34:00+00:00,2026-04-17T22:34:00+00:00,complaint,negative,normal,escalate,create_ticket,synthetic_generator
evt_00548,tracking_request:13,cust_0534,phone,"Hey - looking for an update on where my monthly plan has got to, whenever you get a chance. Regards.",ord_16161,enterprise,2026-04-06T15:10:00+00:00,2026-04-06T23:10:00+00:00,tracking_request,neutral,high,send_tracking_update,send_tracking_update,synthetic_generator
evt_00549,tracking_request:08,cust_0004,phone,"Good morning, Hi there, when is the kitchen scale scheduled to arrive.",ord_54135,standard,2026-04-14T06:55:00+00:00,2026-04-16T02:55:00+00:00,tracking_request,negative,normal,send_tracking_update,send_tracking_update,synthetic_generator
evt_00550,general_question:00,cust_0291,email,"Hi there, what is teh warranty period on the replacement charger. Appreciate it.",ord_27030,free,2026-04-23T17:28:00+00:00,2026-04-24T04:28:00+00:00,general_question,neutral,normal,auto_resolve,knowledge_response,synthetic_generator
evt_00551,general_question:00,cust_0173,email,Hey - what is the warranty period on the wireless keyboard. Please advise. Please let me know.,ord_26422,enterprise,2026-05-01T16:08:00+00:00,2026-05-04T01:08:00+00:00,general_question,neutral,normal,auto_resolve,knowledge_response,synthetic_generator
evt_00552,refund_request:07,cust_0615,email,"Good morning, Hello, the delivery of order 40917 was fine but I changed my mind and want a refund. Thanks.",ord_88559,standard,2026-04-30T05:16:00+00:00,2026-05-02T09:16:00+00:00,refund_request,neutral,normal,refund_review,refund_review,synthetic_generator
evt_00553,refund_request:06,cust_0856,social,"Good morning, Hello, how do I get my funds returned for the wireless keyboard. Thanks. Please let me know.",ord_65922,enterprise,2026-04-30T14:36:00+00:00,2026-05-03T13:36:00+00:00,refund_request,neutral,normal,refund_review,refund_review,synthetic_generator
evt_00554,refund_request:10,cust_0811,phone,"Hello, Hi there, the parcel with the kitchen scale came late and I would rather have the money. Appreciate it.",ord_48497,free,2026-04-24T17:51:00+00:00,2026-04-24T23:51:00+00:00,refund_request,neutral,normal,refund_review,refund_review,synthetic_generator
evt_00555,ambiguous:01,cust_0267,email,"Good morning, Honestly, if order 88214 cannot get here this week I would rather be refunded. I expected better than this. Appreciate it.",ord_37779,free,2026-04-16T00:51:00+00:00,2026-04-18T05:51:00+00:00,refund_request,negative,normal,refund_review,refund_review,synthetic_generator
evt_00556,ambiguous:00,cust_0292,chat,"Hello, Hello, the kitchen scale has not arrived and I am starting to want my money back. Thanks.",ord_26305,free,2026-04-16T22:11:00+00:00,2026-04-17T11:11:00+00:00,delivery_issue,neutral,normal,offer_credit,apply_credit,synthetic_generator
evt_00557,delivery_issue:00,cust_0667,phone,"Good morning, Happy with the service overall, just my order 40917 still has not turned up. Please let me know.",ord_74439,standard,2026-04-19T10:07:00+00:00,2026-04-20T22:07:00+00:00,delivery_issue,positive,normal,offer_credit,apply_credit,synthetic_generator
evt_00558,refund_request:13,cust_0785,phone,"Hello, raise a return for the wireless keyboard and refund me please, whenever you get a chance.",ord_30793,standard,2026-04-29T17:36:00+00:00,2026-04-30T17:36:00+00:00,refund_request,negative,normal,refund_review,refund_review,synthetic_generator
evt_00559,complaint:05,cust_0130,chat,"Good morning, I am extremely let down by how teh annual subscription was managed. This has been a frustrating experience. Appreciate it.",ord_93584,standard,2026-04-21T16:05:00+00:00,2026-04-22T01:05:00+00:00,complaint,negative,normal,escalate,create_ticket,synthetic_generator
evt_00560,complaint:12,cust_0672,email,"Hello, I keep being promised callbacks about teh replacement charger that never happen, which is really not good enough. Thanks.",ord_94463,standard,2026-05-01T05:39:00+00:00,2026-05-02T02:39:00+00:00,complaint,negative,normal,escalate,create_ticket,synthetic_generator
evt_00561,ambiguous:01,cust_0823,phone,"Good morning, if the replacement charger cannot get here this week I would rather be refunded. Really appreciate the quick responses previously. Regards.",ord_36385,enterprise,2026-04-12T15:07:00+00:00,2026-04-14T16:07:00+00:00,refund_request,positive,normal,refund_review,refund_review,synthetic_generator
evt_00562,tracking_request:11,cust_0195,phone,"Hi, how far along is the delivery of my monthly plan. No rush at all, you have been helpful.",ord_63926,free,2026-05-03T04:39:00+00:00,2026-05-03T12:39:00+00:00,tracking_request,positive,normal,send_tracking_update,send_tracking_update,synthetic_generator
evt_00563,complaint:05,cust_0410,email,"Hi, I am extremely let down by how my monthly plan was managed. I have had to chase this repeatedly. Thanks.",ord_13467,free,2026-04-25T06:01:00+00:00,2026-04-28T06:01:00+00:00,complaint,negative,normal,escalate,create_ticket,synthetic_generator
evt_00564,ambiguous:04,cust_0879,social,"Hi, Quick question - what are my options if teh replacement charger never shows up. Regards.",ord_59643,free,2026-04-17T22:25:00+00:00,2026-04-20T17:25:00+00:00,general_question,neutral,normal,auto_resolve,knowledge_response,synthetic_generator
evt_00565,tracking_request:12,cust_0474,chat,Hey - Quick question - can you confirm the expected date for order 88214. Please let me know.,ord_24026,standard,2026-04-26T15:09:00+00:00,2026-04-28T07:09:00+00:00,tracking_request,neutral,normal,send_tracking_update,send_tracking_update,synthetic_generator
evt_00566,refund_request:03,cust_0701,email,Hey - I no longer want my monthly plan and expect the amount returned. This has been a frustrating experience. Appreciate it.,ord_43843,free,2026-04-25T20:07:00+00:00,2026-04-27T15:07:00+00:00,refund_request,negative,normal,refund_review,refund_review,synthetic_generator
evt_00567,refund_request:07,cust_0752,chat,"Hi there, the delivery of the blue headphones was fine but I changed my mind and want a refund.",ord_60927,enterprise,2026-04-21T23:16:00+00:00,2026-04-23T06:16:00+00:00,refund_request,neutral,normal,refund_review,refund_review,synthetic_generator
evt_00568,refund_request:11,cust_0366,chat,"Hey - is it possible to undo teh purchase of the standing desk, whenever you get a chance. Thanks.",ord_21969,free,2026-04-22T16:49:00+00:00,2026-04-25T05:49:00+00:00,refund_request,neutral,normal,refund_review,refund_review,synthetic_generator
evt_00569,tracking_request:13,cust_0591,chat,"Hi, Thanks for the help earlier - looking for an update on where the running shoes has got to. Thanks.",ord_25204,free,2026-04-14T04:28:00+00:00,2026-04-14T06:28:00+00:00,tracking_request,positive,high,send_tracking_update,send_tracking_update,synthetic_generator
evt_00570,complaint:12,cust_0522,phone,"Hey - I keep being promised callbacks about the blue headphones that never happen, and I am not happy about how long it has taken. Appreciate it.",ord_36038,standard,2026-04-26T15:06:00+00:00,2026-04-29T11:06:00+00:00,complaint,negative,normal,escalate,create_ticket,synthetic_generator
evt_00571,ambiguous:04,cust_0563,social,Hey - what are my options if the wireless keyboard never shows up. Regards.,ord_18920,free,2026-04-12T07:34:00+00:00,2026-04-15T04:34:00+00:00,general_question,neutral,normal,auto_resolve,knowledge_response,synthetic_generator
evt_00572,refund_request:04,cust_0546,social,"Hi, requesting reimbursement for the blue headphones. Please advise.",ord_13822,enterprise,2026-04-08T15:13:00+00:00,2026-04-11T12:13:00+00:00,refund_request,neutral,normal,refund_review,refund_review,synthetic_generator
evt_00573,refund_request:08,cust_0355,social,"Good morning, pls cancel the blue headphones and put teh amount back on my card. I have had to chase this repeatedly. Appreciate it.",ord_96137,free,2026-04-30T23:51:00+00:00,2026-05-02T23:51:00+00:00,refund_request,negative,normal,refund_review,refund_review,synthetic_generator
evt_00574,refund_request:11,cust_0886,phone,"Good morning, is it possible to undo the purchase of order 88214, whenever you get a chance. Regards.",ord_12631,free,2026-04-17T23:59:00+00:00,2026-04-19T08:59:00+00:00,refund_request,positive,normal,refund_review,refund_review,synthetic_generator
evt_00575,general_question:12,cust_0559,email,"Hi, Hi there, are spare parts available for the running shoes.",ord_37932,free,2026-04-09T13:32:00+00:00,2026-04-09T17:32:00+00:00,general_question,neutral,normal,auto_resolve,knowledge_response,synthetic_generator
evt_00576,tracking_request:09,cust_0819,chat,"Hi, what does the courier say about the running shoes at the moment. I have had to chase this repeatedly. Please let me know.",ord_65345,standard,2026-04-13T20:19:00+00:00,2026-04-14T21:19:00+00:00,tracking_request,negative,normal,send_tracking_update,send_tracking_update,synthetic_generator
evt_00577,delivery_issue:06,cust_0130,social,"Hey - Hello, teh teh kitchen scale oder missed its promised window. Thanks. Appreciate it.",ord_68735,enterprise,2026-05-06T01:31:00+00:00,2026-05-06T23:31:00+00:00,delivery_issue,negative,normal,offer_credit,apply_credit,synthetic_generator
evt_00578,general_question:01,cust_0071,social,"Hi, Quick question - does the annual subscription come in other sizes.",ord_69923,enterprise,2026-05-01T07:53:00+00:00,2026-05-02T12:53:00+00:00,general_question,neutral,normal,auto_resolve,knowledge_response,synthetic_generator
evt_00579,complaint:06,cust_0565,phone,Hey - every person I speak to about the wireless keyboard tells me something different. Please let me know.,ord_14648,standard,2026-04-22T05:06:00+00:00,2026-04-22T13:06:00+00:00,complaint,neutral,normal,escalate,create_ticket,synthetic_generator
evt_00580,complaint:13,cust_0814,social,"Hi, I have lost confidence in how you handle things like order 40917. At this point I have run out of patience. Regards.",ord_26676,standard,2026-04-17T03:51:00+00:00,2026-04-20T03:51:00+00:00,complaint,negative,normal,escalate,create_ticket,synthetic_generator
evt_00581,tracking_request:00,cust_0588,social,Hey - where is my the kitchen scale right now. This has been a frustrating experience. Please let me know.,ord_94097,standard,2026-04-07T14:34:00+00:00,2026-04-08T21:34:00+00:00,tracking_request,negative,normal,send_tracking_update,send_tracking_update,synthetic_generator
evt_00582,ambiguous:03,cust_0285,chat,still waiting on the running shoes and still nobody has explained why. I have had to chase this repeatedly. Thanks.,ord_11311,free,2026-04-17T23:51:00+00:00,2026-04-18T09:51:00+00:00,complaint,negative,normal,escalate,create_ticket,synthetic_generator
evt_00583,refund_request:04,cust_0879,chat,"Good morning, requesting reimbursement for the running shoes, whenever you get a chance. Please let me know.",ord_70319,standard,2026-04-18T14:07:00+00:00,2026-04-20T23:07:00+00:00,refund_request,neutral,normal,refund_review,refund_review,synthetic_generator
evt_00584,general_question:06,cust_0078,chat,"Hi, Hello, do you ship the annual subscription internationally. Thanks. Please let me know.",ord_71246,free,2026-05-02T13:11:00+00:00,2026-05-02T18:11:00+00:00,general_question,positive,normal,auto_resolve,knowledge_response,synthetic_generator
evt_00585,general_question:01,cust_0467,chat,"Hello, Hi there, does order 88214 come in other sizes. Regards.",ord_69488,standard,2026-04-10T09:38:00+00:00,2026-04-11T08:38:00+00:00,general_question,neutral,normal,auto_resolve,knowledge_response,synthetic_generator
evt_00586,complaint:01,cust_0344,social,"Hello, the service around the annual subscription has been genuinely poor, which is really not good enough.",ord_24019,enterprise,2026-04-13T03:10:00+00:00,2026-04-13T09:10:00+00:00,complaint,negative,high,escalate,create_ticket,synthetic_generator
evt_00587,general_question:00,cust_0206,phone,"Hello, Quick question - what is teh warranty period on order 40917. Regards.",ord_77909,standard,2026-04-13T08:07:00+00:00,2026-04-15T13:07:00+00:00,general_question,neutral,normal,auto_resolve,knowledge_response,synthetic_generator
evt_00588,tracking_request:11,cust_0118,phone,"Good morning, how far along is the delivery of the wireless keyboard, which is really not good enough. Regards.",ord_40029,free,2026-04-13T00:44:00+00:00,2026-04-15T21:44:00+00:00,tracking_request,negative,normal,send_tracking_update,send_tracking_update,synthetic_generator
evt_00589,complaint:10,cust_0893,email,"Good morning, Honestly, I have received three contradictory answers about my monthly plan. I expected better than this.",ord_27127,standard,2026-04-09T19:51:00+00:00,2026-04-10T11:51:00+00:00,complaint,negative,normal,escalate,create_ticket,synthetic_generator
evt_00590,delivery_issue:09,cust_0426,phone,"Hi, delivery of the wireless keyboard keeps getting rescheduled, and I am not happy about how long it has taken. Thanks.",ord_61993,enterprise,2026-04-25T14:48:00+00:00,2026-04-28T14:48:00+00:00,delivery_issue,negative,normal,offer_credit,apply_credit,synthetic_generator
evt_00591,refund_request:09,cust_0450,phone,"Hello, This is disappointing - I am returning my monthly plan, what happens with teh payment. Appreciate it.",ord_51051,standard,2026-04-08T09:37:00+00:00,2026-04-09T16:37:00+00:00,refund_request,negative,normal,refund_review,refund_review,synthetic_generator
evt_00592,complaint:09,cust_0695,social,Hey - no one has taken ownership of the problem with the standing desk. This has been a frustrating experience. Thanks.,ord_60968,standard,2026-05-04T17:35:00+00:00,2026-05-07T05:35:00+00:00,complaint,negative,normal,escalate,create_ticket,synthetic_generator
evt_00593,delivery_issue:10,cust_0238,phone,"Hello, the tracking for the annual subscription has not moved in five days, whenever you get a chance. Please let me know.",ord_43027,standard,2026-04-25T15:50:00+00:00,2026-04-27T20:50:00+00:00,delivery_issue,neutral,normal,offer_credit,apply_credit,synthetic_generator
evt_00594,delivery_issue:13,cust_0581,social,Hey - my order containing the standing desk appears to be lost in transit. Please advise. Appreciate it.,ord_13997,standard,2026-04-08T14:28:00+00:00,2026-04-10T16:28:00+00:00,delivery_issue,neutral,normal,offer_credit,apply_credit,synthetic_generator
evt_00595,complaint:06,cust_0487,phone,Hey - every person I speak to about the replacement charger tells me something different. This has been a frustrating experience. Please let me know.,ord_10217,enterprise,2026-04-13T13:16:00+00:00,2026-04-14T10:16:00+00:00,complaint,negative,normal,escalate,create_ticket,synthetic_generator
evt_00596,refund_request:12,cust_0258,social,"Good morning, I want to send my monthly plan back for a credit to my account, whenever you get a chance. Regards.",ord_23622,free,2026-04-22T16:19:00+00:00,2026-04-23T18:19:00+00:00,refund_request,neutral,normal,refund_review,refund_review,synthetic_generator
evt_00597,tracking_request:13,cust_0635,phone,"Good morning, looking for an update on where the standing desk has got to. Please advise. Please let me know.",ord_94993,free,2026-04-22T12:30:00+00:00,2026-04-24T12:30:00+00:00,tracking_request,neutral,normal,send_tracking_update,send_tracking_update,synthetic_generator
evt_00598,refund_request:07,cust_0398,phone,Hey - the delivery of the replacement charger was fine but I changed my mind and want a refund. Please advise. Appreciate it.,ord_68882,enterprise,2026-04-28T02:36:00+00:00,2026-04-29T02:36:00+00:00,refund_request,neutral,normal,refund_review,refund_review,synthetic_generator
evt_00599,general_question:10,cust_0706,email,"Hey - what is the difference between order 88214 and the newer version, whenever you get a chance. Thanks.",ord_56103,free,2026-05-04T02:22:00+00:00,2026-05-06T01:22:00+00:00,general_question,neutral,normal,auto_resolve,knowledge_response,synthetic_generator
evt_00600,ambiguous:03,cust_0163,email,"Hi, still waiting on the standing desk and still nobody has explained why. This has been a frustrating experience. Regards.",ord_54062,enterprise,2026-04-17T12:14:00+00:00,2026-04-18T14:14:00+00:00,complaint,negative,normal,escalate,create_ticket,synthetic_generator
evt_00601,complaint:09,cust_0881,email,"Hello, no one has taken ownership of teh problem with the kitchen scale. This has been a frustrating experience. Appreciate it.",ord_40537,standard,2026-04-24T13:56:00+00:00,2026-04-25T22:56:00+00:00,complaint,negative,normal,escalate,create_ticket,synthetic_generator
evt_00602,general_question:04,cust_0733,chat,"Hi, how do I add order 40917 to an existing order. Please advise. Appreciate it.",ord_33895,free,2026-04-25T16:21:00+00:00,2026-04-26T22:21:00+00:00,general_question,neutral,normal,auto_resolve,knowledge_response,synthetic_generator
evt_00603,complaint:02,cust_0451,phone,"Hi, I have wasted hours on the replacement charger with no resolution. Please advise. Appreciate it.",ord_24903,free,2026-05-05T02:42:00+00:00,2026-05-05T11:42:00+00:00,complaint,positive,normal,escalate,create_ticket,synthetic_generator
evt_00604,delivery_issue:12,cust_0568,email,"Good morning, the estimated date for order 40917 has passed with no update, whenever you get a chance. Regards.",ord_79181,standard,2026-04-29T22:53:00+00:00,2026-05-01T09:53:00+00:00,delivery_issue,neutral,normal,offer_credit,apply_credit,synthetic_generator
evt_00605,complaint:00,cust_0421,social,"Good morning, this is the third time I have written about teh kitchen scale and nobody replies, and I am not happy about how long it has taken. Thanks.",ord_64270,enterprise,2026-04-21T06:09:00+00:00,2026-04-23T14:09:00+00:00,complaint,negative,normal,escalate,create_ticket,synthetic_generator
evt_00606,general_question:00,cust_0067,email,Hey - what is the warranty period on my monthly plan. Please let me know.,ord_44922,free,2026-04-17T04:01:00+00:00,2026-04-18T21:01:00+00:00,general_question,neutral,normal,auto_resolve,knowledge_response,synthetic_generator
evt_00607,delivery_issue:03,cust_0141,chat,"Hello, courier marked order 88214 as attempted but nobody came. At this point I have run out of patience. Regards.",ord_34785,standard,2026-05-05T08:08:00+00:00,2026-05-07T04:08:00+00:00,delivery_issue,negative,normal,offer_credit,apply_credit,synthetic_generator
evt_00608,complaint:05,cust_0136,email,"Good morning, I am extremely let down by how the kitchen scale was managed. I have had to chase this repeatedly.",ord_48078,free,2026-04-13T00:00:00+00:00,2026-04-14T00:00:00+00:00,complaint,negative,normal,escalate,create_ticket,synthetic_generator
evt_00609,tracking_request:10,cust_0724,social,"Good morning, just checking in on the progress of the blue headphones, and I am not happy about how long it has taken. Regards.",ord_37410,free,2026-04-21T07:50:00+00:00,2026-04-21T08:50:00+00:00,tracking_request,negative,high,escalate,create_ticket,synthetic_generator
evt_00610,general_question:03,cust_0133,email,"Good morning, is the annual subscription covered by your returns window, whenever you get a chance.",ord_58124,enterprise,2026-04-29T12:17:00+00:00,2026-04-30T10:17:00+00:00,general_question,neutral,normal,auto_resolve,knowledge_response,synthetic_generator
evt_00611,general_question:03,cust_0817,email,"Hello, is my monthly plan covered by your returns window, whenever you get a chance.",ord_97155,free,2026-04-22T10:05:00+00:00,2026-04-22T15:05:00+00:00,general_question,neutral,normal,auto_resolve,knowledge_response,synthetic_generator
evt_00612,general_question:07,cust_0384,email,Hey - Quick question - is there a student discount available on the annual subscription. Appreciate it.,ord_57424,standard,2026-05-03T20:15:00+00:00,2026-05-04T19:15:00+00:00,general_question,neutral,normal,auto_resolve,knowledge_response,synthetic_generator
evt_00613,delivery_issue:03,cust_0643,chat,courier marked the kitchen scale as attempted but nobody came. This has been a frustrating experience. Please let me know.,ord_32886,free,2026-05-03T16:30:00+00:00,2026-05-03T21:30:00+00:00,delivery_issue,negative,normal,offer_credit,apply_credit,synthetic_generator
evt_00614,delivery_issue:01,cust_0687,chat,"Hi, This is disappointing - the parcel with the wireless keyboard is running behind schedule. Regards.",ord_48082,standard,2026-04-23T22:31:00+00:00,2026-04-24T03:31:00+00:00,delivery_issue,negative,normal,offer_credit,apply_credit,synthetic_generator
evt_00615,complaint:05,cust_0788,chat,"Hi, I am extremely let down by how my monthly plan was managed, and I am not happy about how long it has taken. Regards.",ord_38927,standard,2026-04-19T14:51:00+00:00,2026-04-21T09:51:00+00:00,complaint,negative,normal,escalate,create_ticket,synthetic_generator
evt_00616,complaint:05,cust_0820,email,"Hello, I am extremely let down by how the annual subscription was managed. This has been a frustrating experience. Appreciate it.",ord_62556,enterprise,2026-04-22T04:31:00+00:00,2026-04-22T20:31:00+00:00,complaint,negative,normal,escalate,create_ticket,synthetic_generator
evt_00617,ambiguous:05,cust_0673,social,"Hello, Quick question - this is teh second delivery of the running shoes you have got wrong. Thanks.",ord_99507,free,2026-04-27T18:13:00+00:00,2026-04-28T11:13:00+00:00,complaint,neutral,normal,escalate,create_ticket,synthetic_generator
evt_00618,complaint:04,cust_0551,social,This is disappointing - the handling of the running shoes has been unacceptable. Thanks.,ord_98780,free,2026-04-06T23:38:00+00:00,2026-04-08T04:38:00+00:00,complaint,negative,normal,escalate,create_ticket,synthetic_generator
evt_00619,general_question:04,cust_0627,email,Hey - how do I add order 88214 to an existing order. Please advise. Regards.,ord_70740,free,2026-04-30T04:47:00+00:00,2026-05-03T00:47:00+00:00,general_question,neutral,normal,auto_resolve,knowledge_response,synthetic_generator
evt_00620,delivery_issue:13,cust_0357,email,"Hey - Hello, my order containing the running shoes appears to be lost in transit. Thanks. Regards.",ord_79249,free,2026-04-16T00:21:00+00:00,2026-04-17T18:21:00+00:00,delivery_issue,neutral,normal,offer_credit,apply_credit,synthetic_generator
evt_00621,general_question:04,cust_0380,chat,"Hi, Hello, how do I add the kitchen scale to an existing order. Thanks. Appreciate it.",ord_17852,free,2026-04-19T20:34:00+00:00,2026-04-22T18:34:00+00:00,general_question,neutral,normal,auto_resolve,knowledge_response,synthetic_generator
evt_00622,delivery_issue:12,cust_0528,chat,"Hi, Quick question - the estimated date for the standing desk has passed with no update. Regards.",ord_29362,free,2026-04-24T03:29:00+00:00,2026-04-25T11:29:00+00:00,delivery_issue,neutral,normal,offer_credit,apply_credit,synthetic_generator
evt_00623,tracking_request:11,cust_0586,email,Hey - Quick question - how far along is the delivery of order 88214.,ord_44511,free,2026-04-13T10:31:00+00:00,2026-04-14T10:31:00+00:00,tracking_request,neutral,normal,send_tracking_update,send_tracking_update,synthetic_generator
evt_00624,tracking_request:01,cust_0178,phone,Hey - Quick question - can I get a status update on the replacement charger.,ord_65088,standard,2026-04-26T18:07:00+00:00,2026-04-27T22:07:00+00:00,tracking_request,neutral,normal,send_tracking_update,send_tracking_update,synthetic_generator
evt_00625,general_question:06,cust_0531,social,"Good morning, Hello, do you ship my monthly plan internationally. Thanks. Appreciate it.",ord_35236,standard,2026-05-02T05:02:00+00:00,2026-05-03T03:02:00+00:00,general_question,neutral,normal,auto_resolve,knowledge_response,synthetic_generator
evt_00626,delivery_issue:10,cust_0586,phone,the tracking for the wireless keyboard has not moved in five days. At this point I have run out of patience.,ord_25327,standard,2026-04-20T03:08:00+00:00,2026-04-22T12:08:00+00:00,delivery_issue,negative,normal,offer_credit,apply_credit,synthetic_generator
evt_00627,delivery_issue:10,cust_0620,phone,"Hello, the tracking for my monthly plan has not moved in five days. Thanks. Please let me know.",ord_94408,free,2026-04-07T14:15:00+00:00,2026-04-08T22:15:00+00:00,delivery_issue,neutral,normal,offer_credit,apply_credit,synthetic_generator
evt_00628,general_question:02,cust_0057,chat,can I change the delivery address for the standing desk. Regards.,ord_70396,standard,2026-04-22T02:40:00+00:00,2026-04-25T00:40:00+00:00,general_question,neutral,normal,auto_resolve,knowledge_response,synthetic_generator
evt_00629,tracking_request:01,cust_0180,email,"Good morning, Thanks for teh help earlier - can I get a status update on teh running shoes. Regards.",ord_42519,standard,2026-04-18T21:40:00+00:00,2026-04-21T10:40:00+00:00,tracking_request,positive,normal,send_tracking_update,send_tracking_update,synthetic_generator
evt_00630,refund_request:01,cust_0385,social,"Good morning, Hello, please reverse the charge on the annual subscription. Thanks. Please let me know.",ord_12997,enterprise,2026-04-19T19:07:00+00:00,2026-04-21T19:07:00+00:00,refund_request,neutral,normal,refund_review,refund_review,synthetic_generator
evt_00631,delivery_issue:05,cust_0490,phone,it has been two weeks and the annual subscription has not reached me.,ord_59090,enterprise,2026-04-11T13:27:00+00:00,2026-04-13T13:27:00+00:00,delivery_issue,neutral,normal,offer_credit,apply_credit,synthetic_generator
evt_00632,tracking_request:08,cust_0248,chat,Hey - when is teh annual subscription scheduled to arrive. Regards.,ord_20672,free,2026-05-04T01:25:00+00:00,2026-05-04T02:25:00+00:00,tracking_request,neutral,high,send_tracking_update,send_tracking_update,synthetic_generator
evt_00633,ambiguous:03,cust_0430,social,"Hello, still waiting on the blue headphones and still nobody has explained why, and I am not happy about how long it has taken. Appreciate it.",ord_72141,standard,2026-04-06T21:04:00+00:00,2026-04-07T22:04:00+00:00,complaint,negative,normal,escalate,create_ticket,synthetic_generator
evt_00634,tracking_request:12,cust_0524,chat,"Hello, can you confirm the expected date for order 40917. Please advise. Please let me know.",ord_82413,standard,2026-05-06T06:36:00+00:00,2026-05-08T22:36:00+00:00,tracking_request,neutral,normal,send_tracking_update,send_tracking_update,synthetic_generator
evt_00635,delivery_issue:02,cust_0582,chat,"Hey - order 88214 was meant to arrive on Tuesday and it is still not here, whenever you get a chance. Thanks.",ord_73363,enterprise,2026-04-13T10:15:00+00:00,2026-04-13T23:15:00+00:00,delivery_issue,neutral,normal,offer_credit,apply_credit,synthetic_generator
evt_00636,tracking_request:04,cust_0184,chat,"Hello, please share the shipment progress for the kitchen scale. No rush at all, you have been helpful. Please let me know.",ord_52837,enterprise,2026-05-05T19:16:00+00:00,2026-05-06T04:16:00+00:00,tracking_request,positive,normal,send_tracking_update,send_tracking_update,synthetic_generator
evt_00637,general_question:02,cust_0433,social,"Hi, Hi there, can I change the delivery address for the annual subscription.",ord_93718,free,2026-04-24T20:06:00+00:00,2026-04-26T06:06:00+00:00,general_question,neutral,normal,auto_resolve,knowledge_response,synthetic_generator
evt_00638,complaint:12,cust_0245,phone,"Hi, I keep being promised callbacks about oder 88214 that never happen. At this point I have run out of patience. Thanks.",ord_82090,standard,2026-05-03T03:54:00+00:00,2026-05-05T05:54:00+00:00,complaint,negative,normal,escalate,create_ticket,synthetic_generator
evt_00639,delivery_issue:06,cust_0423,chat,"Good morning, Quick question - the the standing desk order missed its promised window. Please let me know.",ord_97076,free,2026-04-18T20:04:00+00:00,2026-04-20T09:04:00+00:00,delivery_issue,neutral,normal,offer_credit,apply_credit,synthetic_generator
evt_00640,general_question:10,cust_0496,phone,"Hey - what is the difference between the wireless keyboard and the newer version, whenever you get a chance. Appreciate it.",ord_15715,standard,2026-04-07T23:21:00+00:00,2026-04-10T14:21:00+00:00,general_question,neutral,normal,auto_resolve,knowledge_response,synthetic_generator
evt_00641,complaint:12,cust_0192,social,I keep being promised callbacks about order 88214 that never happen. At this point I have run out of patience. Thanks.,ord_98229,standard,2026-05-06T02:50:00+00:00,2026-05-09T00:50:00+00:00,complaint,negative,normal,escalate,create_ticket,synthetic_generator
evt_00642,general_question:10,cust_0258,social,"Hello, Hi there, what is the difference between the kitchen scale and the newer version. Thanks.",ord_99319,standard,2026-04-30T12:48:00+00:00,2026-05-01T00:48:00+00:00,general_question,neutral,normal,auto_resolve,knowledge_response,synthetic_generator
evt_00643,refund_request:02,cust_0681,social,"Hello, can you send this my monthly plan back and return the payment. Appreciate it.",ord_32647,free,2026-05-05T02:48:00+00:00,2026-05-07T19:48:00+00:00,refund_request,neutral,normal,refund_review,refund_review,synthetic_generator
evt_00644,delivery_issue:06,cust_0395,social,Quick question - the the replacement charger order missed its promised window. Regards.,ord_54722,enterprise,2026-04-13T02:50:00+00:00,2026-04-14T20:50:00+00:00,delivery_issue,neutral,normal,offer_credit,apply_credit,synthetic_generator
evt_00645,complaint:13,cust_0052,phone,"Hello, I have lost confidence in how you handle things like the wireless keyboard. I have had to chase this repeatedly. Regards.",ord_37667,standard,2026-05-03T02:19:00+00:00,2026-05-04T06:19:00+00:00,complaint,negative,normal,escalate,create_ticket,synthetic_generator
evt_00646,ambiguous:02,cust_0650,social,"Honestly, no idea where the replacement charger is, can someone actually look into this. I expected better than this.",ord_18452,enterprise,2026-05-02T05:13:00+00:00,2026-05-04T08:13:00+00:00,tracking_request,negative,normal,send_tracking_update,send_tracking_update,synthetic_generator
evt_00647,tracking_request:09,cust_0857,email,"Good morning, what does the courier say about the wireless keyboard at the moment. Your team has been great so far, thank you. Regards.",ord_43810,standard,2026-04-16T00:19:00+00:00,2026-04-18T23:19:00+00:00,tracking_request,positive,normal,send_tracking_update,send_tracking_update,synthetic_generator
evt_00648,delivery_issue:00,cust_0271,social,my order 88214 still has not turned up. I have had to chase this repeatedly.,ord_59326,enterprise,2026-04-26T20:23:00+00:00,2026-04-27T23:23:00+00:00,delivery_issue,negative,normal,offer_credit,apply_credit,synthetic_generator
evt_00649,delivery_issue:01,cust_0729,social,"Hello, the parcel with the kitchen scale is running behind schedule. Thanks. Regards.",ord_44159,free,2026-04-17T22:03:00+00:00,2026-04-18T17:03:00+00:00,delivery_issue,neutral,normal,offer_credit,apply_credit,synthetic_generator
evt_00650,general_question:03,cust_0105,chat,"Good morning, is order 88214 covered by your returns window. Really appreciate the quick responses previously. Regards.",ord_57735,free,2026-05-04T05:31:00+00:00,2026-05-05T22:31:00+00:00,general_question,positive,normal,auto_resolve,knowledge_response,synthetic_generator
evt_00651,complaint:07,cust_0717,email,"Hey - Hi there, I have been passed between four agents about the wireless keyboard.",ord_47611,enterprise,2026-04-30T19:31:00+00:00,2026-05-03T05:31:00+00:00,complaint,neutral,normal,escalate,create_ticket,synthetic_generator
evt_00652,general_question:04,cust_0614,social,"Hey - how do I add the wireless keyboard to an existing order. Your team has been great so far, thank you. Please let me know.",ord_71939,free,2026-04-23T04:21:00+00:00,2026-04-23T15:21:00+00:00,general_question,positive,normal,auto_resolve,knowledge_response,synthetic_generator
evt_00653,complaint:02,cust_0786,phone,"Good morning, I have wasted hours on the annual subscription with no resolution. I have had to chase this repeatedly. Please let me know.",ord_66242,standard,2026-04-11T06:37:00+00:00,2026-04-13T16:37:00+00:00,complaint,negative,normal,escalate,create_ticket,synthetic_generator
evt_00654,delivery_issue:13,cust_0397,email,"my order containing order 88214 appears to be lost in transit. No rush at all, you have been helpful.",ord_35891,free,2026-04-16T06:51:00+00:00,2026-04-18T18:51:00+00:00,delivery_issue,negative,normal,offer_credit,apply_credit,synthetic_generator
evt_00655,general_question:10,cust_0537,email,"Hi, Hi there, what is the difference between the blue headphones and the newer version. Regards.",ord_23033,standard,2026-04-06T22:08:00+00:00,2026-04-08T06:08:00+00:00,general_question,neutral,normal,auto_resolve,knowledge_response,synthetic_generator
evt_00656,tracking_request:11,cust_0259,phone,"Hey - Hi there, how far along is the delivry of teh standing desk.",ord_35280,free,2026-05-02T16:08:00+00:00,2026-05-04T20:08:00+00:00,tracking_request,neutral,normal,send_tracking_update,send_tracking_update,synthetic_generator
evt_00657,tracking_request:13,cust_0899,phone,looking for an update on where the wireless keyboard has got to. At this point I have run out of patience. Appreciate it.,ord_41597,free,2026-04-21T11:39:00+00:00,2026-04-23T09:39:00+00:00,tracking_request,negative,normal,send_tracking_update,send_tracking_update,synthetic_generator
evt_00658,complaint:08,cust_0827,chat,"Hey - your process for order 88214 has cost me an entire afternoon, whenever you get a chance. Thanks.",ord_56507,standard,2026-05-05T06:35:00+00:00,2026-05-06T20:35:00+00:00,complaint,neutral,normal,escalate,create_ticket,synthetic_generator
evt_00659,delivery_issue:04,cust_0664,social,"Hi, shipment containing the annual subscription seems stuck at the depot, and I am not happy about how long it has taken.",ord_40973,free,2026-04-11T08:13:00+00:00,2026-04-11T22:13:00+00:00,delivery_issue,negative,normal,offer_credit,apply_credit,synthetic_generator
evt_00660,tracking_request:03,cust_0638,chat,"Hi, any news on when the standing desk will get here. Please advise. Thanks.",ord_87078,standard,2026-04-23T03:33:00+00:00,2026-04-24T04:33:00+00:00,tracking_request,neutral,normal,send_tracking_update,send_tracking_update,synthetic_generator
evt_00661,complaint:07,cust_0459,social,"Good morning, I have been passed between four agents about order 88214. I have had to chase this repeatedly. Please let me know.",ord_17795,free,2026-04-07T16:31:00+00:00,2026-04-10T06:31:00+00:00,complaint,negative,normal,escalate,create_ticket,synthetic_generator
evt_00662,complaint:06,cust_0148,chat,"Hi, every person I speak to about my monthly plan tells me something different, which is really not good enough. Regards.",ord_21031,standard,2026-04-28T06:46:00+00:00,2026-04-29T12:46:00+00:00,complaint,negative,normal,escalate,create_ticket,synthetic_generator
evt_00663,tracking_request:02,cust_0113,phone,"Hello, what is teh current location of teh parcel with teh annual subscription. Thanks. Please let me know.",ord_49529,free,2026-04-26T16:57:00+00:00,2026-04-28T23:57:00+00:00,tracking_request,neutral,normal,send_tracking_update,send_tracking_update,synthetic_generator
evt_00664,general_question:06,cust_0316,chat,"Hello, do you ship the wireless keyboard internationally, whenever you get a chance. Please let me know.",ord_34826,free,2026-04-10T08:39:00+00:00,2026-04-13T08:39:00+00:00,general_question,neutral,normal,auto_resolve,knowledge_response,synthetic_generator
evt_00665,complaint:05,cust_0574,social,"Hello, I am extremely let down by how my monthly plan was managed. Thanks. Appreciate it.",ord_19696,free,2026-04-26T16:55:00+00:00,2026-04-28T23:55:00+00:00,complaint,neutral,normal,escalate,create_ticket,synthetic_generator
evt_00666,complaint:04,cust_0566,chat,"Good morning, Hi there, the handling of the blue headphones has been unacceptable. Appreciate it.",ord_37153,standard,2026-04-20T23:31:00+00:00,2026-04-23T16:31:00+00:00,complaint,neutral,normal,escalate,create_ticket,synthetic_generator
evt_00667,tracking_request:04,cust_0190,social,"Hey - Hi there, please share the shipment progress for the wireless keyboard. Thanks.",ord_84425,standard,2026-04-20T02:38:00+00:00,2026-04-21T20:38:00+00:00,tracking_request,neutral,normal,send_tracking_update,send_tracking_update,synthetic_generator
evt_00668,delivery_issue:11,cust_0360,chat,"Hello, nobody has been able to deliver the running shoes yet, and I am not happy about how long it has taken. Please let me know.",ord_98739,free,2026-04-24T11:43:00+00:00,2026-04-26T04:43:00+00:00,delivery_issue,negative,normal,offer_credit,apply_credit,synthetic_generator
evt_00669,tracking_request:00,cust_0382,email,"Hi, where is my the standing desk right now, whenever you get a chance.",ord_38981,standard,2026-05-03T21:36:00+00:00,2026-05-04T19:36:00+00:00,tracking_request,neutral,normal,send_tracking_update,send_tracking_update,synthetic_generator
evt_00670,tracking_request:01,cust_0386,phone,Hey - can I get a status update on the blue headphones. Appreciate it.,ord_93521,standard,2026-05-03T06:59:00+00:00,2026-05-05T05:59:00+00:00,tracking_request,neutral,normal,send_tracking_update,send_tracking_update,synthetic_generator
evt_00671,delivery_issue:09,cust_0096,phone,"delivery of the annual subscription keeps getting rescheduled. Your team has been great so far, thank you. Regards.",ord_72988,standard,2026-04-28T19:49:00+00:00,2026-04-29T20:49:00+00:00,delivery_issue,positive,normal,offer_credit,apply_credit,synthetic_generator
evt_00672,complaint:12,cust_0233,social,"Hey - I keep being promised callbacks about the running shoes that never happen. No rush at all, you have been helpful. Thanks.",ord_56417,standard,2026-04-23T23:29:00+00:00,2026-04-26T02:29:00+00:00,complaint,positive,normal,escalate,create_ticket,synthetic_generator
evt_00673,ambiguous:06,cust_0472,email,"Hello, I have given up waiting for the replacement charger, just close it out for me. Thanks. Thanks.",ord_61643,standard,2026-05-01T14:32:00+00:00,2026-05-02T23:32:00+00:00,refund_request,neutral,normal,refund_review,refund_review,synthetic_generator
evt_00674,general_question:08,cust_0453,phone,"Hello, how long does teh blue headphones usually take to arrive. pls let me know.",ord_91878,enterprise,2026-04-25T13:57:00+00:00,2026-04-26T20:57:00+00:00,general_question,neutral,normal,auto_resolve,knowledge_response,synthetic_generator
evt_00675,refund_request:07,cust_0866,social,"Good morning, the delivery of the replacement charger was fine but I changed my mind and want a refund. Please let me know.",ord_90526,free,2026-04-28T12:47:00+00:00,2026-05-01T10:47:00+00:00,refund_request,neutral,normal,refund_review,refund_review,synthetic_generator
evt_00676,ambiguous:03,cust_0856,phone,"Hey - Honestly, still waiting on the blue headphones and still nobody has explained why. I expected better than this. Regards.",ord_32099,standard,2026-04-19T20:22:00+00:00,2026-04-21T23:22:00+00:00,complaint,negative,normal,escalate,create_ticket,synthetic_generator
evt_00677,delivery_issue:08,cust_0384,social,"Honestly, order 40917 was returned to sender without anyone contacting me. I expected better than this. Please let me know.",ord_89972,standard,2026-04-14T06:24:00+00:00,2026-04-15T08:24:00+00:00,delivery_issue,negative,normal,offer_credit,apply_credit,synthetic_generator
evt_00678,complaint:07,cust_0526,social,"Good morning, This is disappointing - I have been passed between four agents about the replacement charger.",ord_33159,standard,2026-04-21T14:41:00+00:00,2026-04-23T15:41:00+00:00,complaint,negative,normal,escalate,create_ticket,synthetic_generator
evt_00679,tracking_request:07,cust_0566,social,"Hello, is there a reference number I can use to watch order 40917, which is really not good enough.",ord_25517,enterprise,2026-04-09T23:00:00+00:00,2026-04-10T14:00:00+00:00,tracking_request,negative,normal,send_tracking_update,send_tracking_update,synthetic_generator
evt_00680,tracking_request:03,cust_0527,social,"Hello, Hello, any news on when the blue headphones will get here. Thanks.",ord_59312,free,2026-04-24T08:45:00+00:00,2026-04-26T13:45:00+00:00,tracking_request,neutral,normal,send_tracking_update,send_tracking_update,synthetic_generator
evt_00681,complaint:03,cust_0445,phone,"Hi, nobody in your team seems to take the blue headphones seriously, and I am not happy about how long it has taken.",ord_81515,free,2026-04-09T08:39:00+00:00,2026-04-12T03:39:00+00:00,complaint,negative,normal,escalate,create_ticket,synthetic_generator
evt_00682,general_question:07,cust_0279,email,"Hi there, is there a student discount available on my monthly plan. Appreciate it.",ord_14827,free,2026-04-18T09:58:00+00:00,2026-04-19T16:58:00+00:00,general_question,neutral,normal,auto_resolve,knowledge_response,synthetic_generator
evt_00683,delivery_issue:03,cust_0622,social,"Good morning, courier marked the replacement charger as attempted but nobody came. Please advise.",ord_54138,enterprise,2026-04-10T21:34:00+00:00,2026-04-12T02:34:00+00:00,delivery_issue,neutral,normal,offer_credit,apply_credit,synthetic_generator
evt_00684,refund_request:00,cust_0556,social,"Good morning, I would like my money back for my monthly plan. Appreciate it.",ord_73228,standard,2026-04-27T06:45:00+00:00,2026-04-27T10:45:00+00:00,refund_request,neutral,normal,refund_review,refund_review,synthetic_generator
evt_00685,refund_request:02,cust_0799,phone,"Happy with the service overall, just can you send this the annual subscription back and return the payment. Please let me know.",ord_11107,standard,2026-04-21T11:26:00+00:00,2026-04-23T22:26:00+00:00,refund_request,positive,normal,refund_review,refund_review,synthetic_generator
evt_00686,ambiguous:01,cust_0663,chat,"Hi, Hi there, if order 88214 cannot get here this week I would rather be refunded. Regards.",ord_42920,free,2026-04-12T20:00:00+00:00,2026-04-14T08:00:00+00:00,refund_request,neutral,normal,refund_review,refund_review,synthetic_generator
evt_00687,tracking_request:00,cust_0374,phone,"Hello, where is my order 40917 right now, whenever you get a chance. Please let me know.",ord_65927,standard,2026-04-26T08:36:00+00:00,2026-04-26T14:36:00+00:00,tracking_request,neutral,normal,send_tracking_update,send_tracking_update,synthetic_generator
evt_00688,refund_request:09,cust_0647,phone,"Hi, Hello, I am returning the wireless keyboard, what happens with the payment. Thanks. Thanks.",ord_60293,standard,2026-04-07T01:16:00+00:00,2026-04-08T00:16:00+00:00,refund_request,neutral,normal,refund_review,refund_review,synthetic_generator
evt_00689,refund_request:03,cust_0345,email,"Hello, Happy with teh service overall, just I no longer want my monthly plan and expect teh amount returned. Thanks.",ord_59229,standard,2026-04-07T07:59:00+00:00,2026-04-09T15:59:00+00:00,refund_request,positive,normal,refund_review,refund_review,synthetic_generator
evt_00690,general_question:11,cust_0567,email,"Good morning, Happy with the service overall, just do I need an account to buy my monthly plan. Appreciate it.",ord_58077,free,2026-05-03T19:21:00+00:00,2026-05-06T17:21:00+00:00,general_question,positive,normal,auto_resolve,knowledge_response,synthetic_generator
evt_00691,general_question:06,cust_0282,phone,"do you ship the blue headphones internationally, whenever you get a chance. Please let me know.",ord_35752,free,2026-05-06T05:53:00+00:00,2026-05-07T22:53:00+00:00,general_question,neutral,normal,auto_resolve,knowledge_response,synthetic_generator
evt_00692,tracking_request:13,cust_0546,phone,"Hello, looking for an update on where the standing desk has got to, and I am not happy about how long it has taken. Appreciate it.",ord_79259,free,2026-04-27T13:35:00+00:00,2026-04-30T03:35:00+00:00,tracking_request,negative,normal,send_tracking_update,send_tracking_update,synthetic_generator
evt_00693,tracking_request:00,cust_0304,chat,"Hello, Quick question - where is my the kitchen scale right now. Appreciate it.",ord_97955,free,2026-04-11T08:11:00+00:00,2026-04-12T18:11:00+00:00,tracking_request,neutral,normal,send_tracking_update,send_tracking_update,synthetic_generator
evt_00694,ambiguous:06,cust_0686,social,"Hey - Hello, I have given up waiting for the wireless keyboard, just close it out for me. Thanks. Thanks.",ord_39212,standard,2026-04-14T04:29:00+00:00,2026-04-16T13:29:00+00:00,refund_request,neutral,normal,refund_review,refund_review,synthetic_generator
evt_00695,tracking_request:07,cust_0607,social,Hey - is there a reference number I can use to watch the replacement charger. At this point I have run out of patience. Please let me know.,ord_10073,standard,2026-04-28T06:14:00+00:00,2026-05-01T05:14:00+00:00,tracking_request,negative,normal,send_tracking_update,send_tracking_update,synthetic_generator
evt_00696,complaint:13,cust_0034,email,"Hey - I have lost confidence in how you handle things like the standing desk, which is really not good enough. Regards.",ord_17815,standard,2026-04-19T15:14:00+00:00,2026-04-21T02:14:00+00:00,complaint,negative,normal,escalate,create_ticket,synthetic_generator
evt_00697,refund_request:03,cust_0069,phone,"Hi, I no longer want the wireless keyboard and expect the amount returned. No rush at all, you have been helpful. Appreciate it.",ord_92921,standard,2026-05-04T07:56:00+00:00,2026-05-05T07:56:00+00:00,refund_request,positive,normal,refund_review,refund_review,synthetic_generator
evt_00698,delivery_issue:00,cust_0343,social,"Good morning, my the annual subscription still has not turned up, which is really not good enough. Appreciate it.",ord_61483,standard,2026-04-16T17:41:00+00:00,2026-04-18T09:41:00+00:00,delivery_issue,negative,normal,offer_credit,apply_credit,synthetic_generator
evt_00699,general_question:09,cust_0522,email,can order 40917 be gift wrapped. Please advise. Please let me know.,ord_35917,free,2026-04-13T03:27:00+00:00,2026-04-14T14:27:00+00:00,general_question,neutral,normal,auto_resolve,knowledge_response,synthetic_generator
evt_00700,refund_request:05,cust_0456,email,"Good morning, Hi there, the order 88214 arrived damaged so I want compensation for it. Regards.",ord_27304,free,2026-04-17T23:34:00+00:00,2026-04-18T14:34:00+00:00,refund_request,neutral,normal,refund_review,refund_review,synthetic_generator
evt_00701,delivery_issue:01,cust_0394,phone,"Hey - the parcel with the annual subscription is running behind schedule, and I am not happy about how long it has taken. Appreciate it.",ord_36752,enterprise,2026-04-22T08:08:00+00:00,2026-04-25T02:08:00+00:00,delivery_issue,negative,normal,offer_credit,apply_credit,synthetic_generator
evt_00702,general_question:05,cust_0648,chat,"Good morning, what payment methods work for the annual subscription. Please advise. Thanks.",ord_70197,free,2026-04-10T12:44:00+00:00,2026-04-11T01:44:00+00:00,general_question,neutral,normal,auto_resolve,knowledge_response,synthetic_generator
evt_00703,general_question:12,cust_0190,email,Hey - are spare parts available for the standing desk. Please advise. Thanks.,ord_93283,standard,2026-04-13T19:38:00+00:00,2026-04-15T11:38:00+00:00,general_question,neutral,normal,auto_resolve,knowledge_response,synthetic_generator
evt_00704,delivery_issue:11,cust_0454,social,"Happy with the service overall, just nobody has been able to deliver the replacement charger yet. Appreciate it.",ord_93114,standard,2026-04-23T16:04:00+00:00,2026-04-24T21:04:00+00:00,delivery_issue,positive,normal,offer_credit,apply_credit,synthetic_generator
evt_00705,refund_request:05,cust_0680,phone,"Hi, the order 88214 arrived damaged so I want compensation for it. At this point I have run out of patience.",ord_82598,enterprise,2026-04-17T16:00:00+00:00,2026-04-19T23:00:00+00:00,refund_request,negative,normal,refund_review,refund_review,synthetic_generator
evt_00706,ambiguous:04,cust_0215,phone,Quick question - what are my options if the replacement charger never shows up. Please let me know.,ord_27031,enterprise,2026-05-06T07:08:00+00:00,2026-05-07T21:08:00+00:00,general_question,neutral,normal,auto_resolve,knowledge_response,synthetic_generator
evt_00707,ambiguous:05,cust_0243,email,"Good morning, this is the second delivry of teh standing desk you have got wrong, which is really not good enough.",ord_39029,standard,2026-04-07T09:01:00+00:00,2026-04-07T12:01:00+00:00,complaint,negative,normal,escalate,create_ticket,synthetic_generator
evt_00708,complaint:10,cust_0558,social,"Hello, I have received three contradictory answers about order 88214. At this point I have run out of patience.",ord_26085,free,2026-04-29T23:35:00+00:00,2026-05-01T18:35:00+00:00,complaint,negative,normal,escalate,create_ticket,synthetic_generator
evt_00709,general_question:06,cust_0607,phone,do you ship the blue headphones internationally. Please advise. Regards.,ord_55809,free,2026-04-30T01:38:00+00:00,2026-04-30T11:38:00+00:00,general_question,neutral,normal,auto_resolve,knowledge_response,synthetic_generator
evt_00710,delivery_issue:05,cust_0867,email,"Hi, it has been two weeks and the running shoes has not reached me.",ord_46372,standard,2026-04-28T23:42:00+00:00,2026-05-01T22:42:00+00:00,delivery_issue,neutral,normal,offer_credit,apply_credit,synthetic_generator
evt_00711,complaint:08,cust_0040,email,"Hi, your process for the replacement charger has cost me an entire afternoon, which is really not good enough. Regards.",ord_92894,standard,2026-05-04T03:03:00+00:00,2026-05-07T03:03:00+00:00,complaint,negative,normal,escalate,create_ticket,synthetic_generator
evt_00712,general_question:09,cust_0061,phone,"Hello, can order 40917 be gift wrapped. pls advise. Thanks.",ord_92311,standard,2026-04-17T07:24:00+00:00,2026-04-17T08:24:00+00:00,general_question,neutral,high,auto_resolve,knowledge_response,synthetic_generator
evt_00713,general_question:08,cust_0035,chat,"Good morning, Quick question - how long does the running shoes usually take to arrive. Appreciate it.",ord_59298,free,2026-05-01T14:37:00+00:00,2026-05-02T10:37:00+00:00,general_question,neutral,normal,auto_resolve,knowledge_response,synthetic_generator
evt_00714,delivery_issue:09,cust_0416,phone,"Hello, delivry of the annual subscription keeps getting rescheduled, which is really not good enough.",ord_94994,standard,2026-04-11T02:17:00+00:00,2026-04-12T21:17:00+00:00,delivery_issue,negative,normal,offer_credit,apply_credit,synthetic_generator
evt_00715,tracking_request:09,cust_0643,email,"Good morning, what does the courier say about my monthly plan at the moment. Please advise.",ord_35709,enterprise,2026-05-05T11:49:00+00:00,2026-05-07T01:49:00+00:00,tracking_request,neutral,normal,send_tracking_update,send_tracking_update,synthetic_generator
evt_00716,refund_request:08,cust_0105,email,"please cancel order 88214 and put the amount back on my card, and I am not happy about how long it has taken. Regards.",ord_71086,standard,2026-04-13T11:39:00+00:00,2026-04-14T20:39:00+00:00,refund_request,negative,normal,refund_review,refund_review,synthetic_generator
evt_00717,refund_request:03,cust_0337,email,"Hi, I no longer want the replacement charger and expect the amount returned.",ord_16373,enterprise,2026-04-06T12:54:00+00:00,2026-04-07T20:54:00+00:00,refund_request,neutral,normal,refund_review,refund_review,synthetic_generator
evt_00718,complaint:03,cust_0536,email,"Hello, nobody in your team seems to take the running shoes seriously, whenever you get a chance.",ord_58868,free,2026-04-14T04:02:00+00:00,2026-04-16T03:02:00+00:00,complaint,neutral,normal,escalate,create_ticket,synthetic_generator
evt_00719,tracking_request:03,cust_0602,chat,"Good morning, any news on when the replacement charger will get here. No rush at all, you have been helpful. Please let me know.",ord_44600,standard,2026-04-14T04:24:00+00:00,2026-04-16T17:24:00+00:00,tracking_request,positive,normal,send_tracking_update,send_tracking_update,synthetic_generator
evt_00720,delivery_issue:06,cust_0474,social,"Good morning, Quick question - the the replacement charger order missed its promised window. Appreciate it.",ord_31665,standard,2026-04-10T04:25:00+00:00,2026-04-11T22:25:00+00:00,delivery_issue,neutral,normal,offer_credit,apply_credit,synthetic_generator
evt_00721,general_question:13,cust_0602,email,"Hey - what happens to my subscription if I pause my monthly plan. Your team has been great so far, thank you. Please let me know.",ord_15159,standard,2026-04-16T21:47:00+00:00,2026-04-18T23:47:00+00:00,general_question,positive,normal,auto_resolve,knowledge_response,synthetic_generator
evt_00722,general_question:11,cust_0724,social,"Hi, Happy with the service overall, just do I need an account to buy my monthly plan.",ord_55482,free,2026-04-27T16:02:00+00:00,2026-04-28T20:02:00+00:00,general_question,positive,normal,auto_resolve,knowledge_response,synthetic_generator
evt_00723,complaint:02,cust_0765,email,"I have wasted hours on teh running shoes with no resolution, which is really not good enough. Appreciate it.",ord_40069,standard,2026-05-04T19:48:00+00:00,2026-05-05T22:48:00+00:00,complaint,negative,normal,escalate,create_ticket,synthetic_generator
evt_00724,tracking_request:00,cust_0510,email,"Hello, where is my my monthly plan right now. Your team has been great so far, thank you. Thanks.",ord_72972,free,2026-04-20T09:18:00+00:00,2026-04-22T21:18:00+00:00,tracking_request,negative,normal,send_tracking_update,send_tracking_update,synthetic_generator
evt_00725,refund_request:03,cust_0294,social,"Hi, I no longer want the kitchen scale and expect the amount returned, whenever you get a chance. Appreciate it.",ord_78205,enterprise,2026-04-27T21:19:00+00:00,2026-04-28T23:19:00+00:00,refund_request,neutral,normal,refund_review,refund_review,synthetic_generator
evt_00726,ambiguous:02,cust_0701,phone,"Hello, no idea where the replacement charger is, can someone actually look into this, which is really not good enough. Regards.",ord_65606,free,2026-04-23T12:29:00+00:00,2026-04-25T09:29:00+00:00,tracking_request,neutral,normal,send_tracking_update,send_tracking_update,synthetic_generator
evt_00727,complaint:08,cust_0709,phone,Hey - This is disappointing - your process for the replacement charger has cost me an entire afternoon.,ord_15783,free,2026-04-10T04:41:00+00:00,2026-04-12T08:41:00+00:00,complaint,negative,normal,escalate,create_ticket,synthetic_generator
evt_00728,delivery_issue:01,cust_0723,phone,Hey - the parcel with the wireless keyboard is running behind schedule. This has been a frustrating experience.,ord_19863,free,2026-04-25T10:10:00+00:00,2026-04-26T17:10:00+00:00,delivery_issue,negative,normal,offer_credit,apply_credit,synthetic_generator
evt_00729,complaint:12,cust_0253,phone,This is disappointing - I keep being promised callbacks about the replacement charger that never happen. Regards.,ord_44701,free,2026-05-02T02:37:00+00:00,2026-05-04T00:37:00+00:00,complaint,negative,normal,escalate,create_ticket,synthetic_generator
evt_00730,delivery_issue:02,cust_0323,email,"Good morning, order 40917 was meant to arrive on Tuesday and it is still not here. Appreciate it.",ord_11478,enterprise,2026-05-04T10:42:00+00:00,2026-05-07T04:42:00+00:00,delivery_issue,neutral,normal,offer_credit,apply_credit,synthetic_generator
evt_00731,delivery_issue:12,cust_0457,social,"Hi, Hello, the estimated date for my monthly plan has passed with no update. Thanks. Please let me know.",ord_72110,standard,2026-04-11T09:04:00+00:00,2026-04-11T17:04:00+00:00,delivery_issue,neutral,normal,offer_credit,apply_credit,synthetic_generator
evt_00732,complaint:06,cust_0613,email,Hey - This is disappointing - every person I speak to about the wireless keyboard tells me something different. Appreciate it.,ord_95651,free,2026-04-22T15:08:00+00:00,2026-04-23T22:08:00+00:00,complaint,negative,normal,escalate,create_ticket,synthetic_generator
evt_00733,general_question:08,cust_0553,chat,Quick question - how long does the wireless keyboard usually take to arrive.,ord_24022,free,2026-04-17T17:56:00+00:00,2026-04-20T08:56:00+00:00,general_question,neutral,normal,auto_resolve,knowledge_response,synthetic_generator
evt_00734,delivery_issue:11,cust_0180,email,"Good morning, Hello, nobody has been able to deliver the replacement charger yet. Thanks. Please let me know.",ord_22373,free,2026-04-12T05:36:00+00:00,2026-04-12T12:36:00+00:00,delivery_issue,neutral,normal,offer_credit,apply_credit,synthetic_generator
evt_00735,delivery_issue:08,cust_0796,social,"Hi, order 88214 was returned to sender without anyone contacting me. Your team has been great so far, thank you. Thanks.",ord_49150,standard,2026-04-25T12:47:00+00:00,2026-04-25T23:47:00+00:00,delivery_issue,positive,normal,offer_credit,apply_credit,synthetic_generator
evt_00736,general_question:03,cust_0485,chat,"Hello, Hello, is my monthly plan covered by your returns window. Thanks. Appreciate it.",ord_98803,standard,2026-04-19T21:40:00+00:00,2026-04-22T00:40:00+00:00,general_question,neutral,normal,auto_resolve,knowledge_response,synthetic_generator
evt_00737,tracking_request:12,cust_0582,chat,"Hi, can you confirm the expected date for my monthly plan. Really appreciate the quick responses previously.",ord_17326,standard,2026-04-30T17:54:00+00:00,2026-05-01T06:54:00+00:00,tracking_request,positive,normal,send_tracking_update,send_tracking_update,synthetic_generator
evt_00738,ambiguous:05,cust_0740,email,"Hey - this is the second delivry of teh standing desk you have got wrong, and I am not happy about how long it has taken. Regards.",ord_35256,enterprise,2026-04-13T01:42:00+00:00,2026-04-15T04:42:00+00:00,complaint,negative,normal,escalate,create_ticket,synthetic_generator
evt_00739,tracking_request:03,cust_0648,chat,Quick question - any news on when the kitchen scale will get here. Regards.,ord_60502,free,2026-04-12T14:07:00+00:00,2026-04-13T08:07:00+00:00,tracking_request,neutral,normal,send_tracking_update,send_tracking_update,synthetic_generator
evt_00740,refund_request:01,cust_0353,chat,Hey - Thanks for the help earlier - please reverse the charge on the running shoes. Regards.,ord_31494,standard,2026-04-14T05:12:00+00:00,2026-04-16T23:12:00+00:00,refund_request,positive,normal,refund_review,refund_review,synthetic_generator
evt_00741,delivery_issue:05,cust_0747,chat,"Good morning, Honestly, it has been two weeks and the replacement charger has not reached me. I expected better than this. Appreciate it.",ord_54868,standard,2026-04-13T04:52:00+00:00,2026-04-13T14:52:00+00:00,delivery_issue,negative,normal,offer_credit,apply_credit,synthetic_generator
evt_00742,refund_request:11,cust_0023,email,"Hello, This is disappointing - is it possible to undo the purchase of the replacement charger. Regards.",ord_83801,free,2026-04-08T21:25:00+00:00,2026-04-10T08:25:00+00:00,refund_request,negative,normal,refund_review,refund_review,synthetic_generator
evt_00743,complaint:08,cust_0094,social,"Hello, your process for order 40917 has cost me an entire afternoon. I have had to chase this repeatedly.",ord_77730,free,2026-04-07T09:48:00+00:00,2026-04-10T01:48:00+00:00,complaint,negative,normal,escalate,create_ticket,synthetic_generator
evt_00744,complaint:05,cust_0507,email,"Hey - I am extremely let down by how the blue headphones was managed, whenever you get a chance.",ord_55165,enterprise,2026-04-07T07:53:00+00:00,2026-04-08T04:53:00+00:00,complaint,negative,normal,escalate,create_ticket,synthetic_generator
evt_00745,general_question:09,cust_0256,chat,"Hello, can the running shoes be gift wrapped. Please advise. Regards.",ord_42981,free,2026-04-09T15:54:00+00:00,2026-04-12T09:54:00+00:00,general_question,neutral,normal,auto_resolve,knowledge_response,synthetic_generator
evt_00746,refund_request:11,cust_0867,chat,"Hi there, is it possible to undo the purchase of order 40917. Appreciate it.",ord_68326,free,2026-05-06T08:45:00+00:00,2026-05-07T10:45:00+00:00,refund_request,neutral,normal,refund_review,refund_review,synthetic_generator
evt_00747,delivery_issue:10,cust_0045,social,the tracking for order 88214 has not moved in five days. Please advise. Appreciate it.,ord_63149,standard,2026-04-11T08:01:00+00:00,2026-04-11T10:01:00+00:00,delivery_issue,neutral,high,offer_credit,apply_credit,synthetic_generator
evt_00748,ambiguous:02,cust_0171,email,"Hi there, no idea where the kitchen scale is, can someone actually look into this.",ord_11968,free,2026-04-15T18:39:00+00:00,2026-04-16T17:39:00+00:00,tracking_request,neutral,normal,send_tracking_update,send_tracking_update,synthetic_generator
evt_00749,refund_request:02,cust_0406,email,"Hello, Quick question - can you send this the kitchen scale back and return the payment.",ord_65569,standard,2026-04-20T05:36:00+00:00,2026-04-22T11:36:00+00:00,refund_request,neutral,normal,refund_review,refund_review,synthetic_generator
evt_00750,complaint:12,cust_0416,social,"Good morning, I keep being promised callbacks about the replacement charger that never happen. At this point I have run out of patience.",ord_58880,free,2026-04-07T12:28:00+00:00,2026-04-10T09:28:00+00:00,complaint,negative,normal,escalate,create_ticket,synthetic_generator
evt_00751,general_question:03,cust_0817,chat,"is order 88214 covered by your returns window, whenever you get a chance.",ord_61250,free,2026-05-02T14:40:00+00:00,2026-05-03T09:40:00+00:00,general_question,neutral,normal,auto_resolve,knowledge_response,synthetic_generator
evt_00752,complaint:08,cust_0463,chat,"Hello, your process for my monthly plan has cost me an entire afternoon. Thanks. Thanks.",ord_60533,standard,2026-04-29T07:25:00+00:00,2026-04-30T10:25:00+00:00,complaint,neutral,normal,escalate,create_ticket,synthetic_generator
evt_00753,general_question:10,cust_0016,social,"Hello, Hello, what is the difference between the blue headphones and the newer version. Thanks.",ord_37284,free,2026-04-16T10:31:00+00:00,2026-04-19T05:31:00+00:00,general_question,neutral,normal,auto_resolve,knowledge_response,synthetic_generator
evt_00754,refund_request:02,cust_0544,chat,"Hey - can you send this order 40917 back and return the payment, which is really not good enough. Thanks.",ord_98599,free,2026-04-28T11:36:00+00:00,2026-04-28T12:36:00+00:00,refund_request,negative,high,escalate,create_ticket,synthetic_generator
evt_00755,refund_request:12,cust_0333,email,"Hi, Quick question - I want to send the running shoes back for a credit to my account. Thanks.",ord_47915,free,2026-05-05T01:08:00+00:00,2026-05-07T01:08:00+00:00,refund_request,neutral,normal,refund_review,refund_review,synthetic_generator
evt_00756,complaint:02,cust_0226,social,Hey - I have wasted hours on order 40917 with no resolution. Regards.,ord_31406,enterprise,2026-04-10T02:48:00+00:00,2026-04-12T13:48:00+00:00,complaint,neutral,normal,escalate,create_ticket,synthetic_generator
evt_00757,ambiguous:06,cust_0423,chat,"I have given up waiting for order 40917, just close it out for me. Really appreciate the quick responses previously. Regards.",ord_64050,free,2026-04-27T05:35:00+00:00,2026-04-30T05:35:00+00:00,refund_request,positive,normal,refund_review,refund_review,synthetic_generator
evt_00758,general_question:08,cust_0156,chat,"Hi, Quick question - how long does order 40917 usually take to arrive. Regards.",ord_47941,free,2026-04-26T19:30:00+00:00,2026-04-27T04:30:00+00:00,general_question,neutral,normal,auto_resolve,knowledge_response,synthetic_generator
evt_00759,complaint:11,cust_0322,social,"Hi, This is disappointing - the way order 40917 was dealt with reflects badly on your company. Appreciate it.",ord_53371,free,2026-04-19T17:21:00+00:00,2026-04-20T07:21:00+00:00,complaint,negative,normal,escalate,create_ticket,synthetic_generator
evt_00760,delivery_issue:04,cust_0388,phone,Hey - shipment containing order 88214 seems stuck at the depot. Please advise.,ord_39868,standard,2026-04-13T08:53:00+00:00,2026-04-14T17:53:00+00:00,delivery_issue,neutral,normal,offer_credit,apply_credit,synthetic_generator
evt_00761,tracking_request:12,cust_0205,email,"Good morning, can you confirm the expected date for order 40917. This has been a frustrating experience. Thanks.",ord_18955,standard,2026-05-02T21:56:00+00:00,2026-05-05T07:56:00+00:00,tracking_request,negative,normal,send_tracking_update,send_tracking_update,synthetic_generator
evt_00762,refund_request:09,cust_0897,email,"Hello, I am returning the blue headphones, what happens with the payment. Appreciate it.",ord_50255,free,2026-04-15T09:02:00+00:00,2026-04-17T23:02:00+00:00,refund_request,neutral,normal,refund_review,refund_review,synthetic_generator
evt_00763,complaint:11,cust_0892,phone,Quick question - the way order 88214 was dealt with reflects badly on your company. Regards.,ord_73843,standard,2026-04-11T22:29:00+00:00,2026-04-13T05:29:00+00:00,complaint,neutral,normal,escalate,create_ticket,synthetic_generator
evt_00764,tracking_request:08,cust_0135,email,when is the running shoes scheduled to arrive. Please let me know.,ord_28507,enterprise,2026-04-08T00:46:00+00:00,2026-04-08T12:46:00+00:00,tracking_request,neutral,normal,send_tracking_update,send_tracking_update,synthetic_generator
evt_00765,tracking_request:08,cust_0302,social,when is the kitchen scale scheduled to arrive. This has been a frustrating experience. Appreciate it.,ord_73339,enterprise,2026-05-04T01:08:00+00:00,2026-05-05T02:08:00+00:00,tracking_request,negative,normal,send_tracking_update,send_tracking_update,synthetic_generator
evt_00766,refund_request:02,cust_0757,chat,Quick question - can you send this the standing desk back and return the payment. Please let me know.,ord_86143,standard,2026-04-09T16:38:00+00:00,2026-04-11T02:38:00+00:00,refund_request,neutral,normal,refund_review,refund_review,synthetic_generator
evt_00767,tracking_request:06,cust_0706,email,"Hi, could you tell me which stage the standing desk is at. I have had to chase this repeatedly.",ord_40130,standard,2026-04-13T13:05:00+00:00,2026-04-13T18:05:00+00:00,tracking_request,negative,normal,send_tracking_update,send_tracking_update,synthetic_generator
evt_00768,ambiguous:00,cust_0124,chat,"Hey - the blue headphones has not arrived and I am starting to want my money back. Your team has been great so far, thank you. Regards.",ord_78767,free,2026-04-10T02:45:00+00:00,2026-04-12T14:45:00+00:00,delivery_issue,positive,normal,offer_credit,apply_credit,synthetic_generator
evt_00769,refund_request:11,cust_0631,email,"is it possible to undo the purchase of the wireless keyboard, and I am not happy about how long it has taken. Thanks.",ord_47059,enterprise,2026-04-20T05:14:00+00:00,2026-04-23T03:14:00+00:00,refund_request,negative,normal,refund_review,refund_review,synthetic_generator
evt_00770,general_question:06,cust_0801,email,"Hi, do you ship the wireless keyboard internationally, whenever you get a chance. Regards.",ord_67460,standard,2026-05-06T04:17:00+00:00,2026-05-07T02:17:00+00:00,general_question,neutral,normal,auto_resolve,knowledge_response,synthetic_generator
evt_00771,complaint:04,cust_0055,chat,"Hi, the handling of order 40917 has been unacceptable, which is really not good enough. Regards.",ord_87196,free,2026-04-28T17:00:00+00:00,2026-04-28T18:00:00+00:00,complaint,negative,high,escalate,create_ticket,synthetic_generator
evt_00772,tracking_request:05,cust_0299,phone,Hey - I want to follow the journey of my the kitchen scale. At this point I have run out of patience. Regards.,ord_48090,free,2026-04-07T01:12:00+00:00,2026-04-08T13:12:00+00:00,tracking_request,negative,normal,send_tracking_update,send_tracking_update,synthetic_generator
evt_00773,complaint:04,cust_0057,social,"Hey - the handling of the running shoes has been unacceptable, and I am not happy about how long it has taken. Appreciate it.",ord_56806,free,2026-04-30T12:23:00+00:00,2026-05-02T11:23:00+00:00,complaint,negative,normal,escalate,create_ticket,synthetic_generator
evt_00774,ambiguous:02,cust_0840,chat,"Good morning, no idea where order 40917 is, can someone actually look into this. Please let me know.",ord_79531,standard,2026-04-25T05:09:00+00:00,2026-04-26T04:09:00+00:00,tracking_request,neutral,normal,send_tracking_update,send_tracking_update,synthetic_generator
evt_00775,general_question:05,cust_0061,chat,"what payment methods work for the kitchen scale, whenever you get a chance. Thanks.",ord_39141,standard,2026-05-04T04:50:00+00:00,2026-05-04T16:50:00+00:00,general_question,neutral,normal,auto_resolve,knowledge_response,synthetic_generator
evt_00776,complaint:01,cust_0425,chat,"Good morning, Honestly, the service around the kitchen scale has been genuinely poor. I expected better than this. Thanks.",ord_50089,enterprise,2026-04-23T23:17:00+00:00,2026-04-26T22:17:00+00:00,complaint,positive,normal,escalate,create_ticket,synthetic_generator
evt_00777,delivery_issue:06,cust_0375,chat,"Hello, Honestly, the order 88214 order missed its promised window. I expected better than this.",ord_54960,standard,2026-04-15T23:14:00+00:00,2026-04-17T20:14:00+00:00,delivery_issue,negative,normal,offer_credit,apply_credit,synthetic_generator
evt_00778,delivery_issue:05,cust_0098,chat,"Hi, it has been two weeks and the standing desk has not reached me. Appreciate it.",ord_65271,standard,2026-04-18T15:33:00+00:00,2026-04-21T09:33:00+00:00,delivery_issue,neutral,normal,offer_credit,apply_credit,synthetic_generator
evt_00779,complaint:13,cust_0027,email,"I have lost confidence in how you handle things like the standing desk, and I am not happy about how long it has taken.",ord_77017,enterprise,2026-04-15T06:30:00+00:00,2026-04-15T17:30:00+00:00,complaint,negative,normal,escalate,create_ticket,synthetic_generator
evt_00780,tracking_request:03,cust_0777,social,"Hello, Quick question - any news on when the replacement charger will get here. Regards.",ord_73567,free,2026-04-30T20:17:00+00:00,2026-05-02T00:17:00+00:00,tracking_request,neutral,normal,send_tracking_update,send_tracking_update,synthetic_generator
evt_00781,refund_request:10,cust_0786,phone,"Good morning, the parcel with the standing desk came late and I would rather have the money. No rush at all, you have been helpful.",ord_77015,free,2026-04-08T03:34:00+00:00,2026-04-09T23:34:00+00:00,refund_request,positive,normal,refund_review,refund_review,synthetic_generator
evt_00782,general_question:12,cust_0172,email,"Hi, Hi there, are spare parts available for the blue headphones. Appreciate it.",ord_20134,free,2026-04-16T03:35:00+00:00,2026-04-17T20:35:00+00:00,general_question,neutral,normal,auto_resolve,knowledge_response,synthetic_generator
evt_00783,complaint:01,cust_0098,social,"the service around order 88214 has been genuinely poor, which is really not good enough. Thanks.",ord_42812,enterprise,2026-04-19T08:49:00+00:00,2026-04-21T19:49:00+00:00,complaint,negative,normal,escalate,create_ticket,synthetic_generator
evt_00784,tracking_request:08,cust_0521,email,Hey - when is order 88214 scheduled to arrive. I have had to chase this repeatedly.,ord_97196,standard,2026-04-06T21:07:00+00:00,2026-04-07T13:07:00+00:00,tracking_request,negative,normal,send_tracking_update,send_tracking_update,synthetic_generator
evt_00785,complaint:13,cust_0888,email,"Hi, I have lost confidence in how you handle things like oder 40917. I have had to chase this repeatedly. Appreciate it.",ord_93974,free,2026-04-19T05:06:00+00:00,2026-04-21T00:06:00+00:00,complaint,negative,normal,escalate,create_ticket,synthetic_generator
evt_00786,delivery_issue:12,cust_0457,chat,"Hello, Hi there, the estimated date for the replacement charger has passed with no update. Appreciate it.",ord_90838,free,2026-04-28T23:04:00+00:00,2026-04-30T00:04:00+00:00,delivery_issue,neutral,normal,offer_credit,apply_credit,synthetic_generator
evt_00787,general_question:04,cust_0233,social,"Good morning, how do I add my monthly plan to an existing order, whenever you get a chance. Regards.",ord_14190,free,2026-04-16T19:09:00+00:00,2026-04-17T20:09:00+00:00,general_question,neutral,normal,auto_resolve,knowledge_response,synthetic_generator
evt_00788,delivery_issue:07,cust_0551,chat,"Hi, the driver could not find my address for order 40917, whenever you get a chance.",ord_80510,standard,2026-04-26T17:03:00+00:00,2026-04-28T14:03:00+00:00,delivery_issue,neutral,normal,offer_credit,apply_credit,synthetic_generator
evt_00789,delivery_issue:06,cust_0358,email,"Good morning, teh teh kitchen scale order missed its promised window. This has been a frustrating experience. Appreciate it.",ord_65782,standard,2026-04-28T06:22:00+00:00,2026-04-28T13:22:00+00:00,delivery_issue,negative,normal,offer_credit,apply_credit,synthetic_generator
evt_00790,refund_request:01,cust_0844,chat,"Hello, please reverse the charge on the kitchen scale. Please advise. Please let me know.",ord_39018,enterprise,2026-04-13T23:47:00+00:00,2026-04-16T04:47:00+00:00,refund_request,neutral,normal,refund_review,refund_review,synthetic_generator
evt_00791,delivery_issue:08,cust_0694,chat,"Good morning, Quick question - the replacement charger was returned to sender without anyone contacting me. Please let me know.",ord_89088,free,2026-04-26T12:47:00+00:00,2026-04-26T19:47:00+00:00,delivery_issue,neutral,normal,offer_credit,apply_credit,synthetic_generator
evt_00792,complaint:05,cust_0853,social,I am extremely let down by how the kitchen scale was managed. This has been a frustrating experience. Please let me know.,ord_46646,standard,2026-04-25T22:10:00+00:00,2026-04-27T16:10:00+00:00,complaint,negative,normal,escalate,create_ticket,synthetic_generator
evt_00793,general_question:13,cust_0354,email,"Good morning, what happens to my subscription if I pause the wireless keyboard. Please advise. Appreciate it.",ord_82327,free,2026-04-21T13:16:00+00:00,2026-04-22T13:16:00+00:00,general_question,neutral,normal,auto_resolve,knowledge_response,synthetic_generator
evt_00794,delivery_issue:13,cust_0532,social,my order containing the replacement charger appears to be lost in transit. This has been a frustrating experience. Thanks.,ord_22225,standard,2026-05-02T07:05:00+00:00,2026-05-03T04:05:00+00:00,delivery_issue,negative,normal,offer_credit,apply_credit,synthetic_generator
evt_00795,refund_request:02,cust_0783,social,"Hi, can you send this the annual subscription back and return the payment. This has been a frustrating experience.",ord_15050,standard,2026-04-17T14:06:00+00:00,2026-04-20T05:06:00+00:00,refund_request,negative,normal,refund_review,refund_review,synthetic_generator
evt_00796,tracking_request:12,cust_0708,chat,Hey - can you confirm the expected date for the blue headphones. Please let me know.,ord_97167,standard,2026-05-04T18:07:00+00:00,2026-05-05T10:07:00+00:00,tracking_request,neutral,normal,send_tracking_update,send_tracking_update,synthetic_generator
evt_00797,general_question:09,cust_0557,email,can the replacement charger be gift wrapped. Please advise. Regards.,ord_69552,free,2026-04-26T09:16:00+00:00,2026-04-26T21:16:00+00:00,general_question,neutral,normal,auto_resolve,knowledge_response,synthetic_generator
evt_00798,delivery_issue:10,cust_0613,chat,"Hey - the tracking for my monthly plan has not moved in five days, whenever you get a chance. Regards.",ord_84556,free,2026-04-24T03:32:00+00:00,2026-04-26T08:32:00+00:00,delivery_issue,neutral,normal,offer_credit,apply_credit,synthetic_generator
evt_00799,tracking_request:08,cust_0257,phone,"Hi, when is oder 88214 scheduled to arrive. Really appreciate teh quick responses previously.",ord_53898,free,2026-04-11T22:33:00+00:00,2026-04-13T16:33:00+00:00,tracking_request,positive,normal,send_tracking_update,send_tracking_update,synthetic_generator
evt_00800,general_question:01,cust_0301,phone,Hey - does teh annual subscription come in other sizes. Please advise. pls let me know.,ord_31103,standard,2026-04-14T12:24:00+00:00,2026-04-16T20:24:00+00:00,general_question,neutral,normal,auto_resolve,knowledge_response,synthetic_generator
evt_00801,general_question:09,cust_0568,chat,"can order 40917 be gift wrapped. No rush at all, you have been helpful. Thanks.",ord_69022,standard,2026-05-04T13:22:00+00:00,2026-05-05T08:22:00+00:00,general_question,positive,normal,auto_resolve,knowledge_response,synthetic_generator
evt_00802,complaint:02,cust_0054,phone,"Hi, I have wasted hours on order 88214 with no resolution. I have had to chase this repeatedly. Appreciate it.",ord_65766,free,2026-04-16T17:12:00+00:00,2026-04-18T12:12:00+00:00,complaint,negative,normal,escalate,create_ticket,synthetic_generator
evt_00803,ambiguous:03,cust_0136,email,still waiting on oder 40917 and still nobody has explained why. I have had to chase this repeatedly. Regards.,ord_90224,standard,2026-04-17T12:40:00+00:00,2026-04-18T07:40:00+00:00,complaint,negative,normal,escalate,create_ticket,synthetic_generator
evt_00804,delivery_issue:02,cust_0712,email,Hey - the blue headphones was meant to arrive on Tuesday and it is still not here. Thanks.,ord_79124,free,2026-04-20T04:42:00+00:00,2026-04-20T14:42:00+00:00,delivery_issue,neutral,normal,offer_credit,apply_credit,synthetic_generator
evt_00805,general_question:10,cust_0581,social,"Hi, what is the difference between the wireless keyboard and the newer version. Please advise. Regards.",ord_87267,enterprise,2026-04-27T22:52:00+00:00,2026-04-29T20:52:00+00:00,general_question,neutral,normal,auto_resolve,knowledge_response,synthetic_generator
evt_00806,refund_request:03,cust_0001,email,"Good morning, I no longer want the annual subscription and expect the amount returned. I have had to chase this repeatedly.",ord_34910,enterprise,2026-04-22T23:47:00+00:00,2026-04-24T12:47:00+00:00,refund_request,negative,normal,refund_review,refund_review,synthetic_generator
evt_00807,complaint:09,cust_0425,phone,"Good morning, no one has taken ownership of the problem with teh annual subscription. This has been a frustrating experience. Appreciate it.",ord_91162,standard,2026-04-15T11:36:00+00:00,2026-04-18T02:36:00+00:00,complaint,negative,normal,escalate,create_ticket,synthetic_generator
evt_00808,ambiguous:00,cust_0005,social,"Hi, Quick question - order 40917 has not arrived and I am starting to want my money back. Thanks.",ord_66288,free,2026-04-23T06:36:00+00:00,2026-04-23T14:36:00+00:00,delivery_issue,neutral,normal,offer_credit,apply_credit,synthetic_generator
evt_00809,delivery_issue:08,cust_0227,email,"Hi, order 40917 was returned to sender without anyone contacting me. No rush at all, you have been helpful. Thanks.",ord_95186,enterprise,2026-04-09T08:59:00+00:00,2026-04-10T05:59:00+00:00,delivery_issue,positive,normal,offer_credit,apply_credit,synthetic_generator
evt_00810,delivery_issue:08,cust_0540,social,"Hello, Quick question - the running shoes was returned to sender without anyone contacting me. Appreciate it.",ord_69445,free,2026-05-01T09:42:00+00:00,2026-05-01T22:42:00+00:00,delivery_issue,neutral,normal,offer_credit,apply_credit,synthetic_generator
evt_00811,general_question:07,cust_0200,social,"Hi, Hi there, is there a student discount available on the blue headphones. Please let me know.",ord_10014,free,2026-04-08T10:39:00+00:00,2026-04-10T02:39:00+00:00,general_question,neutral,normal,auto_resolve,knowledge_response,synthetic_generator
evt_00812,tracking_request:07,cust_0554,chat,"Good morning, Hi there, is there a reference number I can use to watch teh replacement charger.",ord_13395,free,2026-04-08T08:51:00+00:00,2026-04-08T23:51:00+00:00,tracking_request,neutral,normal,send_tracking_update,send_tracking_update,synthetic_generator
evt_00813,delivery_issue:11,cust_0184,chat,"Hello, nobody has been able to deliver the annual subscription yet. Really appreciate the quick responses previously.",ord_59151,free,2026-05-04T09:47:00+00:00,2026-05-06T09:47:00+00:00,delivery_issue,positive,normal,offer_credit,apply_credit,synthetic_generator
evt_00814,ambiguous:06,cust_0818,social,"Good morning, Quick question - I have given up waiting for the annual subscription, just close it out for me. Please let me know.",ord_90831,free,2026-04-17T05:55:00+00:00,2026-04-18T01:55:00+00:00,refund_request,neutral,normal,refund_review,refund_review,synthetic_generator
evt_00815,complaint:06,cust_0360,social,This is disappointing - every person I speak to about teh annual subscription tells me something different. Appreciate it.,ord_95329,free,2026-04-13T09:02:00+00:00,2026-04-13T14:02:00+00:00,complaint,negative,normal,escalate,create_ticket,synthetic_generator
evt_00816,delivery_issue:09,cust_0602,phone,"Hi, delivery of the wireless keyboard keeps getting rescheduled, and I am not happy about how long it has taken. Please let me know.",ord_98605,enterprise,2026-04-07T00:57:00+00:00,2026-04-08T12:57:00+00:00,delivery_issue,negative,normal,offer_credit,apply_credit,synthetic_generator
evt_00817,tracking_request:12,cust_0641,phone,can you confirm the expected date for the annual subscription. This has been a frustrating experience. Thanks.,ord_84978,enterprise,2026-04-17T05:06:00+00:00,2026-04-18T01:06:00+00:00,tracking_request,negative,normal,send_tracking_update,send_tracking_update,synthetic_generator
evt_00818,tracking_request:06,cust_0353,chat,"Good morning, Happy with the service overall, just could you tell me which stage the annual subscription is at. Please let me know.",ord_33563,free,2026-04-21T12:26:00+00:00,2026-04-24T04:26:00+00:00,tracking_request,positive,normal,send_tracking_update,send_tracking_update,synthetic_generator
evt_00819,complaint:09,cust_0278,social,"Good morning, This is disappointing - no one has taken ownership of the problem with the wireless keyboard. Regards.",ord_73968,standard,2026-05-04T07:21:00+00:00,2026-05-06T11:21:00+00:00,complaint,negative,normal,escalate,create_ticket,synthetic_generator
evt_00820,ambiguous:01,cust_0449,phone,This is disappointing - if the annual subscription cannot get here this week I would rather be refunded. Please let me know.,ord_83691,standard,2026-04-16T09:55:00+00:00,2026-04-16T16:55:00+00:00,refund_request,negative,normal,refund_review,refund_review,synthetic_generator
evt_00821,delivery_issue:03,cust_0663,social,"Hi, courier marked the replacement charger as attempted but nobody came, whenever you get a chance. Appreciate it.",ord_71832,standard,2026-04-09T05:47:00+00:00,2026-04-09T06:47:00+00:00,delivery_issue,neutral,high,offer_credit,apply_credit,synthetic_generator
evt_00822,complaint:11,cust_0473,social,"Hello, the way the wireless keyboard was dealt with reflects badly on your company. Please advise. Please let me know.",ord_42405,standard,2026-04-30T12:43:00+00:00,2026-05-01T19:43:00+00:00,complaint,neutral,normal,escalate,create_ticket,synthetic_generator
evt_00823,delivery_issue:03,cust_0774,phone,"Good morning, courier marked the kitchen scale as attempted but nobody came, which is really not good enough.",ord_82674,standard,2026-04-08T16:20:00+00:00,2026-04-09T22:20:00+00:00,delivery_issue,negative,normal,offer_credit,apply_credit,synthetic_generator
evt_00824,ambiguous:05,cust_0501,chat,"this is the second delivery of the wireless keyboard you have got wrong, which is really not good enough. Thanks.",ord_82270,standard,2026-05-04T20:43:00+00:00,2026-05-06T14:43:00+00:00,complaint,negative,normal,escalate,create_ticket,synthetic_generator
evt_00825,general_question:01,cust_0464,social,"Hi, does order 40917 come in other sizes.",ord_31572,free,2026-04-08T08:46:00+00:00,2026-04-09T15:46:00+00:00,general_question,negative,normal,auto_resolve,knowledge_response,synthetic_generator
evt_00826,refund_request:08,cust_0751,phone,"Hello, Hello, please cancel the annual subscription and put the amount back on my card. Thanks.",ord_83329,enterprise,2026-05-01T04:31:00+00:00,2026-05-01T05:31:00+00:00,refund_request,neutral,high,refund_review,refund_review,synthetic_generator
evt_00827,complaint:04,cust_0492,phone,"Hello, the handling of the blue headphones has been unacceptable. Thanks.",ord_58497,free,2026-05-01T19:51:00+00:00,2026-05-02T04:51:00+00:00,complaint,neutral,normal,escalate,create_ticket,synthetic_generator
evt_00828,complaint:12,cust_0399,email,"Honestly, I keep being promised callbacks about the annual subscription that never happen. I expected better than this.",ord_26911,free,2026-04-16T08:50:00+00:00,2026-04-19T07:50:00+00:00,complaint,negative,normal,escalate,create_ticket,synthetic_generator
evt_00829,refund_request:03,cust_0389,email,"Hey - Happy with the service overall, just I no longer want order 40917 and expect the amount returned. Please let me know.",ord_91099,standard,2026-04-24T23:02:00+00:00,2026-04-27T06:02:00+00:00,refund_request,positive,normal,refund_review,refund_review,synthetic_generator
evt_00830,general_question:02,cust_0236,phone,"Hello, Hello, can I change the delivery address for the standing desk. Thanks. Please let me know.",ord_12908,free,2026-04-23T12:03:00+00:00,2026-04-23T17:03:00+00:00,general_question,neutral,normal,auto_resolve,knowledge_response,synthetic_generator
evt_00831,complaint:02,cust_0730,social,"Hi, I have wasted hours on the blue headphones with no resolution. At this point I have run out of patience. Regards.",ord_67572,standard,2026-04-18T13:00:00+00:00,2026-04-20T20:00:00+00:00,complaint,negative,normal,escalate,create_ticket,synthetic_generator
evt_00832,tracking_request:13,cust_0496,social,"Hi, looking for an update on where my monthly plan has got to. Really appreciate the quick responses previously. Thanks.",ord_33520,free,2026-04-27T21:40:00+00:00,2026-04-29T17:40:00+00:00,tracking_request,positive,normal,send_tracking_update,send_tracking_update,synthetic_generator
evt_00833,general_question:03,cust_0609,phone,"Good morning, Hi there, is teh wireless keyboard covered by your returns window. Appreciate it.",ord_68317,standard,2026-04-14T21:51:00+00:00,2026-04-16T05:51:00+00:00,general_question,neutral,normal,auto_resolve,knowledge_response,synthetic_generator
evt_00834,general_question:01,cust_0048,phone,does the annual subscription come in other sizes. Please advise. Regards.,ord_32227,standard,2026-04-25T05:53:00+00:00,2026-04-26T20:53:00+00:00,general_question,neutral,normal,auto_resolve,knowledge_response,synthetic_generator
evt_00835,delivery_issue:04,cust_0290,email,Hey - shipment containing the standing desk seems stuck at the depot. Please advise. Please let me know.,ord_79448,standard,2026-04-23T01:14:00+00:00,2026-04-25T09:14:00+00:00,delivery_issue,neutral,normal,offer_credit,apply_credit,synthetic_generator
evt_00836,ambiguous:07,cust_0319,phone,"Honestly, the courier says delivered but the wireless keyboard is not here. I expected better than this. Appreciate it.",ord_66302,standard,2026-04-12T20:54:00+00:00,2026-04-15T14:54:00+00:00,delivery_issue,negative,normal,offer_credit,apply_credit,synthetic_generator
evt_00837,refund_request:11,cust_0269,chat,"Hello, Quick question - is it possible to undo the purchase of the annual subscription. Appreciate it.",ord_73611,standard,2026-04-09T17:29:00+00:00,2026-04-10T08:29:00+00:00,refund_request,neutral,normal,refund_review,refund_review,synthetic_generator
evt_00838,complaint:06,cust_0521,social,Hey - every person I speak to about the standing desk tells me something different. This has been a frustrating experience. Regards.,ord_44970,free,2026-05-02T11:10:00+00:00,2026-05-05T07:10:00+00:00,complaint,negative,normal,escalate,create_ticket,synthetic_generator
evt_00839,ambiguous:02,cust_0176,social,"Hi, Thanks for the help earlier - no idea where the blue headphones is, can someone actually look into this. Thanks.",ord_96449,free,2026-04-12T11:32:00+00:00,2026-04-13T01:32:00+00:00,tracking_request,positive,normal,send_tracking_update,send_tracking_update,synthetic_generator
evt_00840,general_question:00,cust_0883,phone,"Good morning, what is the warranty period on the wireless keyboard. Please advise. Thanks.",ord_67412,standard,2026-04-21T02:08:00+00:00,2026-04-21T18:08:00+00:00,general_question,neutral,normal,auto_resolve,knowledge_response,synthetic_generator
evt_00841,general_question:10,cust_0764,social,"Hi, Hello, what is the difference between the replacement charger and the newer version. Thanks.",ord_61726,free,2026-04-22T14:47:00+00:00,2026-04-23T01:47:00+00:00,general_question,neutral,normal,auto_resolve,knowledge_response,synthetic_generator
evt_00842,tracking_request:08,cust_0777,email,"Hello, when is the running shoes scheduled to arrive. Please advise. Please let me know.",ord_66548,standard,2026-05-04T11:15:00+00:00,2026-05-07T02:15:00+00:00,tracking_request,neutral,normal,send_tracking_update,send_tracking_update,synthetic_generator
evt_00843,ambiguous:02,cust_0282,chat,"Hey - Hi there, no idea where the standing desk is, can someone actually look into this. pls let me know.",ord_33067,standard,2026-04-11T22:52:00+00:00,2026-04-12T13:52:00+00:00,tracking_request,neutral,normal,send_tracking_update,send_tracking_update,synthetic_generator
evt_00844,ambiguous:06,cust_0613,email,"I have given up waiting for the wireless keyboard, just close it out for me. Please let me know.",ord_21266,free,2026-04-08T20:05:00+00:00,2026-04-11T13:05:00+00:00,refund_request,neutral,normal,refund_review,refund_review,synthetic_generator
evt_00845,refund_request:13,cust_0403,phone,"Hi, Quick question - raise a return for the blue headphones and refund me please. Regards.",ord_66581,enterprise,2026-05-01T19:54:00+00:00,2026-05-02T22:54:00+00:00,refund_request,neutral,normal,refund_review,refund_review,synthetic_generator
evt_00846,general_question:06,cust_0460,social,Hey - Quick question - do you ship the kitchen scale internationally. Please let me know.,ord_37603,enterprise,2026-04-27T04:57:00+00:00,2026-04-28T04:57:00+00:00,general_question,neutral,normal,auto_resolve,knowledge_response,synthetic_generator
evt_00847,delivery_issue:07,cust_0067,chat,the driver could not find my address for my monthly plan. Please let me know.,ord_78916,free,2026-05-01T08:21:00+00:00,2026-05-01T10:21:00+00:00,delivery_issue,neutral,high,offer_credit,apply_credit,synthetic_generator
evt_00848,general_question:00,cust_0114,chat,"Hi, what is the warranty period on order 88214, whenever you get a chance. Regards.",ord_59165,free,2026-04-06T14:54:00+00:00,2026-04-07T06:54:00+00:00,general_question,neutral,normal,auto_resolve,knowledge_response,synthetic_generator
evt_00849,tracking_request:10,cust_0463,email,"Good morning, just checking in on the progress of the standing desk. Please advise. Please let me know.",ord_35361,free,2026-04-20T11:51:00+00:00,2026-04-21T16:51:00+00:00,tracking_request,neutral,normal,send_tracking_update,send_tracking_update,synthetic_generator
evt_00850,complaint:12,cust_0163,email,"Hey - Hi there, I keep being promised callbacks about the standing desk that never happen. Thanks.",ord_47266,standard,2026-04-23T23:06:00+00:00,2026-04-25T09:06:00+00:00,complaint,neutral,normal,escalate,create_ticket,synthetic_generator
evt_00851,complaint:13,cust_0715,phone,"Good morning, I have lost confidence in how you handle things like order 40917. I have had to chase this repeatedly. Regards.",ord_19681,standard,2026-04-24T10:37:00+00:00,2026-04-26T11:37:00+00:00,complaint,negative,normal,escalate,create_ticket,synthetic_generator
evt_00852,tracking_request:11,cust_0381,chat,"Good morning, how far along is the delivery of order 88214. Please advise.",ord_31147,free,2026-04-12T23:02:00+00:00,2026-04-13T09:02:00+00:00,tracking_request,neutral,normal,send_tracking_update,send_tracking_update,synthetic_generator
evt_00853,ambiguous:03,cust_0806,social,"Good morning, still waiting on the annual subscription and still nobody has explained why, and I am not happy about how long it has taken. Please let me know.",ord_38693,free,2026-04-16T23:33:00+00:00,2026-04-19T09:33:00+00:00,complaint,negative,normal,escalate,create_ticket,synthetic_generator
evt_00854,tracking_request:11,cust_0625,phone,"Hey - Hello, how far along is the delivery of the wireless keyboard. Thanks.",ord_90498,standard,2026-04-13T05:29:00+00:00,2026-04-14T16:29:00+00:00,tracking_request,neutral,normal,send_tracking_update,send_tracking_update,synthetic_generator
evt_00855,refund_request:04,cust_0023,phone,"Hello, Hi there, requesting reimbursement for the wireless keyboard. Thanks.",ord_13675,free,2026-04-18T06:10:00+00:00,2026-04-20T17:10:00+00:00,refund_request,neutral,normal,refund_review,refund_review,synthetic_generator
evt_00856,refund_request:12,cust_0649,email,"Hello, I want to send the blue headphones back for a credit to my account. I have had to chase this repeatedly. Please let me know.",ord_76273,standard,2026-04-23T07:39:00+00:00,2026-04-24T17:39:00+00:00,refund_request,negative,normal,refund_review,refund_review,synthetic_generator
evt_00857,ambiguous:01,cust_0877,email,"Hi, Hello, if order 88214 cannot get here this week I would rather be refunded. Thanks.",ord_73231,standard,2026-05-02T11:42:00+00:00,2026-05-02T16:42:00+00:00,refund_request,neutral,normal,refund_review,refund_review,synthetic_generator
evt_00858,tracking_request:01,cust_0653,email,"Hello, Hello, can I get a status update on my monthly plan. Thanks. Regards.",ord_78244,free,2026-04-13T03:48:00+00:00,2026-04-15T15:48:00+00:00,tracking_request,neutral,normal,send_tracking_update,send_tracking_update,synthetic_generator
evt_00859,general_question:09,cust_0329,phone,Quick question - can teh running shoes be gift wrapped. Thanks.,ord_62993,standard,2026-04-14T19:28:00+00:00,2026-04-17T11:28:00+00:00,general_question,neutral,normal,auto_resolve,knowledge_response,synthetic_generator
evt_00860,general_question:02,cust_0115,social,"Hi, Hello, can I change teh delivery address for oder 88214. Thanks.",ord_68072,enterprise,2026-04-23T11:58:00+00:00,2026-04-25T11:58:00+00:00,general_question,neutral,normal,auto_resolve,knowledge_response,synthetic_generator
evt_00861,delivery_issue:06,cust_0440,email,"Hi, the my monthly plan order missed its promised window, and I am not happy about how long it has taken. Please let me know.",ord_84193,standard,2026-04-28T03:08:00+00:00,2026-04-29T22:08:00+00:00,delivery_issue,negative,normal,offer_credit,apply_credit,synthetic_generator
evt_00862,complaint:11,cust_0073,social,"Hey - the way the running shoes was dealt with reflects badly on your company, and I am not happy about how long it has taken. Appreciate it.",ord_18016,enterprise,2026-04-21T19:22:00+00:00,2026-04-24T18:22:00+00:00,complaint,negative,normal,escalate,create_ticket,synthetic_generator
evt_00863,delivery_issue:12,cust_0385,social,"Hey - the estimated date for the standing desk has passed with no update, whenever you get a chance. Please let me know.",ord_74631,standard,2026-05-03T21:42:00+00:00,2026-05-04T23:42:00+00:00,delivery_issue,neutral,normal,offer_credit,apply_credit,synthetic_generator
evt_00864,tracking_request:00,cust_0806,chat,"Hello, Thanks for the help earlier - where is my the blue headphones right now. Thanks.",ord_13808,standard,2026-04-06T12:40:00+00:00,2026-04-07T02:40:00+00:00,tracking_request,positive,normal,send_tracking_update,send_tracking_update,synthetic_generator
evt_00865,complaint:12,cust_0510,email,"Hi there, I keep being promised callbacks about teh running shoes that never happen. Please let me know.",ord_78281,standard,2026-04-13T09:57:00+00:00,2026-04-14T20:57:00+00:00,complaint,neutral,normal,escalate,create_ticket,synthetic_generator
evt_00866,general_question:00,cust_0067,social,"Good morning, what is the warranty period on the replacement charger. Please let me know.",ord_39121,free,2026-04-25T07:24:00+00:00,2026-04-27T08:24:00+00:00,general_question,neutral,normal,auto_resolve,knowledge_response,synthetic_generator
evt_00867,refund_request:10,cust_0150,phone,"Hello, Quick question - the parcel with the standing desk came late and I would rather have the money. Appreciate it.",ord_28104,free,2026-04-11T03:00:00+00:00,2026-04-12T13:00:00+00:00,refund_request,neutral,normal,refund_review,refund_review,synthetic_generator
evt_00868,refund_request:05,cust_0716,chat,"Hi, the the running shoes arrived damaged so I want compensation for it. I have had to chase this repeatedly. Please let me know.",ord_48309,enterprise,2026-04-07T11:46:00+00:00,2026-04-09T07:46:00+00:00,refund_request,negative,normal,refund_review,refund_review,synthetic_generator
evt_00869,ambiguous:03,cust_0815,phone,"Good morning, still waiting on my monthly plan and still nobody has explained why, which is really not good enough. Please let me know.",ord_74321,enterprise,2026-04-14T10:03:00+00:00,2026-04-16T14:03:00+00:00,complaint,negative,normal,escalate,create_ticket,synthetic_generator
evt_00870,delivery_issue:05,cust_0367,social,"Good morning, Thanks for the help earlier - it has been two weeks and the annual subscription has not reached me. Appreciate it.",ord_13215,free,2026-04-10T18:16:00+00:00,2026-04-11T13:16:00+00:00,delivery_issue,positive,normal,offer_credit,apply_credit,synthetic_generator
evt_00871,complaint:10,cust_0002,email,"Hello, I have received three contradictory answers about the blue headphones. I have had to chase this repeatedly. Thanks.",ord_97280,standard,2026-04-23T13:22:00+00:00,2026-04-25T21:22:00+00:00,complaint,negative,normal,escalate,create_ticket,synthetic_generator
evt_00872,general_question:07,cust_0232,social,"Good morning, Quick question - is there a student discount available on my monthly plan.",ord_90398,free,2026-05-02T00:06:00+00:00,2026-05-02T04:06:00+00:00,general_question,neutral,normal,auto_resolve,knowledge_response,synthetic_generator
evt_00873,complaint:00,cust_0893,social,"Hello, Honestly, this is the third time I have written about the running shoes and nobody replies. I expected better than this.",ord_70373,standard,2026-04-21T05:29:00+00:00,2026-04-24T04:29:00+00:00,complaint,negative,normal,escalate,create_ticket,synthetic_generator
evt_00874,tracking_request:10,cust_0881,chat,Hey - just checking in on the progress of the kitchen scale. Please advise. Please let me know.,ord_33323,free,2026-04-09T19:32:00+00:00,2026-04-11T00:32:00+00:00,tracking_request,neutral,normal,send_tracking_update,send_tracking_update,synthetic_generator
evt_00875,tracking_request:12,cust_0613,phone,"Good morning, Quick question - can you confirm the expected date for the replacement charger.",ord_58695,free,2026-04-20T02:08:00+00:00,2026-04-22T11:08:00+00:00,tracking_request,neutral,normal,send_tracking_update,send_tracking_update,synthetic_generator
evt_00876,tracking_request:01,cust_0168,social,"Hey - can I get a status update on the kitchen scale. No rush at all, you have been helpful. Please let me know.",ord_73964,standard,2026-04-10T18:35:00+00:00,2026-04-11T01:35:00+00:00,tracking_request,positive,normal,send_tracking_update,send_tracking_update,synthetic_generator
evt_00877,tracking_request:07,cust_0374,email,"Good morning, Hello, is there a reference number I can use to watch oder 88214. Thanks. Please let me know.",ord_86499,enterprise,2026-05-05T18:38:00+00:00,2026-05-08T13:38:00+00:00,tracking_request,neutral,normal,send_tracking_update,send_tracking_update,synthetic_generator
evt_00878,ambiguous:06,cust_0876,phone,"Hey - I have given up waiting for my monthly plan, just close it out for me. At this point I have run out of patience. Regards.",ord_22065,free,2026-05-03T05:08:00+00:00,2026-05-03T14:08:00+00:00,refund_request,negative,normal,refund_review,refund_review,synthetic_generator
evt_00879,complaint:07,cust_0594,email,"Hello, I have been passed between four agents about the kitchen scale. Please advise. Please let me know.",ord_44035,enterprise,2026-04-09T02:28:00+00:00,2026-04-11T03:28:00+00:00,complaint,neutral,normal,escalate,create_ticket,synthetic_generator
evt_00880,ambiguous:00,cust_0641,phone,order 40917 has not arrived and I am starting to want my money back. Please advise.,ord_43451,free,2026-04-28T23:13:00+00:00,2026-04-29T18:13:00+00:00,delivery_issue,neutral,normal,offer_credit,apply_credit,synthetic_generator
evt_00881,general_question:06,cust_0630,chat,"Hi, do you ship the annual subscription internationally. Please let me know.",ord_78394,standard,2026-04-19T22:52:00+00:00,2026-04-20T20:52:00+00:00,general_question,neutral,normal,auto_resolve,knowledge_response,synthetic_generator
evt_00882,refund_request:00,cust_0192,phone,"Hey - I would like my money back for the blue headphones. No rush at all, you have been helpful. Thanks.",ord_54899,standard,2026-04-10T13:53:00+00:00,2026-04-13T04:53:00+00:00,refund_request,positive,normal,refund_review,refund_review,synthetic_generator
evt_00883,general_question:08,cust_0811,social,Quick question - how long does the standing desk usually take to arrive. Thanks.,ord_28983,free,2026-04-18T23:34:00+00:00,2026-04-20T05:34:00+00:00,general_question,neutral,normal,auto_resolve,knowledge_response,synthetic_generator
evt_00884,tracking_request:06,cust_0781,phone,"Good morning, could you tell me which stage the blue headphones is at. Appreciate it.",ord_46486,standard,2026-04-12T16:39:00+00:00,2026-04-14T10:39:00+00:00,tracking_request,neutral,normal,send_tracking_update,send_tracking_update,synthetic_generator
evt_00885,complaint:04,cust_0687,chat,"Hello, Hi there, the handling of the annual subscription has been unacceptable. Appreciate it.",ord_86257,free,2026-04-15T08:02:00+00:00,2026-04-18T06:02:00+00:00,complaint,neutral,normal,escalate,create_ticket,synthetic_generator
evt_00886,general_question:07,cust_0272,phone,"Hi, Hello, is there a student discount available on the standing desk. Thanks. Appreciate it.",ord_62227,enterprise,2026-05-05T21:58:00+00:00,2026-05-06T12:58:00+00:00,general_question,neutral,normal,auto_resolve,knowledge_response,synthetic_generator
evt_00887,tracking_request:12,cust_0885,phone,Hey - can you confirm the expected date for the blue headphones. Please advise. Please let me know.,ord_24864,free,2026-04-28T17:00:00+00:00,2026-04-29T03:00:00+00:00,tracking_request,neutral,normal,send_tracking_update,send_tracking_update,synthetic_generator
evt_00888,delivery_issue:04,cust_0440,social,"Hey - Hello, shipment containing the blue headphones seems stuck at the depot. Thanks. Please let me know.",ord_90000,free,2026-05-05T20:47:00+00:00,2026-05-07T13:47:00+00:00,delivery_issue,neutral,normal,offer_credit,apply_credit,synthetic_generator
evt_00889,delivery_issue:12,cust_0650,chat,"Hey - Hi there, the estimated date for order 40917 has passed with no update. Thanks.",ord_39511,enterprise,2026-05-01T16:22:00+00:00,2026-05-02T13:22:00+00:00,delivery_issue,neutral,normal,offer_credit,apply_credit,synthetic_generator
evt_00890,general_question:03,cust_0696,phone,Hey - This is disappointing - is the annual subscription covered by your returns window. Appreciate it.,ord_49622,standard,2026-04-23T20:52:00+00:00,2026-04-26T20:52:00+00:00,general_question,negative,normal,auto_resolve,knowledge_response,synthetic_generator
evt_00891,refund_request:02,cust_0600,email,"Hi, Hello, can you send this the kitchen scale back and return the payment. Thanks. Regards.",ord_28671,free,2026-04-12T00:41:00+00:00,2026-04-12T15:41:00+00:00,refund_request,neutral,normal,refund_review,refund_review,synthetic_generator
evt_00892,general_question:00,cust_0258,chat,"Hi, Hi there, what is the warranty period on order 40917.",ord_84896,enterprise,2026-04-25T16:43:00+00:00,2026-04-27T20:43:00+00:00,general_question,neutral,normal,auto_resolve,knowledge_response,synthetic_generator
evt_00893,delivery_issue:04,cust_0545,chat,Hey - shipment containing the wireless keyboard seems stuck at the depot. At this point I have run out of patience. Thanks.,ord_54479,free,2026-05-05T00:15:00+00:00,2026-05-06T05:15:00+00:00,delivery_issue,negative,normal,offer_credit,apply_credit,synthetic_generator
evt_00894,general_question:09,cust_0210,chat,"Hey - Hello, can the kitchen scale be gift wrapped. Thanks. Please let me know.",ord_52391,free,2026-04-28T18:11:00+00:00,2026-04-29T13:11:00+00:00,general_question,neutral,normal,auto_resolve,knowledge_response,synthetic_generator
evt_00895,tracking_request:13,cust_0243,chat,"Hi, Quick question - looking for an update on where the replacement charger has got to. Thanks.",ord_34305,enterprise,2026-04-20T16:44:00+00:00,2026-04-23T08:44:00+00:00,tracking_request,neutral,normal,send_tracking_update,send_tracking_update,synthetic_generator
evt_00896,general_question:08,cust_0384,social,"Hi, Quick question - how long does order 40917 usually take to arrive. Regards.",ord_70643,free,2026-04-21T15:38:00+00:00,2026-04-22T20:38:00+00:00,general_question,neutral,normal,auto_resolve,knowledge_response,synthetic_generator
evt_00897,general_question:00,cust_0020,email,"Hello, what is the warranty period on the kitchen scale. Appreciate it.",ord_87113,free,2026-04-27T22:25:00+00:00,2026-04-28T03:25:00+00:00,general_question,neutral,normal,auto_resolve,knowledge_response,synthetic_generator
evt_00898,ambiguous:03,cust_0815,social,"Hi, still waiting on the wireless keyboard and still nobody has explained why. At this point I have run out of patience. Please let me know.",ord_64294,standard,2026-04-24T22:50:00+00:00,2026-04-25T09:50:00+00:00,complaint,negative,normal,escalate,create_ticket,synthetic_generator
evt_00899,ambiguous:05,cust_0585,email,"Good morning, Quick question - this is the second delivery of the wireless keyboard you have got wrong. Thanks.",ord_36859,free,2026-04-30T22:05:00+00:00,2026-05-03T05:05:00+00:00,complaint,negative,normal,escalate,create_ticket,synthetic_generator
evt_00900,refund_request:12,cust_0354,chat,"Hi, I want to send the running shoes back for a credit to my account, whenever you get a chance. Please let me know.",ord_67481,standard,2026-04-09T06:52:00+00:00,2026-04-12T01:52:00+00:00,refund_request,neutral,normal,refund_review,refund_review,synthetic_generator
evt_00901,delivery_issue:06,cust_0777,phone,"Good morning, the teh kitchen scale order missed its promised window. Please advise. Thanks.",ord_51764,enterprise,2026-04-17T17:10:00+00:00,2026-04-20T14:10:00+00:00,delivery_issue,neutral,normal,offer_credit,apply_credit,synthetic_generator
evt_00902,tracking_request:04,cust_0236,chat,"Good morning, please share the shipment progress for the annual subscription. At this point I have run out of patience. Regards.",ord_53416,free,2026-05-04T08:59:00+00:00,2026-05-05T03:59:00+00:00,tracking_request,negative,normal,send_tracking_update,send_tracking_update,synthetic_generator
evt_00903,general_question:08,cust_0516,chat,"Hey - Honestly, how long does order 88214 usually take to arrive. I expected better than this.",ord_81147,standard,2026-04-29T15:23:00+00:00,2026-04-30T15:23:00+00:00,general_question,negative,normal,auto_resolve,knowledge_response,synthetic_generator
evt_00904,refund_request:03,cust_0220,chat,"Hey - Hello, I no longer want the annual subscription and expect the amount returned. Thanks. Thanks.",ord_17863,standard,2026-04-13T18:50:00+00:00,2026-04-14T06:50:00+00:00,refund_request,neutral,normal,refund_review,refund_review,synthetic_generator
evt_00905,delivery_issue:02,cust_0359,social,teh wireless keyboard was meant to arrive on Tuesday and it is still not here. Appreciate it.,ord_70831,enterprise,2026-04-08T14:02:00+00:00,2026-04-10T10:02:00+00:00,delivery_issue,neutral,normal,offer_credit,apply_credit,synthetic_generator
evt_00906,general_question:04,cust_0750,phone,"Good morning, how do I add the annual subscription to an existing order, and I am not happy about how long it has taken. Thanks.",ord_92338,enterprise,2026-04-30T13:28:00+00:00,2026-05-02T15:28:00+00:00,general_question,negative,normal,auto_resolve,knowledge_response,synthetic_generator
evt_00907,general_question:03,cust_0368,chat,"Hello, Hi there, is the replacement charger covered by your returns window. Please let me know.",ord_28401,free,2026-05-01T15:54:00+00:00,2026-05-03T02:54:00+00:00,general_question,neutral,normal,auto_resolve,knowledge_response,synthetic_generator
evt_00908,delivery_issue:02,cust_0500,phone,Hey - This is disappointing - the kitchen scale was meant to arrive on Tuesday and it is still not here. Regards.,ord_65271,free,2026-04-06T23:02:00+00:00,2026-04-09T21:02:00+00:00,delivery_issue,negative,normal,offer_credit,apply_credit,synthetic_generator
evt_00909,tracking_request:03,cust_0273,chat,"Hello, This is disappointing - any news on when order 40917 will get here. Regards.",ord_81998,standard,2026-04-17T18:45:00+00:00,2026-04-20T06:45:00+00:00,tracking_request,negative,normal,send_tracking_update,send_tracking_update,synthetic_generator
evt_00910,delivery_issue:06,cust_0789,email,"Good morning, the the kitchen scale order missed its promised window. Thanks.",ord_27952,standard,2026-05-02T13:51:00+00:00,2026-05-05T04:51:00+00:00,delivery_issue,neutral,normal,offer_credit,apply_credit,synthetic_generator
evt_00911,tracking_request:04,cust_0622,social,"Hello, Hi there, please share the shipment progress for the kitchen scale. Please let me know.",ord_48268,free,2026-04-16T08:59:00+00:00,2026-04-17T11:59:00+00:00,tracking_request,neutral,normal,send_tracking_update,send_tracking_update,synthetic_generator
evt_00912,delivery_issue:13,cust_0345,social,Hey - This is disappointing - my order containing the running shoes appears to be lost in transit. Appreciate it.,ord_51577,standard,2026-04-30T05:07:00+00:00,2026-04-30T10:07:00+00:00,delivery_issue,negative,normal,offer_credit,apply_credit,synthetic_generator
evt_00913,general_question:10,cust_0302,chat,"Hello, what is the difference between order 40917 and the newer version. Regards.",ord_61270,standard,2026-05-05T14:17:00+00:00,2026-05-06T07:17:00+00:00,general_question,neutral,normal,auto_resolve,knowledge_response,synthetic_generator
evt_00914,general_question:02,cust_0034,phone,"Hi, can I change the delivery address for teh standing desk. Please advise. Thanks.",ord_58074,standard,2026-04-29T05:54:00+00:00,2026-05-02T00:54:00+00:00,general_question,negative,normal,auto_resolve,knowledge_response,synthetic_generator
evt_00915,refund_request:13,cust_0231,chat,Hey - raise a return for the standing desk and refund me please. Please advise. Regards.,ord_84031,enterprise,2026-04-07T19:40:00+00:00,2026-04-10T11:40:00+00:00,refund_request,neutral,normal,refund_review,refund_review,synthetic_generator
evt_00916,refund_request:13,cust_0395,social,"Hello, Quick question - raise a return for order 88214 and refund me please.",ord_77343,enterprise,2026-04-16T02:00:00+00:00,2026-04-18T19:00:00+00:00,refund_request,negative,normal,refund_review,refund_review,synthetic_generator
evt_00917,complaint:04,cust_0525,phone,"Hi, the handling of the running shoes has been unacceptable. Please advise. Regards.",ord_21843,standard,2026-05-04T03:53:00+00:00,2026-05-05T20:53:00+00:00,complaint,neutral,normal,escalate,create_ticket,synthetic_generator
evt_00918,refund_request:01,cust_0748,social,"Hello, please reverse the charge on the wireless keyboard. Please advise.",ord_72855,free,2026-04-21T18:24:00+00:00,2026-04-23T14:24:00+00:00,refund_request,neutral,normal,refund_review,refund_review,synthetic_generator
evt_00919,refund_request:04,cust_0557,social,"Good morning, Quick question - requesting reimbursement for the replacement charger.",ord_48913,free,2026-05-02T03:44:00+00:00,2026-05-03T16:44:00+00:00,refund_request,neutral,normal,refund_review,refund_review,synthetic_generator
evt_00920,ambiguous:04,cust_0254,social,"Hi, what are my options if order 88214 never shows up. Your team has been great so far, thank you. Appreciate it.",ord_18176,free,2026-04-14T22:19:00+00:00,2026-04-17T02:19:00+00:00,general_question,positive,normal,auto_resolve,knowledge_response,synthetic_generator
evt_00921,ambiguous:05,cust_0310,phone,This is disappointing - this is the second delivery of the running shoes you have got wrong. Thanks.,ord_31670,standard,2026-05-01T18:47:00+00:00,2026-05-04T09:47:00+00:00,complaint,negative,normal,escalate,create_ticket,synthetic_generator
evt_00922,ambiguous:02,cust_0189,email,"Hi, no idea where the running shoes is, can someone actually look into this. This has been a frustrating experience. Thanks.",ord_99087,free,2026-04-11T08:08:00+00:00,2026-04-13T10:08:00+00:00,tracking_request,negative,normal,send_tracking_update,send_tracking_update,synthetic_generator
evt_00923,general_question:01,cust_0615,chat,"Hey - does the wireless keyboard come in other sizes. No rush at all, you have been helpful. Appreciate it.",ord_32767,standard,2026-04-18T03:07:00+00:00,2026-04-20T06:07:00+00:00,general_question,positive,normal,auto_resolve,knowledge_response,synthetic_generator
evt_00924,tracking_request:09,cust_0334,email,"Good morning, what does the courier say about the wireless keyboard at teh moment, which is really not good enough.",ord_96303,free,2026-04-17T09:17:00+00:00,2026-04-18T06:17:00+00:00,tracking_request,negative,normal,send_tracking_update,send_tracking_update,synthetic_generator
evt_00925,delivery_issue:12,cust_0871,email,Hey - the estimated date for the annual subscription has passed with no update. I have had to chase this repeatedly. Appreciate it.,ord_79704,free,2026-05-02T11:57:00+00:00,2026-05-04T09:57:00+00:00,delivery_issue,negative,normal,offer_credit,apply_credit,synthetic_generator
evt_00926,delivery_issue:00,cust_0718,social,"Hi, my the replacement charger still has not turned up, whenever you get a chance. Regards.",ord_65343,free,2026-05-05T09:29:00+00:00,2026-05-06T03:29:00+00:00,delivery_issue,neutral,normal,offer_credit,apply_credit,synthetic_generator
evt_00927,ambiguous:06,cust_0764,chat,"Good morning, I have given up waiting for the kitchen scale, just close it out for me, whenever you get a chance. Please let me know.",ord_36083,standard,2026-04-12T12:10:00+00:00,2026-04-12T21:10:00+00:00,refund_request,negative,normal,refund_review,refund_review,synthetic_generator
evt_00928,refund_request:01,cust_0348,chat,"Hello, please reverse teh charge on the running shoes. At this point I have run out of patience.",ord_86483,free,2026-04-11T11:56:00+00:00,2026-04-13T07:56:00+00:00,refund_request,negative,normal,refund_review,refund_review,synthetic_generator
evt_00929,refund_request:06,cust_0319,social,Hey - Thanks for the help earlier - how do I get my funds returned for the wireless keyboard. Regards.,ord_34109,enterprise,2026-04-27T08:02:00+00:00,2026-04-27T21:02:00+00:00,refund_request,positive,normal,refund_review,refund_review,synthetic_generator
evt_00930,refund_request:07,cust_0743,phone,"Good morning, the delivery of teh standing desk was fine but I changed my mind and want a refund. I have had to chase this repeatedly. Appreciate it.",ord_51453,free,2026-04-07T15:58:00+00:00,2026-04-08T15:58:00+00:00,refund_request,negative,normal,refund_review,refund_review,synthetic_generator
evt_00931,general_question:05,cust_0752,email,"Happy with teh service overall, just what payment methods work for oder 88214. Regards.",ord_78286,standard,2026-04-12T06:26:00+00:00,2026-04-15T04:26:00+00:00,general_question,positive,normal,auto_resolve,knowledge_response,synthetic_generator
evt_00932,delivery_issue:00,cust_0227,chat,"Hello, This is disappointing - my the kitchen scale still has not turned up. Please let me know.",ord_24725,free,2026-04-20T01:37:00+00:00,2026-04-20T12:37:00+00:00,delivery_issue,negative,normal,offer_credit,apply_credit,synthetic_generator
evt_00933,refund_request:06,cust_0819,social,"Hey - Hi there, how do I get my funds returned for the kitchen scale. Thanks.",ord_34937,standard,2026-04-16T19:01:00+00:00,2026-04-17T07:01:00+00:00,refund_request,neutral,normal,refund_review,refund_review,synthetic_generator
evt_00934,complaint:03,cust_0251,chat,"Hello, nobody in your team seems to take the standing desk seriously. I have had to chase this repeatedly.",ord_22328,free,2026-04-28T01:09:00+00:00,2026-04-30T02:09:00+00:00,complaint,negative,normal,escalate,create_ticket,synthetic_generator
evt_00935,delivery_issue:05,cust_0756,phone,Hey - it has been two weeks and teh running shoes has not reached me. I have had to chase this repeatedly. Thanks.,ord_19597,free,2026-04-22T18:40:00+00:00,2026-04-22T19:40:00+00:00,delivery_issue,negative,high,escalate,create_ticket,synthetic_generator
evt_00936,complaint:12,cust_0888,chat,"Good morning, I keep being promised callbacks about order 88214 that never happen. At this point I have run out of patience. Thanks.",ord_53882,free,2026-04-23T03:22:00+00:00,2026-04-24T12:22:00+00:00,complaint,negative,normal,escalate,create_ticket,synthetic_generator
evt_00937,refund_request:07,cust_0026,chat,"Good morning, the delivery of my monthly plan was fine but I changed my mind and want a refund, which is really not good enough. Thanks.",ord_37591,standard,2026-04-06T21:41:00+00:00,2026-04-08T19:41:00+00:00,refund_request,negative,normal,refund_review,refund_review,synthetic_generator
evt_00938,general_question:03,cust_0721,phone,"Hello, Quick question - is the annual subscription covered by your returns window. Regards.",ord_92304,free,2026-04-19T08:06:00+00:00,2026-04-20T08:06:00+00:00,general_question,negative,normal,auto_resolve,knowledge_response,synthetic_generator
evt_00939,general_question:07,cust_0621,email,"Hello, Quick question - is there a student discount available on the replacement charger. Thanks.",ord_71122,free,2026-04-30T04:42:00+00:00,2026-05-02T14:42:00+00:00,general_question,neutral,normal,auto_resolve,knowledge_response,synthetic_generator
evt_00940,tracking_request:02,cust_0666,email,"Hello, Hello, what is the current location of the parcel with the running shoes. Thanks.",ord_26166,free,2026-04-07T05:35:00+00:00,2026-04-07T14:35:00+00:00,tracking_request,neutral,normal,send_tracking_update,send_tracking_update,synthetic_generator
evt_00941,general_question:12,cust_0767,chat,"Good morning, are spare parts available for the blue headphones. Please advise. Appreciate it.",ord_70213,free,2026-04-10T00:03:00+00:00,2026-04-12T13:03:00+00:00,general_question,neutral,normal,auto_resolve,knowledge_response,synthetic_generator
evt_00942,refund_request:13,cust_0468,social,"Hello, raise a return for my monthly plan and refund me please. Please advise. Thanks.",ord_68536,standard,2026-04-07T09:10:00+00:00,2026-04-09T12:10:00+00:00,refund_request,neutral,normal,refund_review,refund_review,synthetic_generator
evt_00943,delivery_issue:09,cust_0878,phone,"Hey - delivery of order 88214 keeps getting rescheduled, whenever you get a chance. Appreciate it.",ord_59364,standard,2026-04-29T19:26:00+00:00,2026-05-02T10:26:00+00:00,delivery_issue,neutral,normal,offer_credit,apply_credit,synthetic_generator
evt_00944,tracking_request:06,cust_0648,phone,"Hi, Thanks for the help earlier - could you tell me which stage order 88214 is at. Thanks.",ord_20613,free,2026-04-26T14:44:00+00:00,2026-04-27T03:44:00+00:00,tracking_request,positive,normal,send_tracking_update,send_tracking_update,synthetic_generator
evt_00945,complaint:09,cust_0080,social,"Hi, no one has taken ownership of the problem with order 40917, and I am not happy about how long it has taken.",ord_43755,free,2026-05-04T08:35:00+00:00,2026-05-06T07:35:00+00:00,complaint,negative,normal,escalate,create_ticket,synthetic_generator
evt_00946,delivery_issue:05,cust_0346,social,"Hello, Thanks for the help earlier - it has been two weeks and the replacement charger has not reached me. Regards.",ord_63840,standard,2026-04-21T00:59:00+00:00,2026-04-21T21:59:00+00:00,delivery_issue,positive,normal,offer_credit,apply_credit,synthetic_generator
evt_00947,complaint:13,cust_0655,email,"Good morning, I have lost confidence in how you handle things like the standing desk. At this point I have run out of patience. Appreciate it.",ord_27180,enterprise,2026-04-25T22:40:00+00:00,2026-04-28T21:40:00+00:00,complaint,negative,normal,escalate,create_ticket,synthetic_generator
evt_00948,general_question:02,cust_0477,social,can I change the delivery address for the blue headphones. Please let me know.,ord_89760,free,2026-05-04T13:59:00+00:00,2026-05-05T00:59:00+00:00,general_question,neutral,normal,auto_resolve,knowledge_response,synthetic_generator
evt_00949,delivery_issue:07,cust_0532,social,"Hi, the driver could not find my address for the replacement charger. I have had to chase this repeatedly. Appreciate it.",ord_56587,enterprise,2026-04-13T14:52:00+00:00,2026-04-15T04:52:00+00:00,delivery_issue,negative,normal,offer_credit,apply_credit,synthetic_generator
evt_00950,tracking_request:06,cust_0833,chat,"Good morning, Quick question - could you tell me which stage order 88214 is at. Appreciate it.",ord_50752,enterprise,2026-04-12T08:43:00+00:00,2026-04-14T18:43:00+00:00,tracking_request,neutral,normal,send_tracking_update,send_tracking_update,synthetic_generator
evt_00951,complaint:00,cust_0040,chat,"Hi, Honestly, this is the third time I have written about the wireless keyboard and nobody replies. I expected better than this. Thanks.",ord_85629,free,2026-04-14T07:20:00+00:00,2026-04-15T06:20:00+00:00,complaint,negative,normal,escalate,create_ticket,synthetic_generator
evt_00952,tracking_request:12,cust_0721,social,"Good morning, can you confirm the expected date for the wireless keyboard, and I am not happy about how long it has taken.",ord_31446,standard,2026-04-09T03:01:00+00:00,2026-04-11T18:01:00+00:00,tracking_request,negative,normal,send_tracking_update,send_tracking_update,synthetic_generator
evt_00953,refund_request:04,cust_0218,email,"Hey - Honestly, requesting reimbursement for the kitchen scale. I expected better than this. Thanks.",ord_14536,free,2026-04-17T21:30:00+00:00,2026-04-20T06:30:00+00:00,refund_request,negative,normal,refund_review,refund_review,synthetic_generator
evt_00954,refund_request:10,cust_0408,phone,"Hi, Hi there, the parcel with the running shoes came late and I would rather have the money.",ord_34237,enterprise,2026-05-02T03:45:00+00:00,2026-05-05T00:45:00+00:00,refund_request,neutral,normal,refund_review,refund_review,synthetic_generator
evt_00955,complaint:00,cust_0339,email,"Hey - Hello, this is teh third time I have written about teh standing desk and nobody replies. Thanks.",ord_51181,standard,2026-04-09T14:02:00+00:00,2026-04-10T19:02:00+00:00,complaint,neutral,normal,escalate,create_ticket,synthetic_generator
evt_00956,general_question:05,cust_0244,social,Hey - what payment methods work for the wireless keyboard. Appreciate it.,ord_95290,enterprise,2026-05-05T17:01:00+00:00,2026-05-07T00:01:00+00:00,general_question,neutral,normal,auto_resolve,knowledge_response,synthetic_generator
evt_00957,tracking_request:12,cust_0810,email,"Honestly, can you confirm the expected date for the annual subscription. I expected better than this. Regards.",ord_62027,standard,2026-04-15T06:15:00+00:00,2026-04-16T00:15:00+00:00,tracking_request,negative,normal,send_tracking_update,send_tracking_update,synthetic_generator
evt_00958,general_question:09,cust_0104,phone,"Hi, can order 40917 be gift wrapped. Thanks.",ord_11941,enterprise,2026-04-09T04:31:00+00:00,2026-04-09T18:31:00+00:00,general_question,neutral,normal,auto_resolve,knowledge_response,synthetic_generator
evt_00959,ambiguous:03,cust_0818,social,"Hey - Honestly, still waiting on the standing desk and still nobody has explained why. I expected better than this.",ord_33750,standard,2026-04-16T00:35:00+00:00,2026-04-16T07:35:00+00:00,complaint,negative,normal,escalate,create_ticket,synthetic_generator
evt_00960,refund_request:03,cust_0777,social,"Good morning, Honestly, I no longer want the replacement charger and expect the amount returned. I expected better than this. Thanks.",ord_38434,free,2026-04-08T04:39:00+00:00,2026-04-09T11:39:00+00:00,refund_request,negative,normal,refund_review,refund_review,synthetic_generator
evt_00961,tracking_request:07,cust_0891,social,"Hello, Hi there, is there a reference number I can use to watch my monthly plan. Regards.",ord_50507,enterprise,2026-04-09T08:43:00+00:00,2026-04-12T01:43:00+00:00,tracking_request,neutral,normal,send_tracking_update,send_tracking_update,synthetic_generator
evt_00962,general_question:13,cust_0841,phone,"what happens to my subscription if I pause oder 40917. Your team has been great so far, thank you. Appreciate it.",ord_54860,standard,2026-04-28T01:33:00+00:00,2026-04-30T08:33:00+00:00,general_question,positive,normal,auto_resolve,knowledge_response,synthetic_generator
evt_00963,tracking_request:09,cust_0438,email,"Hi, This is disappointing - what does the courier say about the replacement charger at the moment. Regards.",ord_84432,free,2026-04-17T06:14:00+00:00,2026-04-18T01:14:00+00:00,tracking_request,negative,normal,send_tracking_update,send_tracking_update,synthetic_generator
evt_00964,refund_request:10,cust_0049,chat,"Hey - teh parcel with the blue headphones came late and I would rather have the money, whenever you get a chance. Please let me know.",ord_17299,free,2026-04-13T12:40:00+00:00,2026-04-15T21:40:00+00:00,refund_request,neutral,normal,refund_review,refund_review,synthetic_generator
evt_00965,ambiguous:07,cust_0564,chat,"Hello, the courier says delivered but the blue headphones is not here, which is really not good enough.",ord_52667,free,2026-04-21T17:19:00+00:00,2026-04-24T12:19:00+00:00,delivery_issue,negative,normal,offer_credit,apply_credit,synthetic_generator
evt_00966,delivery_issue:06,cust_0765,chat,"Hi, the the annual subscription order missed its promised window, and I am not happy about how long it has taken.",ord_15384,standard,2026-05-04T16:54:00+00:00,2026-05-07T14:54:00+00:00,delivery_issue,negative,normal,offer_credit,apply_credit,synthetic_generator
evt_00967,delivery_issue:07,cust_0640,phone,"Hello, the driver could not find my address for my monthly plan. At this point I have run out of patience. Thanks.",ord_16485,enterprise,2026-04-08T21:15:00+00:00,2026-04-09T23:15:00+00:00,delivery_issue,negative,normal,offer_credit,apply_credit,synthetic_generator
evt_00968,refund_request:03,cust_0542,chat,"Hi, I no longer want the blue headphones and expect teh amount returned, which is really not good enough. Appreciate it.",ord_86975,free,2026-04-21T02:55:00+00:00,2026-04-21T16:55:00+00:00,refund_request,negative,normal,refund_review,refund_review,synthetic_generator
evt_00969,delivery_issue:06,cust_0855,social,teh teh kitchen scale oder missed its promised window. At this point I have run out of patience.,ord_93843,enterprise,2026-04-24T19:27:00+00:00,2026-04-26T18:27:00+00:00,delivery_issue,negative,normal,offer_credit,apply_credit,synthetic_generator
evt_00970,ambiguous:03,cust_0095,phone,"Hi, Hi there, still waiting on the blue headphones and still nobody has explained why. Appreciate it.",ord_69987,free,2026-05-02T19:04:00+00:00,2026-05-03T12:04:00+00:00,complaint,neutral,normal,escalate,create_ticket,synthetic_generator
evt_00971,complaint:08,cust_0196,social,"Hello, your process for the kitchen scale has cost me an entire afternoon. This has been a frustrating experience.",ord_49496,standard,2026-04-28T11:40:00+00:00,2026-04-30T18:40:00+00:00,complaint,negative,normal,escalate,create_ticket,synthetic_generator
evt_00972,refund_request:07,cust_0309,phone,"Good morning, Hello, the delivery of the annual subscription was fine but I changed my mind and want a refund. Thanks. Please let me know.",ord_47717,free,2026-04-10T18:50:00+00:00,2026-04-12T17:50:00+00:00,refund_request,neutral,normal,refund_review,refund_review,synthetic_generator
evt_00973,delivery_issue:00,cust_0142,email,"Hi, my the kitchen scale still has not turned up. Please advise. Thanks.",ord_38463,enterprise,2026-05-01T06:47:00+00:00,2026-05-03T03:47:00+00:00,delivery_issue,neutral,normal,offer_credit,apply_credit,synthetic_generator
evt_00974,complaint:05,cust_0755,social,Hey - This is disappointing - I am extremely let down by how the kitchen scale was managed. Regards.,ord_84062,enterprise,2026-04-27T04:57:00+00:00,2026-04-28T14:57:00+00:00,complaint,negative,normal,escalate,create_ticket,synthetic_generator
evt_00975,complaint:13,cust_0444,phone,"Good morning, Hello, I have lost confidence in how you handle things like the wireless keyboard. Thanks. Appreciate it.",ord_56457,standard,2026-04-29T13:27:00+00:00,2026-04-29T22:27:00+00:00,complaint,neutral,normal,escalate,create_ticket,synthetic_generator
evt_00976,ambiguous:03,cust_0169,phone,"Hello, still waiting on the annual subscription and still nobody has explained why, which is really not good enough. Please let me know.",ord_84513,free,2026-05-02T22:20:00+00:00,2026-05-03T18:20:00+00:00,complaint,negative,normal,escalate,create_ticket,synthetic_generator
evt_00977,complaint:05,cust_0116,email,"Good morning, Honestly, I am extremely let down by how the kitchen scale was managed. I expected better than this. Please let me know.",ord_76895,free,2026-04-15T17:54:00+00:00,2026-04-18T03:54:00+00:00,complaint,negative,normal,escalate,create_ticket,synthetic_generator
evt_00978,complaint:01,cust_0712,phone,"Hi, the service around the replacement charger has been genuinely poor. I have had to chase this repeatedly. Please let me know.",ord_42518,standard,2026-04-13T05:10:00+00:00,2026-04-16T04:10:00+00:00,complaint,neutral,normal,escalate,create_ticket,synthetic_generator
evt_00979,refund_request:08,cust_0229,email,"Good morning, This is disappointing - please cancel the kitchen scale and put the amount back on my card. Regards.",ord_73372,enterprise,2026-04-08T12:15:00+00:00,2026-04-08T19:15:00+00:00,refund_request,negative,high,escalate,create_ticket,synthetic_generator
evt_00980,complaint:11,cust_0401,phone,"Hi, Honestly, the way the kitchen scale was dealt with reflects badly on your company. I expected better than this. Regards.",ord_95693,free,2026-04-16T12:05:00+00:00,2026-04-18T22:05:00+00:00,complaint,negative,normal,escalate,create_ticket,synthetic_generator
evt_00981,tracking_request:11,cust_0773,phone,"Good morning, how far along is the delivery of the standing desk. At this point I have run out of patience. Regards.",ord_59099,standard,2026-04-21T07:21:00+00:00,2026-04-22T08:21:00+00:00,tracking_request,negative,normal,send_tracking_update,send_tracking_update,synthetic_generator
evt_00982,ambiguous:07,cust_0554,email,"Hi, the courier says delivered but my monthly plan is not here. This has been a frustrating experience. Appreciate it.",ord_61390,free,2026-05-02T05:35:00+00:00,2026-05-03T15:35:00+00:00,delivery_issue,negative,normal,offer_credit,apply_credit,synthetic_generator
evt_00983,general_question:03,cust_0371,phone,"Hello, is my monthly plan covered by your returns window. Thanks.",ord_74276,standard,2026-04-15T05:18:00+00:00,2026-04-15T11:18:00+00:00,general_question,neutral,normal,auto_resolve,knowledge_response,synthetic_generator
evt_00984,general_question:01,cust_0597,phone,"Hi, does the replacement charger come in other sizes. Please advise. Please let me know.",ord_84555,enterprise,2026-04-27T16:35:00+00:00,2026-04-29T18:35:00+00:00,general_question,positive,normal,auto_resolve,knowledge_response,synthetic_generator
evt_00985,delivery_issue:01,cust_0651,chat,Hey - Quick question - the parcel with the standing desk is running behind schedule. Appreciate it.,ord_42091,free,2026-04-23T16:49:00+00:00,2026-04-24T23:49:00+00:00,delivery_issue,neutral,normal,offer_credit,apply_credit,synthetic_generator
evt_00986,ambiguous:04,cust_0638,social,"Hi, what are my options if the kitchen scale never shows up. Thanks.",ord_29817,free,2026-04-21T04:27:00+00:00,2026-04-21T21:27:00+00:00,general_question,neutral,normal,auto_resolve,knowledge_response,synthetic_generator
evt_00987,ambiguous:00,cust_0722,phone,"Hi, Quick question - the annual subscription has not arrived and I am starting to want my money back. Appreciate it.",ord_56095,enterprise,2026-04-09T17:13:00+00:00,2026-04-11T20:13:00+00:00,delivery_issue,neutral,normal,offer_credit,apply_credit,synthetic_generator
evt_00988,complaint:08,cust_0460,social,"Good morning, your process for my monthly plan has cost me an entire afternoon. Really appreciate the quick responses previously. Appreciate it.",ord_43001,free,2026-04-10T17:21:00+00:00,2026-04-11T01:21:00+00:00,complaint,positive,normal,escalate,create_ticket,synthetic_generator
evt_00989,complaint:12,cust_0792,phone,"Good morning, This is disappointing - I keep being promised callbacks about my monthly plan that never happen. Please let me know.",ord_21125,enterprise,2026-04-12T19:55:00+00:00,2026-04-14T23:55:00+00:00,complaint,negative,normal,escalate,create_ticket,synthetic_generator
evt_00990,complaint:11,cust_0353,social,"Good morning, teh way teh running shoes was dealt with reflects badly on your company. I have had to chase this repeatedly. Thanks.",ord_70940,free,2026-05-03T20:00:00+00:00,2026-05-04T05:00:00+00:00,complaint,negative,normal,escalate,create_ticket,synthetic_generator
evt_00991,refund_request:03,cust_0295,social,"Hello, Thanks for the help earlier - I no longer want teh standing desk and expect teh amount returned.",ord_67602,standard,2026-04-23T13:13:00+00:00,2026-04-24T19:13:00+00:00,refund_request,positive,normal,refund_review,refund_review,synthetic_generator
evt_00992,complaint:09,cust_0715,social,"Hi, no one has taken ownership of the problem with the running shoes. This has been a frustrating experience.",ord_28619,free,2026-04-15T16:44:00+00:00,2026-04-17T22:44:00+00:00,complaint,negative,normal,escalate,create_ticket,synthetic_generator
evt_00993,ambiguous:00,cust_0735,email,"Good morning, the standing desk has not arrived and I am starting to want my money back. At this point I have run out of patience. Appreciate it.",ord_84910,free,2026-04-25T00:53:00+00:00,2026-04-26T01:53:00+00:00,delivery_issue,negative,normal,offer_credit,apply_credit,synthetic_generator
evt_00994,ambiguous:01,cust_0201,email,"Good morning, Quick question - if the running shoes cannot get here this week I would rather be refunded. Regards.",ord_99897,free,2026-04-30T08:34:00+00:00,2026-05-02T11:34:00+00:00,refund_request,neutral,normal,refund_review,refund_review,synthetic_generator
evt_00995,ambiguous:06,cust_0071,phone,"Good morning, Honestly, I have given up waiting for the blue headphones, just close it out for me. I expected better than this. Appreciate it.",ord_23906,standard,2026-04-11T00:30:00+00:00,2026-04-11T20:30:00+00:00,refund_request,negative,normal,refund_review,refund_review,synthetic_generator
evt_00996,tracking_request:05,cust_0118,phone,"Hey - Hi there, I want to follow the journey of my my monthly plan. Appreciate it.",ord_76250,enterprise,2026-04-08T13:59:00+00:00,2026-04-10T17:59:00+00:00,tracking_request,negative,normal,send_tracking_update,send_tracking_update,synthetic_generator
evt_00997,complaint:08,cust_0588,phone,"Hello, Quick question - your process for order 40917 has cost me an entire afternoon.",ord_66750,free,2026-04-16T10:07:00+00:00,2026-04-19T03:07:00+00:00,complaint,neutral,normal,escalate,create_ticket,synthetic_generator
evt_00998,complaint:03,cust_0566,phone,"Hi, nobody in your team seems to take my monthly plan seriously, which is really not good enough. Please let me know.",ord_34818,standard,2026-04-25T11:10:00+00:00,2026-04-26T07:10:00+00:00,complaint,negative,normal,escalate,create_ticket,synthetic_generator
evt_00999,complaint:01,cust_0171,email,"Hello, the service around the replacement charger has been genuinely poor. At this point I have run out of patience.",ord_93853,free,2026-05-04T09:05:00+00:00,2026-05-05T17:05:00+00:00,complaint,negative,normal,escalate,create_ticket,synthetic_generator
evt_01000,delivery_issue:12,cust_0043,phone,"Hey - the estimated date for my monthly plan has passed with no update, and I am not happy about how long it has taken.",ord_46440,free,2026-05-02T20:03:00+00:00,2026-05-04T19:03:00+00:00,delivery_issue,negative,normal,offer_credit,apply_credit,synthetic_generator
evt_01001,delivery_issue:00,cust_0401,social,"Hey - my the standing desk still has not turned up, whenever you get a chance.",ord_36866,standard,2026-04-15T10:08:00+00:00,2026-04-16T16:08:00+00:00,delivery_issue,neutral,normal,offer_credit,apply_credit,synthetic_generator
evt_01002,complaint:03,cust_0421,chat,"nobody in your team seems to take the running shoes seriously, which is really not good enough. Appreciate it.",ord_93972,free,2026-04-14T06:56:00+00:00,2026-04-17T00:56:00+00:00,complaint,negative,normal,escalate,create_ticket,synthetic_generator
evt_01003,complaint:09,cust_0152,chat,"Honestly, no one has taken ownership of the problem with my monthly plan. I expected better than this.",ord_70036,standard,2026-04-19T13:03:00+00:00,2026-04-19T16:03:00+00:00,complaint,negative,normal,escalate,create_ticket,synthetic_generator
evt_01004,general_question:05,cust_0478,email,what payment methods work for the replacement charger. Thanks.,ord_80557,standard,2026-04-06T13:19:00+00:00,2026-04-09T12:19:00+00:00,general_question,neutral,normal,auto_resolve,knowledge_response,synthetic_generator
evt_01005,delivery_issue:09,cust_0777,phone,"Hello, delivery of my monthly plan keeps getting rescheduled. I have had to chase this repeatedly. Appreciate it.",ord_40837,free,2026-04-13T11:46:00+00:00,2026-04-14T00:46:00+00:00,delivery_issue,neutral,normal,offer_credit,apply_credit,synthetic_generator
evt_01006,refund_request:12,cust_0855,chat,Hey - This is disappointing - I want to send my monthly plan back for a credit to my account. Thanks.,ord_98166,enterprise,2026-04-07T18:34:00+00:00,2026-04-09T08:34:00+00:00,refund_request,negative,normal,refund_review,refund_review,synthetic_generator
evt_01007,general_question:06,cust_0589,phone,"Good morning, do you ship the replacement charger internationally, which is really not good enough.",ord_43566,free,2026-04-12T13:51:00+00:00,2026-04-13T09:51:00+00:00,general_question,negative,normal,auto_resolve,knowledge_response,synthetic_generator
evt_01008,complaint:02,cust_0523,chat,"Hello, I have wasted hours on the kitchen scale with no resolution. I have had to chase this repeatedly. Thanks.",ord_68528,enterprise,2026-04-26T10:13:00+00:00,2026-04-28T07:13:00+00:00,complaint,negative,normal,escalate,create_ticket,synthetic_generator
evt_01009,complaint:01,cust_0117,email,Hey - Quick question - the service around the running shoes has been genuinely poor. Thanks.,ord_30554,free,2026-04-26T18:29:00+00:00,2026-04-27T11:29:00+00:00,complaint,neutral,normal,escalate,create_ticket,synthetic_generator
evt_01010,refund_request:09,cust_0040,chat,"Hey - I am returning the running shoes, what happens with the payment. I have had to chase this repeatedly. Regards.",ord_83728,standard,2026-04-08T13:44:00+00:00,2026-04-10T19:44:00+00:00,refund_request,negative,normal,refund_review,refund_review,synthetic_generator
evt_01011,delivery_issue:06,cust_0658,social,"Hello, the the wireless keyboard order missed its promised window. Appreciate it.",ord_32050,standard,2026-04-06T21:59:00+00:00,2026-04-09T11:59:00+00:00,delivery_issue,negative,normal,offer_credit,apply_credit,synthetic_generator
evt_01012,complaint:10,cust_0872,email,"Hello, I have received three contradictory answers about the replacement charger. I have had to chase this repeatedly. Thanks.",ord_82391,free,2026-04-12T02:18:00+00:00,2026-04-12T11:18:00+00:00,complaint,negative,normal,escalate,create_ticket,synthetic_generator
evt_01013,ambiguous:01,cust_0739,email,"Good morning, if the blue headphones cannot get here this week I would rather be refunded, which is really not good enough. Appreciate it.",ord_64509,standard,2026-04-22T05:58:00+00:00,2026-04-23T23:58:00+00:00,refund_request,negative,normal,refund_review,refund_review,synthetic_generator
evt_01014,delivery_issue:05,cust_0309,email,"Hi, it has been two weeks and the annual subscription has not reached me, which is really not good enough. Thanks.",ord_16404,free,2026-04-10T09:11:00+00:00,2026-04-11T05:11:00+00:00,delivery_issue,negative,normal,offer_credit,apply_credit,synthetic_generator
evt_01015,general_question:07,cust_0363,phone,"Hey - is there a student discount available on the kitchen scale, whenever you get a chance. Regards.",ord_52519,enterprise,2026-05-04T17:43:00+00:00,2026-05-07T15:43:00+00:00,general_question,neutral,normal,auto_resolve,knowledge_response,synthetic_generator
evt_01016,complaint:02,cust_0083,email,"Hi, I have wasted hours on the replacement charger with no resolution. This has been a frustrating experience. Regards.",ord_35767,free,2026-04-08T15:40:00+00:00,2026-04-10T07:40:00+00:00,complaint,negative,normal,escalate,create_ticket,synthetic_generator
evt_01017,delivery_issue:09,cust_0152,chat,delivery of the standing desk keeps getting rescheduled. At this point I have run out of patience.,ord_26109,free,2026-04-06T15:04:00+00:00,2026-04-08T17:04:00+00:00,delivery_issue,negative,normal,offer_credit,apply_credit,synthetic_generator
evt_01018,ambiguous:02,cust_0409,email,"Hey - no idea where the wireless keyboard is, can someone actually look into this. This has been a frustrating experience. Please let me know.",ord_66921,standard,2026-04-27T17:01:00+00:00,2026-04-29T10:01:00+00:00,tracking_request,negative,normal,send_tracking_update,send_tracking_update,synthetic_generator
evt_01019,complaint:03,cust_0885,chat,"Hi, This is disappointing - nobody in your team seems to take the standing desk seriously. Thanks.",ord_14881,free,2026-04-15T19:03:00+00:00,2026-04-18T02:03:00+00:00,complaint,negative,normal,escalate,create_ticket,synthetic_generator
evt_01020,complaint:09,cust_0775,email,"Hi, no one has taken ownership of the problem with the standing desk, and I am not happy about how long it has taken. Regards.",ord_47576,standard,2026-04-25T07:54:00+00:00,2026-04-25T17:54:00+00:00,complaint,negative,normal,escalate,create_ticket,synthetic_generator
evt_01021,ambiguous:07,cust_0035,phone,"Hi, Hi there, the courier says delivered but my monthly plan is not here. Appreciate it.",ord_76735,standard,2026-04-10T14:48:00+00:00,2026-04-13T03:48:00+00:00,delivery_issue,neutral,normal,offer_credit,apply_credit,synthetic_generator
evt_01022,general_question:01,cust_0595,email,"Good morning, does teh annual subscription come in other sizes.",ord_53735,free,2026-04-16T03:38:00+00:00,2026-04-16T19:38:00+00:00,general_question,neutral,normal,auto_resolve,knowledge_response,synthetic_generator
evt_01023,tracking_request:03,cust_0300,social,"Good morning, any news on when the wireless keyboard will get here. Please advise. Appreciate it.",ord_58938,free,2026-04-12T03:35:00+00:00,2026-04-12T23:35:00+00:00,tracking_request,neutral,normal,send_tracking_update,send_tracking_update,synthetic_generator
evt_01024,tracking_request:12,cust_0090,social,can you confirm the expected date for the replacement charger. Regards.,ord_87261,standard,2026-04-23T02:15:00+00:00,2026-04-25T03:15:00+00:00,tracking_request,neutral,normal,send_tracking_update,send_tracking_update,synthetic_generator
evt_01025,delivery_issue:06,cust_0591,email,"Hi, Hi there, the the running shoes order missed its promised window. Please let me know.",ord_56582,enterprise,2026-04-25T10:33:00+00:00,2026-04-27T14:33:00+00:00,delivery_issue,neutral,normal,offer_credit,apply_credit,synthetic_generator
evt_01026,tracking_request:07,cust_0285,chat,"Good morning, Hi there, is there a reference number I can use to watch oder 40917.",ord_67028,enterprise,2026-04-08T17:24:00+00:00,2026-04-10T01:24:00+00:00,tracking_request,neutral,normal,send_tracking_update,send_tracking_update,synthetic_generator
evt_01027,complaint:09,cust_0390,social,no one has taken ownership of the problem with order 88214. At this point I have run out of patience. Please let me know.,ord_70454,free,2026-04-24T17:39:00+00:00,2026-04-27T17:39:00+00:00,complaint,neutral,normal,escalate,create_ticket,synthetic_generator
evt_01028,complaint:08,cust_0117,chat,"Hey - Honestly, your process for the blue headphones has cost me an entire afternoon. I expected better than this.",ord_95578,free,2026-04-14T20:02:00+00:00,2026-04-17T12:02:00+00:00,complaint,negative,normal,escalate,create_ticket,synthetic_generator
evt_01029,tracking_request:03,cust_0656,chat,"Hi, any news on when the standing desk will get here, which is really not good enough. Regards.",ord_83866,enterprise,2026-04-20T04:48:00+00:00,2026-04-21T11:48:00+00:00,tracking_request,positive,normal,send_tracking_update,send_tracking_update,synthetic_generator
evt_01030,tracking_request:02,cust_0871,social,"Hello, what is the current location of the parcel with the kitchen scale. This has been a frustrating experience. Thanks.",ord_66155,free,2026-04-27T04:13:00+00:00,2026-04-28T11:13:00+00:00,tracking_request,negative,normal,send_tracking_update,send_tracking_update,synthetic_generator
evt_01031,refund_request:07,cust_0855,chat,"Hello, the delivery of the running shoes was fine but I changed my mind and want a refund, whenever you get a chance.",ord_97032,enterprise,2026-04-21T20:41:00+00:00,2026-04-23T09:41:00+00:00,refund_request,neutral,normal,refund_review,refund_review,synthetic_generator
evt_01032,refund_request:12,cust_0434,chat,"Hello, Quick question - I want to send the annual subscription back for a credit to my account. Thanks.",ord_13576,free,2026-04-11T14:31:00+00:00,2026-04-13T10:31:00+00:00,refund_request,neutral,normal,refund_review,refund_review,synthetic_generator
evt_01033,complaint:11,cust_0687,chat,"Hi, the way my monthly plan was dealt with reflects badly on your company. I have had to chase this repeatedly. Please let me know.",ord_26025,enterprise,2026-04-13T07:26:00+00:00,2026-04-14T15:26:00+00:00,complaint,negative,normal,escalate,create_ticket,synthetic_generator
evt_01034,ambiguous:05,cust_0796,social,"Hi, Honestly, this is the second delivery of the wireless keyboard you have got wrong. I expected better than this. Regards.",ord_77133,standard,2026-04-25T05:30:00+00:00,2026-04-27T18:30:00+00:00,complaint,negative,normal,escalate,create_ticket,synthetic_generator
evt_01035,tracking_request:04,cust_0797,phone,"Hey - Hi there, please share the shipment progress for the running shoes.",ord_65678,standard,2026-04-19T17:55:00+00:00,2026-04-21T20:55:00+00:00,tracking_request,neutral,normal,send_tracking_update,send_tracking_update,synthetic_generator
evt_01036,general_question:07,cust_0543,phone,"Hello, Hi there, is there a student discount available on the kitchen scale. Thanks.",ord_56636,free,2026-04-19T18:05:00+00:00,2026-04-21T10:05:00+00:00,general_question,neutral,normal,auto_resolve,knowledge_response,synthetic_generator
evt_01037,refund_request:02,cust_0731,phone,"Hi, can you send this the blue headphones back and return the payment. At this point I have run out of patience. Regards.",ord_28064,free,2026-04-11T20:04:00+00:00,2026-04-12T06:04:00+00:00,refund_request,negative,normal,refund_review,refund_review,synthetic_generator
evt_01038,general_question:04,cust_0033,phone,"Hi, how do I add the replacement charger to an existing order, whenever you get a chance. Thanks.",ord_28140,enterprise,2026-04-20T10:21:00+00:00,2026-04-22T01:21:00+00:00,general_question,neutral,normal,auto_resolve,knowledge_response,synthetic_generator
evt_01039,complaint:11,cust_0382,phone,"Hey - Hello, the way the annual subscription was dealt with reflects badly on your company. Thanks. Thanks.",ord_12578,free,2026-05-05T09:00:00+00:00,2026-05-07T01:00:00+00:00,complaint,neutral,normal,escalate,create_ticket,synthetic_generator
evt_01040,general_question:08,cust_0533,email,"Hey - Hi there, how long does order 40917 usually take to arrive. Appreciate it.",ord_90716,free,2026-04-25T22:26:00+00:00,2026-04-28T22:26:00+00:00,general_question,neutral,normal,auto_resolve,knowledge_response,synthetic_generator
evt_01041,tracking_request:12,cust_0117,email,Quick question - can you confirm the expected date for the blue headphones. Thanks.,ord_41384,free,2026-04-16T22:30:00+00:00,2026-04-19T21:30:00+00:00,tracking_request,neutral,normal,send_tracking_update,send_tracking_update,synthetic_generator
evt_01042,complaint:13,cust_0879,phone,Hey - I have lost confidence in how you handle things like the running shoes. I have had to chase this repeatedly. Please let me know.,ord_90907,free,2026-04-13T10:45:00+00:00,2026-04-15T14:45:00+00:00,complaint,negative,normal,escalate,create_ticket,synthetic_generator
evt_01043,tracking_request:13,cust_0195,phone,"Hi, looking for an update on where teh blue headphones has got to, and I am not happy about how long it has taken. Appreciate it.",ord_92300,free,2026-04-16T15:34:00+00:00,2026-04-17T04:34:00+00:00,tracking_request,negative,normal,send_tracking_update,send_tracking_update,synthetic_generator
evt_01044,delivery_issue:08,cust_0442,chat,"Hi, order 40917 was returned to sender without anyone contacting me. This has been a frustrating experience. Appreciate it.",ord_69472,free,2026-05-04T03:19:00+00:00,2026-05-04T17:19:00+00:00,delivery_issue,negative,normal,offer_credit,apply_credit,synthetic_generator
evt_01045,delivery_issue:10,cust_0022,phone,"Hi, the tracking for the kitchen scale has not moved in five days. At this point I have run out of patience. Thanks.",ord_46753,free,2026-04-08T06:49:00+00:00,2026-04-11T02:49:00+00:00,delivery_issue,negative,normal,offer_credit,apply_credit,synthetic_generator
evt_01046,ambiguous:04,cust_0666,chat,"Hi, Hello, what are my options if the running shoes never shows up. Thanks. Thanks.",ord_60889,standard,2026-04-27T04:23:00+00:00,2026-04-29T09:23:00+00:00,general_question,neutral,normal,auto_resolve,knowledge_response,synthetic_generator
evt_01047,refund_request:02,cust_0860,phone,"Hi, Hello, can you send this order 40917 back and return the payment. Thanks. Thanks.",ord_13242,standard,2026-04-19T15:24:00+00:00,2026-04-21T09:24:00+00:00,refund_request,neutral,normal,refund_review,refund_review,synthetic_generator
evt_01048,ambiguous:01,cust_0583,phone,Hey - if the standing desk cannot get here this week I would rather be refunded. Really appreciate the quick responses previously. Please let me know.,ord_19535,standard,2026-04-27T20:26:00+00:00,2026-04-28T04:26:00+00:00,refund_request,positive,normal,refund_review,refund_review,synthetic_generator
evt_01049,tracking_request:02,cust_0568,phone,"Hi, what is the current location of the parcel with the wireless keyboard. At this point I have run out of patience. Please let me know.",ord_73494,standard,2026-04-30T17:52:00+00:00,2026-05-01T22:52:00+00:00,tracking_request,negative,normal,send_tracking_update,send_tracking_update,synthetic_generator
evt_01050,refund_request:06,cust_0076,email,"Good morning, Hello, how do I get my funds returned for the kitchen scale. Thanks. Regards.",ord_76382,free,2026-04-23T02:43:00+00:00,2026-04-24T00:43:00+00:00,refund_request,neutral,normal,refund_review,refund_review,synthetic_generator
evt_01051,refund_request:04,cust_0081,email,"Hi, requesting reimbursement for the blue headphones. Please advise. Please let me know.",ord_97225,free,2026-05-03T09:15:00+00:00,2026-05-05T06:15:00+00:00,refund_request,neutral,normal,refund_review,refund_review,synthetic_generator
evt_01052,complaint:13,cust_0302,social,"Hi, This is disappointing - I have lost confidence in how you handle things like the annual subscription. Thanks.",ord_55544,standard,2026-05-04T20:05:00+00:00,2026-05-06T01:05:00+00:00,complaint,negative,normal,escalate,create_ticket,synthetic_generator
evt_01053,complaint:08,cust_0783,social,"Hello, your process for the running shoes has cost me an entire afternoon. This has been a frustrating experience. Regards.",ord_37702,free,2026-05-03T17:33:00+00:00,2026-05-04T03:33:00+00:00,complaint,negative,normal,escalate,create_ticket,synthetic_generator
evt_01054,general_question:08,cust_0128,phone,"Hello, how long does the wireless keyboard usually take to arrive, whenever you get a chance. Thanks.",ord_62910,standard,2026-04-13T03:26:00+00:00,2026-04-14T01:26:00+00:00,general_question,neutral,normal,auto_resolve,knowledge_response,synthetic_generator
evt_01055,refund_request:04,cust_0867,chat,"requesting reimbursement for the kitchen scale. No rush at all, you have been helpful.",ord_64771,free,2026-04-15T17:25:00+00:00,2026-04-17T04:25:00+00:00,refund_request,positive,normal,refund_review,refund_review,synthetic_generator
evt_01056,general_question:11,cust_0067,chat,"Hi, do I need an account to buy order 40917. Thanks.",ord_70881,standard,2026-04-19T15:14:00+00:00,2026-04-21T16:14:00+00:00,general_question,neutral,normal,auto_resolve,knowledge_response,synthetic_generator
evt_01057,delivery_issue:03,cust_0829,email,"Good morning, Hello, courier marked the blue headphones as attempted but nobody came. Thanks. Regards.",ord_88121,free,2026-04-10T13:41:00+00:00,2026-04-11T13:41:00+00:00,delivery_issue,neutral,normal,offer_credit,apply_credit,synthetic_generator
evt_01058,refund_request:05,cust_0520,social,"Good morning, the the running shoes arrived damaged so I want compensation for it. Regards.",ord_27372,standard,2026-04-08T19:12:00+00:00,2026-04-08T22:12:00+00:00,refund_request,neutral,normal,refund_review,refund_review,synthetic_generator
evt_01059,refund_request:06,cust_0606,phone,"Good morning, how do I get my funds returned for the annual subscription, whenever you get a chance. Please let me know.",ord_10989,free,2026-05-05T03:56:00+00:00,2026-05-08T03:56:00+00:00,refund_request,neutral,normal,refund_review,refund_review,synthetic_generator
evt_01060,tracking_request:00,cust_0367,social,"Hi, where is my the wireless keyboard right now, whenever you get a chance.",ord_99217,standard,2026-04-11T12:46:00+00:00,2026-04-12T02:46:00+00:00,tracking_request,neutral,normal,send_tracking_update,send_tracking_update,synthetic_generator
evt_01061,tracking_request:01,cust_0683,social,"Hey - can I get a status update on order 88214, and I am not happy about how long it has taken. Appreciate it.",ord_20224,enterprise,2026-04-26T11:08:00+00:00,2026-04-28T04:08:00+00:00,tracking_request,negative,normal,send_tracking_update,send_tracking_update,synthetic_generator
evt_01062,general_question:07,cust_0474,chat,"Hello, is there a student discount available on the kitchen scale. Please advise. Please let me know.",ord_71064,free,2026-04-26T06:06:00+00:00,2026-04-27T12:06:00+00:00,general_question,neutral,normal,auto_resolve,knowledge_response,synthetic_generator
evt_01063,tracking_request:08,cust_0403,chat,"Hello, Quick question - when is the wireless keyboard scheduled to arrive. Please let me know.",ord_94622,standard,2026-04-13T18:08:00+00:00,2026-04-13T19:08:00+00:00,tracking_request,neutral,high,send_tracking_update,send_tracking_update,synthetic_generator
evt_01064,complaint:12,cust_0004,phone,Hey - I keep being promised callbacks about order 40917 that never happen. At this point I have run out of patience. Regards.,ord_43433,standard,2026-04-17T08:49:00+00:00,2026-04-17T10:49:00+00:00,complaint,negative,high,escalate,create_ticket,synthetic_generator
evt_01065,complaint:10,cust_0372,phone,Hey - I have received three contradictory answers about order 88214. This has been a frustrating experience. Regards.,ord_47078,enterprise,2026-04-28T20:33:00+00:00,2026-04-29T13:33:00+00:00,complaint,negative,normal,escalate,create_ticket,synthetic_generator
evt_01066,delivery_issue:05,cust_0770,phone,"it has been two weeks and the replacement charger has not reached me, and I am not happy about how long it has taken. Appreciate it.",ord_13387,standard,2026-04-12T04:18:00+00:00,2026-04-12T21:18:00+00:00,delivery_issue,negative,normal,offer_credit,apply_credit,synthetic_generator
evt_01067,delivery_issue:05,cust_0827,phone,it has been two weeks and the blue headphones has not reached me. This has been a frustrating experience. Appreciate it.,ord_30598,standard,2026-04-08T10:04:00+00:00,2026-04-08T20:04:00+00:00,delivery_issue,negative,normal,offer_credit,apply_credit,synthetic_generator
evt_01068,delivery_issue:04,cust_0756,chat,"Hi, shipment containing the running shoes seems stuck at the depot. I have had to chase this repeatedly.",ord_71655,standard,2026-04-30T19:44:00+00:00,2026-05-02T18:44:00+00:00,delivery_issue,negative,normal,offer_credit,apply_credit,synthetic_generator
evt_01069,complaint:02,cust_0366,chat,I have wasted hours on order 88214 with no resolution. This has been a frustrating experience. Appreciate it.,ord_42819,free,2026-05-01T14:27:00+00:00,2026-05-03T22:27:00+00:00,complaint,negative,normal,escalate,create_ticket,synthetic_generator
evt_01070,tracking_request:04,cust_0803,email,"Hi, Hello, pls share the shipment progress for the blue headphones. Thanks.",ord_45910,free,2026-05-04T17:42:00+00:00,2026-05-07T15:42:00+00:00,tracking_request,negative,normal,send_tracking_update,send_tracking_update,synthetic_generator
evt_01071,ambiguous:01,cust_0801,email,"Good morning, if order 40917 cannot get here this week I would rather be refunded, which is really not good enough. Thanks.",ord_66617,enterprise,2026-04-16T00:53:00+00:00,2026-04-16T19:53:00+00:00,refund_request,negative,normal,refund_review,refund_review,synthetic_generator
evt_01072,refund_request:08,cust_0790,chat,"Good morning, please cancel the running shoes and put the amount back on my card. Thanks.",ord_95161,enterprise,2026-04-15T20:20:00+00:00,2026-04-17T19:20:00+00:00,refund_request,neutral,normal,refund_review,refund_review,synthetic_generator
evt_01073,complaint:10,cust_0234,phone,Hey - I have received three contradictory answers about the running shoes. I have had to chase this repeatedly. Please let me know.,ord_62989,free,2026-05-02T04:23:00+00:00,2026-05-03T09:23:00+00:00,complaint,negative,normal,escalate,create_ticket,synthetic_generator
evt_01074,refund_request:07,cust_0022,chat,"Hello, Thanks for the help earlier - the delivery of the running shoes was fine but I changed my mind and want a refund.",ord_85392,standard,2026-04-20T10:24:00+00:00,2026-04-23T06:24:00+00:00,refund_request,positive,normal,refund_review,refund_review,synthetic_generator
evt_01075,delivery_issue:08,cust_0495,email,"Good morning, This is disappointing - the wireless keyboard was returned to sender without anyone contacting me. Please let me know.",ord_68039,free,2026-04-19T23:28:00+00:00,2026-04-21T10:28:00+00:00,delivery_issue,negative,normal,offer_credit,apply_credit,synthetic_generator
evt_01076,delivery_issue:03,cust_0653,social,"courier marked the running shoes as attempted but nobody came, which is really not good enough. Please let me know.",ord_11172,enterprise,2026-04-23T12:58:00+00:00,2026-04-26T03:58:00+00:00,delivery_issue,negative,normal,offer_credit,apply_credit,synthetic_generator
evt_01077,delivery_issue:10,cust_0202,chat,the tracking for the standing desk has not moved in five days. Thanks.,ord_55270,enterprise,2026-04-19T17:21:00+00:00,2026-04-20T18:21:00+00:00,delivery_issue,neutral,normal,offer_credit,apply_credit,synthetic_generator
evt_01078,delivery_issue:11,cust_0167,email,"Good morning, This is disappointing - nobody has been able to deliver the annual subscription yet. Thanks.",ord_82175,standard,2026-05-01T04:42:00+00:00,2026-05-01T06:42:00+00:00,delivery_issue,negative,high,escalate,create_ticket,synthetic_generator
evt_01079,tracking_request:04,cust_0276,email,"Hello, please share the shipment progress for order 40917. This has been a frustrating experience. Thanks.",ord_93383,standard,2026-04-08T05:23:00+00:00,2026-04-11T04:23:00+00:00,tracking_request,negative,normal,send_tracking_update,send_tracking_update,synthetic_generator
evt_01080,general_question:11,cust_0180,email,"Hey - Hi there, do I need an account to buy the running shoes. Appreciate it.",ord_82910,standard,2026-04-25T14:46:00+00:00,2026-04-25T15:46:00+00:00,general_question,neutral,high,auto_resolve,knowledge_response,synthetic_generator
evt_01081,delivery_issue:11,cust_0688,social,"Hi there, nobody has been able to deliver order 40917 yet. Please let me know.",ord_71301,enterprise,2026-04-19T19:32:00+00:00,2026-04-21T01:32:00+00:00,delivery_issue,neutral,normal,offer_credit,apply_credit,synthetic_generator
evt_01082,delivery_issue:05,cust_0132,phone,"Good morning, it has been two weeks and order 88214 has not reached me, whenever you get a chance. Please let me know.",ord_58665,enterprise,2026-04-18T22:52:00+00:00,2026-04-19T10:52:00+00:00,delivery_issue,neutral,normal,offer_credit,apply_credit,synthetic_generator
evt_01083,delivery_issue:08,cust_0744,social,"the kitchen scale was returned to sender without anyone contacting me, which is really not good enough. Appreciate it.",ord_46562,standard,2026-05-05T12:06:00+00:00,2026-05-06T07:06:00+00:00,delivery_issue,negative,normal,offer_credit,apply_credit,synthetic_generator
evt_01084,complaint:12,cust_0023,phone,"Honestly, I keep being promised callbacks about my monthly plan that never happen. I expected better than this.",ord_94638,standard,2026-04-13T22:34:00+00:00,2026-04-15T13:34:00+00:00,complaint,negative,normal,escalate,create_ticket,synthetic_generator
evt_01085,complaint:12,cust_0202,email,"Hello, Honestly, I keep being promised callbacks about the annual subscription that never happen. I expected better than this. Regards.",ord_15552,free,2026-04-10T23:38:00+00:00,2026-04-11T13:38:00+00:00,complaint,negative,normal,escalate,create_ticket,synthetic_generator
evt_01086,complaint:02,cust_0764,phone,"Hi, Quick question - I have wasted hours on the replacement charger with no resolution.",ord_71590,standard,2026-04-09T20:18:00+00:00,2026-04-12T17:18:00+00:00,complaint,neutral,normal,escalate,create_ticket,synthetic_generator
evt_01087,general_question:01,cust_0091,phone,"Hi, Hi there, does the kitchen scale come in other sizes. Thanks.",ord_54381,standard,2026-04-20T12:42:00+00:00,2026-04-21T17:42:00+00:00,general_question,neutral,normal,auto_resolve,knowledge_response,synthetic_generator
evt_01088,tracking_request:06,cust_0230,chat,"Hello, Honestly, could you tell me which stage the standing desk is at. I expected better than this. Appreciate it.",ord_35346,standard,2026-04-09T10:33:00+00:00,2026-04-11T15:33:00+00:00,tracking_request,negative,normal,send_tracking_update,send_tracking_update,synthetic_generator
evt_01089,ambiguous:02,cust_0251,email,"no idea where the replacement charger is, can someone actually look into this. Please advise.",ord_54266,standard,2026-05-04T16:48:00+00:00,2026-05-06T02:48:00+00:00,tracking_request,neutral,normal,send_tracking_update,send_tracking_update,synthetic_generator
evt_01090,general_question:13,cust_0091,phone,"what happens to my subscription if I pause teh blue headphones. No rush at all, you have been helpful.",ord_74313,standard,2026-04-18T04:18:00+00:00,2026-04-21T03:18:00+00:00,general_question,positive,normal,auto_resolve,knowledge_response,synthetic_generator
evt_01091,ambiguous:07,cust_0014,phone,"Hello, the courier says delivered but order 88214 is not here. Please advise. Appreciate it.",ord_19781,standard,2026-04-23T20:28:00+00:00,2026-04-23T23:28:00+00:00,delivery_issue,neutral,normal,offer_credit,apply_credit,synthetic_generator
evt_01092,tracking_request:05,cust_0759,social,I want to follow the journey of my the standing desk. I have had to chase this repeatedly. Thanks.,ord_86385,standard,2026-04-20T04:45:00+00:00,2026-04-20T23:45:00+00:00,tracking_request,negative,normal,send_tracking_update,send_tracking_update,synthetic_generator
evt_01093,delivery_issue:09,cust_0088,social,"delivery of order 88214 keeps getting rescheduled, and I am not happy about how long it has taken. Thanks.",ord_69473,standard,2026-04-24T07:56:00+00:00,2026-04-24T13:56:00+00:00,delivery_issue,negative,normal,offer_credit,apply_credit,synthetic_generator
evt_01094,complaint:10,cust_0895,email,"Good morning, I have received three contradictory answers about the standing desk. I have had to chase this repeatedly. Regards.",ord_69543,standard,2026-05-04T07:33:00+00:00,2026-05-05T14:33:00+00:00,complaint,negative,normal,escalate,create_ticket,synthetic_generator
evt_01095,tracking_request:09,cust_0131,social,"Hey - Hi there, what does the courier say about order 40917 at the moment. Appreciate it.",ord_89920,free,2026-04-07T09:25:00+00:00,2026-04-07T15:25:00+00:00,tracking_request,positive,normal,send_tracking_update,send_tracking_update,synthetic_generator
evt_01096,refund_request:13,cust_0083,phone,"Hey - raise a return for the wireless keyboard and refund me please, which is really not good enough. Please let me know.",ord_35314,free,2026-04-07T05:10:00+00:00,2026-04-09T04:10:00+00:00,refund_request,negative,normal,refund_review,refund_review,synthetic_generator
evt_01097,tracking_request:05,cust_0664,email,"Good morning, I want to follow the journey of my the running shoes, whenever you get a chance.",ord_88679,enterprise,2026-05-04T19:41:00+00:00,2026-05-06T09:41:00+00:00,tracking_request,negative,normal,send_tracking_update,send_tracking_update,synthetic_generator
evt_01098,delivery_issue:10,cust_0800,social,"Hello, Quick question - the tracking for the replacement charger has not moved in five days. Regards.",ord_96190,free,2026-05-02T03:48:00+00:00,2026-05-02T04:48:00+00:00,delivery_issue,positive,high,offer_credit,apply_credit,synthetic_generator
evt_01099,tracking_request:10,cust_0812,phone,"Good morning, just checking in on the progress of the kitchen scale. At this point I have run out of patience. Regards.",ord_12118,standard,2026-04-22T00:13:00+00:00,2026-04-22T03:13:00+00:00,tracking_request,negative,normal,send_tracking_update,send_tracking_update,synthetic_generator
evt_01100,tracking_request:13,cust_0627,email,Hey - Quick question - looking for an update on where the blue headphones has got to. Please let me know.,ord_46806,standard,2026-04-25T18:28:00+00:00,2026-04-28T00:28:00+00:00,tracking_request,neutral,normal,send_tracking_update,send_tracking_update,synthetic_generator
evt_01101,general_question:13,cust_0627,email,"what happens to my subscription if I pause the running shoes, which is really not good enough. Regards.",ord_40738,free,2026-04-16T11:33:00+00:00,2026-04-18T08:33:00+00:00,general_question,negative,normal,auto_resolve,knowledge_response,synthetic_generator
evt_01102,ambiguous:07,cust_0301,phone,Hey - the courier says delivered but teh annual subscription is not here. I have had to chase this repeatedly. pls let me know.,ord_12810,standard,2026-04-18T06:56:00+00:00,2026-04-19T20:56:00+00:00,delivery_issue,negative,normal,offer_credit,apply_credit,synthetic_generator
evt_01103,delivery_issue:07,cust_0467,email,"Hi, the driver could not find my address for the standing desk. At this point I have run out of patience. Please let me know.",ord_30524,free,2026-04-15T01:11:00+00:00,2026-04-15T22:11:00+00:00,delivery_issue,negative,normal,offer_credit,apply_credit,synthetic_generator
evt_01104,delivery_issue:05,cust_0312,phone,"Good morning, it has been two weeks and the kitchen scale has not reached me. At this point I have run out of patience.",ord_24807,enterprise,2026-04-12T03:12:00+00:00,2026-04-12T13:12:00+00:00,delivery_issue,negative,normal,offer_credit,apply_credit,synthetic_generator
evt_01105,tracking_request:11,cust_0524,social,"Hello, Hello, how far along is the delivery of the replacement charger. Thanks. Thanks.",ord_10687,free,2026-04-24T07:09:00+00:00,2026-04-26T15:09:00+00:00,tracking_request,neutral,normal,send_tracking_update,send_tracking_update,synthetic_generator
evt_01106,delivery_issue:09,cust_0331,social,"delivery of the wireless keyboard keeps getting rescheduled, which is really not good enough.",ord_35135,standard,2026-05-05T13:10:00+00:00,2026-05-07T14:10:00+00:00,delivery_issue,negative,normal,offer_credit,apply_credit,synthetic_generator
evt_01107,refund_request:00,cust_0350,phone,"Good morning, Hello, I would like my money back for the replacement charger. Thanks. Thanks.",ord_48973,standard,2026-05-02T02:53:00+00:00,2026-05-04T14:53:00+00:00,refund_request,neutral,normal,refund_review,refund_review,synthetic_generator
evt_01108,complaint:06,cust_0125,social,"Hi, every person I speak to about the running shoes tells me something different. At this point I have run out of patience. Appreciate it.",ord_44618,free,2026-04-06T12:06:00+00:00,2026-04-08T00:06:00+00:00,complaint,negative,normal,escalate,create_ticket,synthetic_generator
evt_01109,tracking_request:05,cust_0076,phone,"Hi, I want to follow the journey of my the kitchen scale. This has been a frustrating experience. Thanks.",ord_41786,free,2026-04-16T20:54:00+00:00,2026-04-18T19:54:00+00:00,tracking_request,negative,normal,send_tracking_update,send_tracking_update,synthetic_generator
evt_01110,tracking_request:06,cust_0765,phone,"Hey - Hello, could you tell me which stage the replacement charger is at. Thanks. Please let me know.",ord_58868,standard,2026-05-02T16:29:00+00:00,2026-05-03T22:29:00+00:00,tracking_request,neutral,normal,send_tracking_update,send_tracking_update,synthetic_generator
evt_01111,refund_request:02,cust_0186,email,"Hello, Happy with teh service overall, just can you send this the standing desk back and return the payment. Appreciate it.",ord_14140,standard,2026-04-25T12:22:00+00:00,2026-04-28T04:22:00+00:00,refund_request,positive,normal,refund_review,refund_review,synthetic_generator
evt_01112,general_question:04,cust_0540,phone,"Hi, how do I add the annual subscription to an existing order. Please advise. Regards.",ord_58288,standard,2026-05-01T00:35:00+00:00,2026-05-03T20:35:00+00:00,general_question,neutral,normal,auto_resolve,knowledge_response,synthetic_generator
evt_01113,refund_request:06,cust_0861,chat,"Hello, how do I get my funds returned for my monthly plan. Thanks. Thanks.",ord_31982,standard,2026-04-29T15:01:00+00:00,2026-05-01T18:01:00+00:00,refund_request,neutral,normal,refund_review,refund_review,synthetic_generator
evt_01114,tracking_request:05,cust_0183,social,"Hello, Hi there, I want to follow the journey of my the wireless keyboard. Thanks.",ord_91013,free,2026-04-12T02:03:00+00:00,2026-04-13T01:03:00+00:00,tracking_request,neutral,normal,send_tracking_update,send_tracking_update,synthetic_generator
evt_01115,tracking_request:12,cust_0809,phone,"can you confirm the expected date for teh replacement charger, which is really not good enough. Please let me know.",ord_45722,standard,2026-04-16T03:44:00+00:00,2026-04-17T21:44:00+00:00,tracking_request,negative,normal,send_tracking_update,send_tracking_update,synthetic_generator
evt_01116,delivery_issue:03,cust_0646,chat,"Hello, courier marked the kitchen scale as attempted but nobody came. Thanks. Appreciate it.",ord_72098,free,2026-04-14T22:23:00+00:00,2026-04-16T07:23:00+00:00,delivery_issue,neutral,normal,offer_credit,apply_credit,synthetic_generator
evt_01117,refund_request:02,cust_0458,phone,"Hey - Hi there, can you send this the blue headphones back and return the payment. Regards.",ord_67753,free,2026-05-05T22:24:00+00:00,2026-05-06T13:24:00+00:00,refund_request,neutral,normal,refund_review,refund_review,synthetic_generator
evt_01118,tracking_request:06,cust_0441,email,Hey - could you tell me which stage my monthly plan is at. At this point I have run out of patience. Appreciate it.,ord_30627,standard,2026-04-12T09:40:00+00:00,2026-04-14T19:40:00+00:00,tracking_request,negative,normal,send_tracking_update,send_tracking_update,synthetic_generator
evt_01119,complaint:12,cust_0151,email,"Hi, This is disappointing - I keep being promised callbacks about the wireless keyboard that never happen. Appreciate it.",ord_56199,free,2026-04-27T04:12:00+00:00,2026-04-28T02:12:00+00:00,complaint,negative,normal,escalate,create_ticket,synthetic_generator
evt_01120,tracking_request:00,cust_0609,chat,Hey - where is my my monthly plan right now. Please let me know.,ord_99604,standard,2026-04-06T20:56:00+00:00,2026-04-09T16:56:00+00:00,tracking_request,neutral,normal,send_tracking_update,send_tracking_update,synthetic_generator
evt_01121,ambiguous:07,cust_0146,chat,"Good morning, the courier says delivered but the standing desk is not here, which is really not good enough. Thanks.",ord_52890,standard,2026-04-25T18:25:00+00:00,2026-04-27T02:25:00+00:00,delivery_issue,neutral,normal,offer_credit,apply_credit,synthetic_generator
evt_01122,refund_request:00,cust_0207,social,"Hi there, I would like my money back for order 88214.",ord_95654,free,2026-04-25T01:28:00+00:00,2026-04-25T07:28:00+00:00,refund_request,neutral,normal,refund_review,refund_review,synthetic_generator
evt_01123,tracking_request:11,cust_0615,chat,"Hey - Hi there, how far along is the delivery of the blue headphones. Regards.",ord_28787,enterprise,2026-05-04T15:00:00+00:00,2026-05-06T05:00:00+00:00,tracking_request,neutral,normal,send_tracking_update,send_tracking_update,synthetic_generator
evt_01124,ambiguous:01,cust_0602,chat,"if the standing desk cannot get here this week I would rather be refunded. Your team has been great so far, thank you. Regards.",ord_88106,free,2026-04-21T00:45:00+00:00,2026-04-22T15:45:00+00:00,refund_request,positive,normal,refund_review,refund_review,synthetic_generator
evt_01125,complaint:05,cust_0600,phone,"Hey - Hello, I am extremely let down by how order 88214 was managed. Thanks. Please let me know.",ord_35239,enterprise,2026-05-01T03:27:00+00:00,2026-05-03T21:27:00+00:00,complaint,neutral,normal,escalate,create_ticket,synthetic_generator
evt_01126,general_question:05,cust_0005,social,"Hey - Happy with the service overall, just what payment methods work for the kitchen scale. Regards.",ord_99438,standard,2026-04-12T10:39:00+00:00,2026-04-12T11:39:00+00:00,general_question,positive,high,auto_resolve,knowledge_response,synthetic_generator
evt_01127,tracking_request:02,cust_0055,email,"Hi, what is the current location of the parcel with the replacement charger. Appreciate it.",ord_70795,enterprise,2026-04-07T22:57:00+00:00,2026-04-08T00:57:00+00:00,tracking_request,positive,high,send_tracking_update,send_tracking_update,synthetic_generator
evt_01128,delivery_issue:02,cust_0047,chat,"Good morning, the blue headphones was meant to arrive on Tuesday and it is still not here. Regards.",ord_18770,standard,2026-04-19T18:10:00+00:00,2026-04-20T18:10:00+00:00,delivery_issue,neutral,normal,offer_credit,apply_credit,synthetic_generator
evt_01129,complaint:11,cust_0436,phone,"Hi, the way order 40917 was dealt with reflects badly on your company. At this point I have run out of patience. Appreciate it.",ord_48478,enterprise,2026-04-11T10:21:00+00:00,2026-04-11T22:21:00+00:00,complaint,negative,normal,escalate,create_ticket,synthetic_generator
evt_01130,refund_request:02,cust_0046,email,"Hi, Hi there, can you send this order 88214 back and return the payment. Appreciate it.",ord_85829,standard,2026-04-06T10:23:00+00:00,2026-04-08T19:23:00+00:00,refund_request,neutral,normal,refund_review,refund_review,synthetic_generator
evt_01131,refund_request:11,cust_0610,email,is it possible to undo the purchase of the wireless keyboard. Really appreciate the quick responses previously. Regards.,ord_88334,standard,2026-04-16T03:25:00+00:00,2026-04-16T06:25:00+00:00,refund_request,positive,normal,refund_review,refund_review,synthetic_generator
evt_01132,complaint:10,cust_0794,email,"Hey - I have received three contradictory answers about the blue headphones, which is really not good enough. Thanks.",ord_85235,free,2026-04-08T16:46:00+00:00,2026-04-10T22:46:00+00:00,complaint,negative,normal,escalate,create_ticket,synthetic_generator
evt_01133,tracking_request:12,cust_0148,phone,"Hello, Quick question - can you confirm the expected date for the wireless keyboard. Thanks.",ord_15586,enterprise,2026-04-20T21:21:00+00:00,2026-04-22T22:21:00+00:00,tracking_request,neutral,normal,send_tracking_update,send_tracking_update,synthetic_generator
evt_01134,tracking_request:10,cust_0702,email,"Hello, Hello, just checking in on the progress of the wireless keyboard. Thanks. Please let me know.",ord_88187,free,2026-04-24T15:38:00+00:00,2026-04-27T02:38:00+00:00,tracking_request,neutral,normal,send_tracking_update,send_tracking_update,synthetic_generator
evt_01135,refund_request:06,cust_0135,phone,"Good morning, how do I get my funds returned for the running shoes, whenever you get a chance.",ord_68102,standard,2026-05-01T02:54:00+00:00,2026-05-01T20:54:00+00:00,refund_request,neutral,normal,refund_review,refund_review,synthetic_generator
evt_01136,tracking_request:07,cust_0225,social,Quick question - is there a reference number I can use to watch the annual subscription. Please let me know.,ord_80795,free,2026-04-19T22:15:00+00:00,2026-04-21T12:15:00+00:00,tracking_request,neutral,normal,send_tracking_update,send_tracking_update,synthetic_generator
evt_01137,refund_request:03,cust_0542,email,Quick question - I no longer want order 88214 and expect the amount returned. Regards.,ord_82478,enterprise,2026-04-15T20:33:00+00:00,2026-04-16T03:33:00+00:00,refund_request,neutral,high,refund_review,refund_review,synthetic_generator
evt_01138,general_question:11,cust_0515,social,"do I need an account to buy the kitchen scale, whenever you get a chance. Thanks.",ord_27619,free,2026-04-26T19:26:00+00:00,2026-04-27T15:26:00+00:00,general_question,neutral,normal,auto_resolve,knowledge_response,synthetic_generator
evt_01139,general_question:03,cust_0392,email,"Hello, is the replacement charger covered by your returns window. Please let me know.",ord_29600,free,2026-04-22T07:49:00+00:00,2026-04-23T12:49:00+00:00,general_question,neutral,normal,auto_resolve,knowledge_response,synthetic_generator
evt_01140,ambiguous:03,cust_0732,email,"Hello, still waiting on the replacement charger and still nobody has explained why. Really appreciate the quick responses previously. Thanks.",ord_23281,free,2026-04-20T18:31:00+00:00,2026-04-22T08:31:00+00:00,complaint,positive,normal,escalate,create_ticket,synthetic_generator
evt_01141,general_question:13,cust_0445,email,"Hello, what happens to my subscription if I pause order 88214. Please advise. Please let me know.",ord_69957,standard,2026-04-07T22:16:00+00:00,2026-04-09T09:16:00+00:00,general_question,neutral,normal,auto_resolve,knowledge_response,synthetic_generator
evt_01142,general_question:10,cust_0889,email,"Hello, what is the difference between order 40917 and the newer version.",ord_30724,free,2026-04-12T01:27:00+00:00,2026-04-12T16:27:00+00:00,general_question,neutral,normal,auto_resolve,knowledge_response,synthetic_generator
evt_01143,delivery_issue:12,cust_0765,social,"Hi, the estimated date for the replacement charger has passed with no update. I have had to chase this repeatedly. Please let me know.",ord_82656,free,2026-04-15T19:55:00+00:00,2026-04-17T12:55:00+00:00,delivery_issue,neutral,normal,offer_credit,apply_credit,synthetic_generator
evt_01144,delivery_issue:01,cust_0685,phone,"Hey - Honestly, the parcel with my monthly plan is running behind schedule. I expected better than this.",ord_85871,enterprise,2026-04-06T17:00:00+00:00,2026-04-08T06:00:00+00:00,delivery_issue,negative,normal,offer_credit,apply_credit,synthetic_generator
evt_01145,tracking_request:13,cust_0178,social,"Hi, looking for an update on where the blue headphones has got to. No rush at all, you have been helpful. Thanks.",ord_31721,free,2026-04-30T12:58:00+00:00,2026-04-30T18:58:00+00:00,tracking_request,positive,normal,send_tracking_update,send_tracking_update,synthetic_generator
evt_01146,delivery_issue:04,cust_0241,chat,"Good morning, shipment containing the replacement charger seems stuck at the depot, whenever you get a chance. Regards.",ord_80562,standard,2026-04-27T15:24:00+00:00,2026-04-28T17:24:00+00:00,delivery_issue,neutral,normal,offer_credit,apply_credit,synthetic_generator
evt_01147,refund_request:11,cust_0550,chat,"Hello, is it possible to undo the purchase of the blue headphones. This has been a frustrating experience. Thanks.",ord_29782,free,2026-04-08T17:25:00+00:00,2026-04-08T20:25:00+00:00,refund_request,negative,normal,refund_review,refund_review,synthetic_generator
evt_01148,general_question:02,cust_0167,social,"Good morning, can I change the delivery address for the annual subscription. Appreciate it.",ord_40690,standard,2026-05-01T13:25:00+00:00,2026-05-03T12:25:00+00:00,general_question,neutral,normal,auto_resolve,knowledge_response,synthetic_generator
evt_01149,complaint:05,cust_0390,email,Hey - This is disappointing - I am extremely let down by how teh replacement charger was managed. Regards.,ord_91535,standard,2026-04-14T15:42:00+00:00,2026-04-14T17:42:00+00:00,complaint,negative,high,escalate,create_ticket,synthetic_generator
evt_01150,tracking_request:01,cust_0800,phone,"can I get a status update on the kitchen scale, which is really not good enough. Thanks.",ord_78242,standard,2026-04-12T06:40:00+00:00,2026-04-13T16:40:00+00:00,tracking_request,negative,normal,send_tracking_update,send_tracking_update,synthetic_generator
evt_01151,delivery_issue:02,cust_0304,email,"Hey - Hello, my monthly plan was meant to arrive on Tuesday and it is still not here. Thanks. Regards.",ord_11412,free,2026-04-08T09:49:00+00:00,2026-04-11T08:49:00+00:00,delivery_issue,neutral,normal,offer_credit,apply_credit,synthetic_generator
evt_01152,delivery_issue:02,cust_0218,email,"Hey - Honestly, the blue headphones was meant to arrive on Tuesday and it is still not here. I expected better than this. Regards.",ord_83135,free,2026-04-06T23:10:00+00:00,2026-04-08T14:10:00+00:00,delivery_issue,negative,normal,offer_credit,apply_credit,synthetic_generator
evt_01153,general_question:09,cust_0843,phone,"Good morning, Quick question - can order 88214 be gift wrapped. Please let me know.",ord_16466,free,2026-05-02T09:37:00+00:00,2026-05-03T04:37:00+00:00,general_question,neutral,normal,auto_resolve,knowledge_response,synthetic_generator
evt_01154,delivery_issue:11,cust_0230,chat,"Good morning, nobody has been able to deliver the standing desk yet. I have had to chase this repeatedly.",ord_71888,enterprise,2026-04-09T23:07:00+00:00,2026-04-11T00:07:00+00:00,delivery_issue,negative,normal,offer_credit,apply_credit,synthetic_generator
evt_01155,general_question:10,cust_0882,email,"Good morning, what is the difference between order 88214 and the newer version. Appreciate it.",ord_17945,free,2026-04-13T05:02:00+00:00,2026-04-14T15:02:00+00:00,general_question,neutral,normal,auto_resolve,knowledge_response,synthetic_generator
evt_01156,refund_request:00,cust_0829,chat,"Hello, I would like my money back for the blue headphones. This has been a frustrating experience. Thanks.",ord_52893,standard,2026-04-27T12:05:00+00:00,2026-04-29T18:05:00+00:00,refund_request,negative,normal,refund_review,refund_review,synthetic_generator
evt_01157,complaint:05,cust_0585,social,"Hi, Quick question - I am extremely let down by how the blue headphones was managed. Appreciate it.",ord_94018,standard,2026-04-28T15:17:00+00:00,2026-05-01T08:17:00+00:00,complaint,neutral,normal,escalate,create_ticket,synthetic_generator
evt_01158,refund_request:02,cust_0733,phone,"Hello, Hi there, can you send this the kitchen scale back and return the payment. Thanks.",ord_33852,free,2026-04-17T14:42:00+00:00,2026-04-17T16:42:00+00:00,refund_request,neutral,high,refund_review,refund_review,synthetic_generator
evt_01159,ambiguous:01,cust_0222,social,"Hello, if the kitchen scale cannot get here this week I would rather be refunded. At this point I have run out of patience.",ord_15759,enterprise,2026-04-23T21:55:00+00:00,2026-04-26T11:55:00+00:00,refund_request,negative,normal,refund_review,refund_review,synthetic_generator
evt_01160,general_question:05,cust_0759,chat,"Hey - what payment methods work for the blue headphones, which is really not good enough. Regards.",ord_60360,free,2026-05-05T18:08:00+00:00,2026-05-08T04:08:00+00:00,general_question,negative,normal,auto_resolve,knowledge_response,synthetic_generator
evt_01161,tracking_request:13,cust_0572,chat,"Hi, Hello, looking for an update on where the annual subscription has got to. Thanks.",ord_66619,standard,2026-04-15T12:03:00+00:00,2026-04-18T04:03:00+00:00,tracking_request,neutral,normal,send_tracking_update,send_tracking_update,synthetic_generator
evt_01162,ambiguous:04,cust_0058,chat,"Good morning, what are my options if the standing desk never shows up. Really appreciate the quick responses previously. Thanks.",ord_84951,standard,2026-04-18T08:12:00+00:00,2026-04-19T11:12:00+00:00,general_question,positive,normal,auto_resolve,knowledge_response,synthetic_generator
evt_01163,ambiguous:02,cust_0155,chat,"Hey - no idea where the replacement charger is, can someone actually look into this, and I am not happy about how long it has taken. Please let me know.",ord_18938,standard,2026-04-23T17:40:00+00:00,2026-04-24T12:40:00+00:00,tracking_request,negative,normal,send_tracking_update,send_tracking_update,synthetic_generator
evt_01164,complaint:10,cust_0015,phone,"Hello, I have received three contradictory answers about the running shoes. This has been a frustrating experience. Appreciate it.",ord_55403,free,2026-04-27T16:32:00+00:00,2026-04-30T15:32:00+00:00,complaint,negative,normal,escalate,create_ticket,synthetic_generator
evt_01165,tracking_request:09,cust_0268,phone,"Good morning, Honestly, what does the courier say about the blue headphones at the moment. I expected better than this. Regards.",ord_90497,enterprise,2026-04-12T03:46:00+00:00,2026-04-12T10:46:00+00:00,tracking_request,negative,high,escalate,create_ticket,synthetic_generator
evt_01166,delivery_issue:07,cust_0254,chat,"Hi, Quick question - the driver could not find my address for the standing desk. Regards.",ord_31010,standard,2026-05-05T03:42:00+00:00,2026-05-05T11:42:00+00:00,delivery_issue,neutral,normal,offer_credit,apply_credit,synthetic_generator
evt_01167,refund_request:06,cust_0820,chat,"Hello, how do I get my funds returned for the blue headphones. At this point I have run out of patience. Thanks.",ord_58738,free,2026-04-11T05:57:00+00:00,2026-04-13T12:57:00+00:00,refund_request,negative,normal,refund_review,refund_review,synthetic_generator
evt_01168,general_question:03,cust_0019,phone,"Hey - Hello, is the kitchen scale covered by your returns window. Thanks. Appreciate it.",ord_74596,free,2026-04-21T02:00:00+00:00,2026-04-22T04:00:00+00:00,general_question,neutral,normal,auto_resolve,knowledge_response,synthetic_generator
evt_01169,general_question:08,cust_0126,chat,"Hello, Hi there, how long does the annual subscription usually take to arrive. Appreciate it.",ord_18662,standard,2026-04-07T20:16:00+00:00,2026-04-09T21:16:00+00:00,general_question,neutral,normal,auto_resolve,knowledge_response,synthetic_generator
evt_01170,tracking_request:05,cust_0509,social,"I want to follow the journey of my the wireless keyboard, whenever you get a chance. Please let me know.",ord_22125,free,2026-04-18T02:35:00+00:00,2026-04-18T06:35:00+00:00,tracking_request,neutral,normal,send_tracking_update,send_tracking_update,synthetic_generator
evt_01171,ambiguous:04,cust_0246,chat,"Hello, Hello, what are my options if order 40917 never shows up. Thanks. Appreciate it.",ord_48250,standard,2026-04-19T23:58:00+00:00,2026-04-21T18:58:00+00:00,general_question,neutral,normal,auto_resolve,knowledge_response,synthetic_generator
evt_01172,delivery_issue:04,cust_0599,chat,"Hi, Hello, shipment containing oder 88214 seems stuck at the depot. Thanks. Thanks.",ord_53124,free,2026-04-21T00:44:00+00:00,2026-04-23T02:44:00+00:00,delivery_issue,neutral,normal,offer_credit,apply_credit,synthetic_generator
evt_01173,complaint:05,cust_0564,chat,This is disappointing - I am extremely let down by how teh blue headphones was managed. Please let me know.,ord_53314,free,2026-04-30T07:47:00+00:00,2026-05-03T00:47:00+00:00,complaint,negative,normal,escalate,create_ticket,synthetic_generator
evt_01174,complaint:08,cust_0056,phone,"Hi, your process for the running shoes has cost me an entire afternoon.",ord_22525,standard,2026-04-08T16:13:00+00:00,2026-04-10T13:13:00+00:00,complaint,neutral,normal,escalate,create_ticket,synthetic_generator
evt_01175,delivery_issue:10,cust_0376,phone,"Hello, teh tracking for my monthly plan has not moved in five days. I have had to chase this repeatedly. Regards.",ord_81648,standard,2026-04-13T09:16:00+00:00,2026-04-14T09:16:00+00:00,delivery_issue,negative,normal,offer_credit,apply_credit,synthetic_generator
evt_01176,delivery_issue:03,cust_0624,social,"Good morning, Hi there, courier marked the blue headphones as attempted but nobody came.",ord_77104,enterprise,2026-04-09T16:57:00+00:00,2026-04-11T04:57:00+00:00,delivery_issue,neutral,normal,offer_credit,apply_credit,synthetic_generator
evt_01177,tracking_request:12,cust_0291,phone,can you confirm the expected date for the wireless keyboard. This has been a frustrating experience. Please let me know.,ord_34107,standard,2026-04-13T21:52:00+00:00,2026-04-14T23:52:00+00:00,tracking_request,negative,normal,send_tracking_update,send_tracking_update,synthetic_generator
evt_01178,refund_request:09,cust_0802,chat,"Hello, Happy with teh service overall, just I am returning oder 40917, what happens with teh payment.",ord_62294,free,2026-04-29T20:33:00+00:00,2026-05-01T15:33:00+00:00,refund_request,positive,normal,refund_review,refund_review,synthetic_generator
evt_01179,ambiguous:07,cust_0188,social,"the courier says delivered but the annual subscription is not here, whenever you get a chance. Thanks.",ord_23916,standard,2026-04-13T04:26:00+00:00,2026-04-14T12:26:00+00:00,delivery_issue,neutral,normal,offer_credit,apply_credit,synthetic_generator
evt_01180,delivery_issue:03,cust_0328,social,"Good morning, courier marked order 88214 as attempted but nobody came. I have had to chase this repeatedly. Thanks.",ord_51365,standard,2026-04-07T16:27:00+00:00,2026-04-09T13:27:00+00:00,delivery_issue,negative,normal,offer_credit,apply_credit,synthetic_generator
evt_01181,general_question:06,cust_0651,phone,"Hello, do you ship order 40917 internationally, whenever you get a chance. Thanks.",ord_30659,free,2026-04-30T08:56:00+00:00,2026-05-02T12:56:00+00:00,general_question,neutral,normal,auto_resolve,knowledge_response,synthetic_generator
evt_01182,general_question:02,cust_0582,chat,"Hello, can I change the delivery address for the kitchen scale, whenever you get a chance. Regards.",ord_64011,standard,2026-04-27T03:57:00+00:00,2026-04-28T05:57:00+00:00,general_question,neutral,normal,auto_resolve,knowledge_response,synthetic_generator
evt_01183,complaint:10,cust_0577,social,"Hi, I have received three contradictory answers about order 88214, and I am not happy about how long it has taken. Regards.",ord_30299,free,2026-04-13T10:09:00+00:00,2026-04-15T08:09:00+00:00,complaint,negative,normal,escalate,create_ticket,synthetic_generator
evt_01184,tracking_request:10,cust_0062,chat,"Hi, Happy with the service overall, just just checking in on the progress of the kitchen scale. Thanks.",ord_74380,standard,2026-04-28T07:07:00+00:00,2026-05-01T01:07:00+00:00,tracking_request,positive,normal,send_tracking_update,send_tracking_update,synthetic_generator
evt_01185,refund_request:00,cust_0686,chat,"Hey - I would like my money back for the running shoes, whenever you get a chance. Appreciate it.",ord_96660,standard,2026-04-10T07:33:00+00:00,2026-04-12T17:33:00+00:00,refund_request,neutral,normal,refund_review,refund_review,synthetic_generator
evt_01186,ambiguous:03,cust_0589,social,"Hello, This is disappointing - still waiting on order 40917 and still nobody has explained why. Please let me know.",ord_39620,standard,2026-04-29T20:02:00+00:00,2026-04-29T23:02:00+00:00,complaint,negative,normal,escalate,create_ticket,synthetic_generator
evt_01187,ambiguous:03,cust_0685,phone,"Good morning, Honestly, still waiting on order 40917 and still nobody has explained why. I expected better than this. Appreciate it.",ord_19705,enterprise,2026-05-02T22:59:00+00:00,2026-05-03T14:59:00+00:00,complaint,negative,normal,escalate,create_ticket,synthetic_generator
evt_01188,complaint:07,cust_0160,phone,Hey - I have been passed between four agents about the running shoes. I have had to chase this repeatedly.,ord_25008,free,2026-04-23T23:21:00+00:00,2026-04-25T02:21:00+00:00,complaint,negative,normal,escalate,create_ticket,synthetic_generator
evt_01189,ambiguous:05,cust_0565,phone,"Hi, this is the second delivery of the annual subscription you have got wrong, and I am not happy about how long it has taken. Regards.",ord_47274,free,2026-04-18T02:02:00+00:00,2026-04-20T14:02:00+00:00,complaint,neutral,normal,escalate,create_ticket,synthetic_generator
evt_01190,refund_request:02,cust_0891,email,"Hi, can you send this the annual subscription back and return the payment. I have had to chase this repeatedly. Thanks.",ord_62285,enterprise,2026-04-15T08:23:00+00:00,2026-04-15T13:23:00+00:00,refund_request,negative,high,escalate,create_ticket,synthetic_generator
evt_01191,delivery_issue:13,cust_0240,chat,"Hi, my order containing the replacement charger appears to be lost in transit. No rush at all, you have been helpful.",ord_52575,standard,2026-04-17T06:36:00+00:00,2026-04-18T23:36:00+00:00,delivery_issue,positive,normal,offer_credit,apply_credit,synthetic_generator
evt_01192,delivery_issue:04,cust_0837,chat,"Hi, shipment containing the standing desk seems stuck at the depot. Thanks.",ord_90465,enterprise,2026-05-01T11:23:00+00:00,2026-05-03T19:23:00+00:00,delivery_issue,neutral,normal,offer_credit,apply_credit,synthetic_generator
evt_01193,refund_request:10,cust_0347,chat,"Good morning, Quick question - the parcel with the wireless keyboard came late and I would rather have the money.",ord_74130,standard,2026-04-10T02:34:00+00:00,2026-04-11T00:34:00+00:00,refund_request,neutral,normal,refund_review,refund_review,synthetic_generator
evt_01194,refund_request:10,cust_0353,social,"Hi, the parcel with the wireless keyboard came late and I would rather have the money. Please advise.",ord_63009,enterprise,2026-04-22T07:28:00+00:00,2026-04-23T18:28:00+00:00,refund_request,neutral,normal,refund_review,refund_review,synthetic_generator
evt_01195,complaint:11,cust_0840,phone,"Hey - Hi there, the way the replacement charger was dealt with reflects badly on your company. Please let me know.",ord_22716,free,2026-04-15T11:53:00+00:00,2026-04-18T11:53:00+00:00,complaint,neutral,normal,escalate,create_ticket,synthetic_generator
evt_01196,ambiguous:05,cust_0150,social,"Hello, Hi there, this is the second delivery of the standing desk you have got wrong.",ord_43726,standard,2026-04-27T00:59:00+00:00,2026-04-29T01:59:00+00:00,complaint,negative,normal,escalate,create_ticket,synthetic_generator
evt_01197,tracking_request:06,cust_0066,chat,"Hello, could you tell me which stage my monthly plan is at. I have had to chase this repeatedly. Regards.",ord_81149,free,2026-05-04T07:28:00+00:00,2026-05-04T18:28:00+00:00,tracking_request,negative,normal,send_tracking_update,send_tracking_update,synthetic_generator
evt_01198,refund_request:13,cust_0866,phone,"Hey - raise a return for the running shoes and refund me please, and I am not happy about how long it has taken.",ord_48534,standard,2026-05-05T01:14:00+00:00,2026-05-05T03:14:00+00:00,refund_request,negative,high,escalate,create_ticket,synthetic_generator
evt_01199,general_question:09,cust_0506,chat,"Good morning, can teh annual subscription be gift wrapped, which is really not good enough. Regards.",ord_78222,standard,2026-04-17T15:08:00+00:00,2026-04-17T23:08:00+00:00,general_question,negative,normal,auto_resolve,knowledge_response,synthetic_generator
evt_01200,delivery_issue:09,cust_0604,email,"Hey - Hello, delivery of order 40917 keeps getting rescheduled. Thanks.",ord_91052,free,2026-04-26T09:26:00+00:00,2026-04-26T23:26:00+00:00,delivery_issue,neutral,normal,offer_credit,apply_credit,synthetic_generator
evt_01201,refund_request:05,cust_0855,email,Hey - teh my monthly plan arrived damaged so I want compensation for it. pls let me know.,ord_79144,free,2026-04-22T07:43:00+00:00,2026-04-23T14:43:00+00:00,refund_request,neutral,normal,refund_review,refund_review,synthetic_generator
evt_01202,tracking_request:07,cust_0795,email,"Hi, is there a reference number I can use to watch the blue headphones, which is really not good enough. Regards.",ord_83760,free,2026-05-01T23:39:00+00:00,2026-05-02T20:39:00+00:00,tracking_request,negative,normal,send_tracking_update,send_tracking_update,synthetic_generator
evt_01203,refund_request:09,cust_0375,phone,"Good morning, I am returning the replacement charger, what happens with the payment. At this point I have run out of patience.",ord_17715,free,2026-04-28T03:43:00+00:00,2026-04-30T20:43:00+00:00,refund_request,negative,normal,refund_review,refund_review,synthetic_generator
evt_01204,refund_request:10,cust_0323,phone,"Hello, the parcel with the wireless keyboard came late and I would rather have the money. Thanks.",ord_82255,standard,2026-04-29T10:09:00+00:00,2026-05-02T04:09:00+00:00,refund_request,neutral,normal,refund_review,refund_review,synthetic_generator
evt_01205,delivery_issue:09,cust_0836,chat,"Good morning, delivery of my monthly plan keeps getting rescheduled, whenever you get a chance. Thanks.",ord_92167,free,2026-04-30T13:29:00+00:00,2026-04-30T19:29:00+00:00,delivery_issue,neutral,normal,offer_credit,apply_credit,synthetic_generator
evt_01206,general_question:12,cust_0215,social,"Hello, Hello, are spare parts available for the wireless keyboard. Thanks. Appreciate it.",ord_14398,enterprise,2026-05-05T06:05:00+00:00,2026-05-05T18:05:00+00:00,general_question,neutral,normal,auto_resolve,knowledge_response,synthetic_generator
evt_01207,general_question:07,cust_0221,social,"Hey - Honestly, is there a student discount available on the wireless keyboard. I expected better than this. Appreciate it.",ord_96066,standard,2026-04-20T02:35:00+00:00,2026-04-22T21:35:00+00:00,general_question,negative,normal,auto_resolve,knowledge_response,synthetic_generator
evt_01208,delivery_issue:05,cust_0388,chat,"Hey - it has been two weeks and my monthly plan has not reached me, which is really not good enough. Regards.",ord_56714,enterprise,2026-04-28T23:20:00+00:00,2026-04-29T08:20:00+00:00,delivery_issue,negative,normal,offer_credit,apply_credit,synthetic_generator
evt_01209,delivery_issue:04,cust_0821,email,"Hello, shipment containing the wireless keyboard seems stuck at the depot. This has been a frustrating experience. Appreciate it.",ord_76036,free,2026-05-02T10:26:00+00:00,2026-05-02T21:26:00+00:00,delivery_issue,negative,normal,offer_credit,apply_credit,synthetic_generator
evt_01210,complaint:11,cust_0515,email,Hey - This is disappointing - the way teh annual subscription was dealt with reflects badly on your company. Thanks.,ord_50935,free,2026-04-19T19:20:00+00:00,2026-04-21T00:20:00+00:00,complaint,negative,normal,escalate,create_ticket,synthetic_generator
evt_01211,delivery_issue:03,cust_0441,email,"Hello, Quick question - courier marked the annual subscription as attempted but nobody came.",ord_89374,standard,2026-05-04T05:40:00+00:00,2026-05-04T09:40:00+00:00,delivery_issue,neutral,normal,offer_credit,apply_credit,synthetic_generator
evt_01212,tracking_request:08,cust_0321,chat,"Good morning, when is the standing desk scheduled to arrive. This has been a frustrating experience. Thanks.",ord_50263,standard,2026-05-01T05:55:00+00:00,2026-05-01T18:55:00+00:00,tracking_request,negative,normal,send_tracking_update,send_tracking_update,synthetic_generator
evt_01213,ambiguous:00,cust_0306,phone,"Hello, teh annual subscription has not arrived and I am starting to want my money back, whenever you get a chance. Thanks.",ord_30031,free,2026-04-29T02:55:00+00:00,2026-04-30T04:55:00+00:00,delivery_issue,neutral,normal,offer_credit,apply_credit,synthetic_generator
evt_01214,complaint:11,cust_0666,chat,Hey - the way the wireless keyboard was dealt with reflects badly on your company. At this point I have run out of patience. Thanks.,ord_65912,standard,2026-04-07T17:20:00+00:00,2026-04-08T01:20:00+00:00,complaint,negative,normal,escalate,create_ticket,synthetic_generator
evt_01215,general_question:03,cust_0592,email,is order 40917 covered by your returns window. Please advise. Regards.,ord_94141,free,2026-04-07T09:33:00+00:00,2026-04-09T16:33:00+00:00,general_question,neutral,normal,auto_resolve,knowledge_response,synthetic_generator
evt_01216,delivery_issue:12,cust_0442,email,"Hi, the estimated date for order 40917 has passed with no update, which is really not good enough.",ord_92787,free,2026-04-29T02:24:00+00:00,2026-04-30T06:24:00+00:00,delivery_issue,negative,normal,offer_credit,apply_credit,synthetic_generator
evt_01217,complaint:09,cust_0509,phone,"Good morning, no one has taken ownership of the problem with the running shoes. At this point I have run out of patience. Appreciate it.",ord_93334,enterprise,2026-04-26T01:41:00+00:00,2026-04-28T06:41:00+00:00,complaint,negative,normal,escalate,create_ticket,synthetic_generator
evt_01218,general_question:07,cust_0866,phone,"Hello, is there a student discount available on the standing desk. Please advise. Please let me know.",ord_73363,standard,2026-04-16T22:51:00+00:00,2026-04-18T09:51:00+00:00,general_question,neutral,normal,auto_resolve,knowledge_response,synthetic_generator
evt_01219,tracking_request:08,cust_0417,phone,"Hey - when is the wireless keyboard scheduled to arrive. Your team has been great so far, thank you. Regards.",ord_70900,enterprise,2026-04-15T19:43:00+00:00,2026-04-18T05:43:00+00:00,tracking_request,positive,normal,send_tracking_update,send_tracking_update,synthetic_generator
evt_01220,tracking_request:03,cust_0100,email,Hey - any news on when the wireless keyboard will get here. Please advise. Regards.,ord_43637,free,2026-04-10T04:54:00+00:00,2026-04-11T18:54:00+00:00,tracking_request,neutral,normal,send_tracking_update,send_tracking_update,synthetic_generator
evt_01221,complaint:10,cust_0719,phone,"Hi, I have recieved three contradictory answers about order 88214. I have had to chase this repeatedly. Thanks.",ord_89873,enterprise,2026-04-14T21:22:00+00:00,2026-04-17T03:22:00+00:00,complaint,negative,normal,escalate,create_ticket,synthetic_generator
evt_01222,delivery_issue:05,cust_0610,phone,"Hi, Hello, it has been two weeks and the wireless keyboard has not reached me. Thanks. Thanks.",ord_31948,standard,2026-04-26T01:08:00+00:00,2026-04-27T23:08:00+00:00,delivery_issue,neutral,normal,offer_credit,apply_credit,synthetic_generator
evt_01223,delivery_issue:12,cust_0125,chat,"the estimated date for the annual subscription has passed with no update, whenever you get a chance.",ord_32088,standard,2026-05-01T04:36:00+00:00,2026-05-01T22:36:00+00:00,delivery_issue,neutral,normal,offer_credit,apply_credit,synthetic_generator
evt_01224,tracking_request:04,cust_0223,social,"Good morning, please share the shipment progress for the running shoes, which is really not good enough. Thanks.",ord_97301,free,2026-04-16T09:59:00+00:00,2026-04-17T14:59:00+00:00,tracking_request,negative,normal,send_tracking_update,send_tracking_update,synthetic_generator
evt_01225,delivery_issue:03,cust_0368,email,"Good morning, Thanks for the help earlier - courier marked the standing desk as attempted but nobody came. Regards.",ord_98631,free,2026-04-26T00:35:00+00:00,2026-04-27T03:35:00+00:00,delivery_issue,positive,normal,offer_credit,apply_credit,synthetic_generator
evt_01226,ambiguous:02,cust_0677,email,"Hey - no idea where the annual subscription is, can someone actually look into this, whenever you get a chance. Regards.",ord_80354,free,2026-04-14T12:54:00+00:00,2026-04-14T22:54:00+00:00,tracking_request,neutral,normal,send_tracking_update,send_tracking_update,synthetic_generator
evt_01227,tracking_request:13,cust_0461,email,"Hi, looking for an update on where the annual subscription has got to. Please advise. Regards.",ord_93692,standard,2026-04-18T11:11:00+00:00,2026-04-19T16:11:00+00:00,tracking_request,neutral,normal,send_tracking_update,send_tracking_update,synthetic_generator
evt_01228,delivery_issue:00,cust_0866,social,Hey - Quick question - my order 88214 still has not turned up.,ord_72007,standard,2026-04-18T19:39:00+00:00,2026-04-18T23:39:00+00:00,delivery_issue,neutral,normal,offer_credit,apply_credit,synthetic_generator
evt_01229,refund_request:07,cust_0833,phone,"Hi there, the delivery of order 40917 was fine but I changed my mind and want a refund. Thanks.",ord_52472,free,2026-05-04T10:06:00+00:00,2026-05-05T22:06:00+00:00,refund_request,neutral,normal,refund_review,refund_review,synthetic_generator
evt_01230,complaint:07,cust_0382,chat,"Hi, I have been passed between four agents about the standing desk, which is really not good enough. Appreciate it.",ord_66578,standard,2026-04-25T19:19:00+00:00,2026-04-28T00:19:00+00:00,complaint,negative,normal,escalate,create_ticket,synthetic_generator
evt_01231,delivery_issue:09,cust_0436,social,"Hello, Hello, delivery of the standing desk keeps getting rescheduled. Thanks. Please let me know.",ord_42847,standard,2026-04-08T09:17:00+00:00,2026-04-09T19:17:00+00:00,delivery_issue,neutral,normal,offer_credit,apply_credit,synthetic_generator
evt_01232,complaint:12,cust_0895,phone,"Good morning, I keep being promised callbacks about order 88214 that never happen. At this point I have run out of patience. Please let me know.",ord_38186,standard,2026-04-28T05:10:00+00:00,2026-04-29T10:10:00+00:00,complaint,negative,normal,escalate,create_ticket,synthetic_generator
evt_01233,tracking_request:03,cust_0822,chat,"Hi, any news on when the standing desk will get here. Your team has been great so far, thank you. Please let me know.",ord_93069,free,2026-05-01T12:28:00+00:00,2026-05-04T11:28:00+00:00,tracking_request,positive,normal,send_tracking_update,send_tracking_update,synthetic_generator
evt_01234,ambiguous:02,cust_0067,email,"Hello, Hello, no idea where the wireless keyboard is, can someone actually look into this. Thanks. Regards.",ord_14249,free,2026-04-11T23:51:00+00:00,2026-04-14T07:51:00+00:00,tracking_request,neutral,normal,send_tracking_update,send_tracking_update,synthetic_generator
evt_01235,delivery_issue:00,cust_0776,email,"Hello, my teh running shoes still has not turned up. At this point I have run out of patience. Thanks.",ord_98004,enterprise,2026-04-26T11:45:00+00:00,2026-04-27T12:45:00+00:00,delivery_issue,negative,normal,offer_credit,apply_credit,synthetic_generator
evt_01236,complaint:12,cust_0004,social,"Hello, I keep being promised callbacks about the replacement charger that never happen. Please advise. Regards.",ord_27650,free,2026-04-09T01:36:00+00:00,2026-04-10T09:36:00+00:00,complaint,neutral,normal,escalate,create_ticket,synthetic_generator
evt_01237,complaint:07,cust_0056,email,"Good morning, I have been passed between four agents about order 40917. No rush at all, you have been helpful. Thanks.",ord_73616,free,2026-04-15T05:01:00+00:00,2026-04-15T17:01:00+00:00,complaint,positive,normal,escalate,create_ticket,synthetic_generator
evt_01238,tracking_request:11,cust_0302,phone,"Hey - how far along is the delivery of the blue headphones. Your team has been great so far, thank you. Regards.",ord_82324,enterprise,2026-04-23T17:05:00+00:00,2026-04-26T01:05:00+00:00,tracking_request,positive,normal,send_tracking_update,send_tracking_update,synthetic_generator
evt_01239,general_question:05,cust_0046,chat,"Hi, what payment methods work for my monthly plan. Thanks.",ord_11385,free,2026-04-09T03:59:00+00:00,2026-04-09T07:59:00+00:00,general_question,neutral,normal,auto_resolve,knowledge_response,synthetic_generator
evt_01240,tracking_request:08,cust_0680,social,when is the replacement charger scheduled to arrive. Appreciate it.,ord_29241,standard,2026-04-23T15:07:00+00:00,2026-04-24T21:07:00+00:00,tracking_request,neutral,normal,send_tracking_update,send_tracking_update,synthetic_generator
evt_01241,ambiguous:02,cust_0403,social,"Good morning, no idea where order 88214 is, can someone actually look into this, whenever you get a chance.",ord_72567,standard,2026-04-26T15:49:00+00:00,2026-04-28T20:49:00+00:00,tracking_request,neutral,normal,send_tracking_update,send_tracking_update,synthetic_generator
evt_01242,general_question:09,cust_0495,email,can the replacement charger be gift wrapped. Really appreciate the quick responses previously. Regards.,ord_97042,free,2026-04-23T17:50:00+00:00,2026-04-25T13:50:00+00:00,general_question,positive,normal,auto_resolve,knowledge_response,synthetic_generator
evt_01243,delivery_issue:04,cust_0738,email,"Hello, shipment containing order 40917 seems stuck at the depot, whenever you get a chance. Appreciate it.",ord_46867,free,2026-04-07T15:09:00+00:00,2026-04-08T06:09:00+00:00,delivery_issue,neutral,normal,offer_credit,apply_credit,synthetic_generator
evt_01244,general_question:06,cust_0358,social,"Happy with the service overall, just do you ship the standing desk internationally. Thanks.",ord_94302,free,2026-04-19T06:49:00+00:00,2026-04-22T02:49:00+00:00,general_question,positive,normal,auto_resolve,knowledge_response,synthetic_generator
evt_01245,delivery_issue:13,cust_0595,phone,"Hi, my order containing the standing desk appears to be lost in transit, and I am not happy about how long it has taken. Thanks.",ord_66024,standard,2026-04-20T21:24:00+00:00,2026-04-21T07:24:00+00:00,delivery_issue,negative,normal,offer_credit,apply_credit,synthetic_generator
evt_01246,complaint:10,cust_0412,email,"Hey - I have received three contradictory answers about the blue headphones, and I am not happy about how long it has taken. Regards.",ord_40505,standard,2026-04-25T20:16:00+00:00,2026-04-28T11:16:00+00:00,complaint,negative,normal,escalate,create_ticket,synthetic_generator
evt_01247,complaint:04,cust_0841,email,"the handling of my monthly plan has been unacceptable, which is really not good enough.",ord_85467,free,2026-05-03T12:01:00+00:00,2026-05-04T23:01:00+00:00,complaint,negative,normal,escalate,create_ticket,synthetic_generator
evt_01248,delivery_issue:04,cust_0647,chat,Hey - shipment containing the annual subscription seems stuck at the depot. Please advise. Regards.,ord_57775,enterprise,2026-04-17T11:56:00+00:00,2026-04-17T18:56:00+00:00,delivery_issue,neutral,high,offer_credit,apply_credit,synthetic_generator
evt_01249,general_question:02,cust_0479,phone,"Hey - can I change the delivery address for order 88214, whenever you get a chance. Thanks.",ord_41207,enterprise,2026-04-18T06:02:00+00:00,2026-04-20T02:02:00+00:00,general_question,neutral,normal,auto_resolve,knowledge_response,synthetic_generator
evt_01250,general_question:07,cust_0103,phone,"Hello, is there a student discount available on the replacement charger.",ord_71797,free,2026-04-30T21:29:00+00:00,2026-05-02T17:29:00+00:00,general_question,neutral,normal,auto_resolve,knowledge_response,synthetic_generator
evt_01251,tracking_request:13,cust_0219,social,"Hi, looking for an update on where the replacement charger has got to. Please let me know.",ord_66458,standard,2026-04-16T09:20:00+00:00,2026-04-18T09:20:00+00:00,tracking_request,neutral,normal,send_tracking_update,send_tracking_update,synthetic_generator
evt_01252,general_question:09,cust_0312,email,"Good morning, Hello, can the annual subscription be gift wrapped. Thanks.",ord_18758,enterprise,2026-04-15T08:52:00+00:00,2026-04-17T01:52:00+00:00,general_question,neutral,normal,auto_resolve,knowledge_response,synthetic_generator
evt_01253,complaint:04,cust_0361,social,"Hello, the handling of the wireless keyboard has been unacceptable. This has been a frustrating experience. Appreciate it.",ord_11883,standard,2026-04-25T18:24:00+00:00,2026-04-25T20:24:00+00:00,complaint,negative,high,escalate,create_ticket,synthetic_generator
evt_01254,ambiguous:05,cust_0682,social,this is teh second delivery of teh replacement charger you have got wrong. I have had to chase this repeatedly. Appreciate it.,ord_58612,free,2026-04-15T06:58:00+00:00,2026-04-16T02:58:00+00:00,complaint,negative,normal,escalate,create_ticket,synthetic_generator
evt_01255,tracking_request:04,cust_0149,chat,"Hi, Honestly, please share the shipment progress for the running shoes. I expected better than this. Regards.",ord_75012,enterprise,2026-04-19T02:28:00+00:00,2026-04-19T20:28:00+00:00,tracking_request,negative,normal,send_tracking_update,send_tracking_update,synthetic_generator
evt_01256,delivery_issue:10,cust_0839,phone,"Hey - the tracking for the wireless keyboard has not moved in five days, whenever you get a chance. Please let me know.",ord_49401,free,2026-05-01T21:10:00+00:00,2026-05-04T08:10:00+00:00,delivery_issue,neutral,normal,offer_credit,apply_credit,synthetic_generator
evt_01257,tracking_request:01,cust_0246,phone,Hey - can I get a status update on my monthly plan. Please advise. Regards.,ord_33893,standard,2026-04-18T11:58:00+00:00,2026-04-19T00:58:00+00:00,tracking_request,neutral,normal,send_tracking_update,send_tracking_update,synthetic_generator
evt_01258,refund_request:12,cust_0557,chat,"Hi, Hi there, I want to send order 88214 back for a credit to my account. Thanks.",ord_51909,enterprise,2026-04-09T14:09:00+00:00,2026-04-11T21:09:00+00:00,refund_request,neutral,normal,refund_review,refund_review,synthetic_generator
evt_01259,ambiguous:03,cust_0698,social,"Good morning, Quick question - still waiting on the kitchen scale and still nobody has explained why. Please let me know.",ord_85777,enterprise,2026-05-05T05:31:00+00:00,2026-05-06T05:31:00+00:00,complaint,neutral,normal,escalate,create_ticket,synthetic_generator
evt_01260,refund_request:08,cust_0323,social,please cancel the wireless keyboard and put the amount back on my card. Please advise. Thanks.,ord_64604,free,2026-04-17T06:21:00+00:00,2026-04-18T19:21:00+00:00,refund_request,neutral,normal,refund_review,refund_review,synthetic_generator
evt_01261,delivery_issue:08,cust_0546,chat,This is disappointing - order 40917 was returned to sender without anyone contacting me. Please let me know.,ord_75261,free,2026-04-06T22:58:00+00:00,2026-04-07T06:58:00+00:00,delivery_issue,negative,normal,offer_credit,apply_credit,synthetic_generator
evt_01262,tracking_request:04,cust_0729,social,"Good morning, please share the shipment progress for the wireless keyboard. Appreciate it.",ord_94901,free,2026-05-03T16:39:00+00:00,2026-05-05T01:39:00+00:00,tracking_request,neutral,normal,send_tracking_update,send_tracking_update,synthetic_generator
evt_01263,refund_request:11,cust_0692,social,"Hey - Hello, is it possible to undo the purchase of the annual subscription. Thanks. Regards.",ord_40228,free,2026-04-07T02:00:00+00:00,2026-04-09T00:00:00+00:00,refund_request,neutral,normal,refund_review,refund_review,synthetic_generator
evt_01264,ambiguous:02,cust_0548,chat,"Good morning, Quick question - no idea where my monthly plan is, can someone actually look into this.",ord_65485,enterprise,2026-04-30T16:45:00+00:00,2026-05-02T07:45:00+00:00,tracking_request,neutral,normal,send_tracking_update,send_tracking_update,synthetic_generator
evt_01265,general_question:08,cust_0663,email,"Hey - how long does the kitchen scale usually take to arrive, whenever you get a chance. Please let me know.",ord_26549,free,2026-05-03T09:08:00+00:00,2026-05-03T18:08:00+00:00,general_question,neutral,normal,auto_resolve,knowledge_response,synthetic_generator
evt_01266,delivery_issue:01,cust_0315,chat,"Hello, the parcel with the kitchen scale is running behind schedule. I have had to chase this repeatedly. Regards.",ord_83348,free,2026-05-05T13:04:00+00:00,2026-05-05T22:04:00+00:00,delivery_issue,negative,normal,offer_credit,apply_credit,synthetic_generator
evt_01267,refund_request:10,cust_0379,chat,"the parcel with my monthly plan came late and I would rather have the money, which is really not good enough. Appreciate it.",ord_41733,free,2026-04-18T05:12:00+00:00,2026-04-21T05:12:00+00:00,refund_request,negative,normal,refund_review,refund_review,synthetic_generator
evt_01268,tracking_request:08,cust_0057,social,"Good morning, when is the annual subscription scheduled to arrive, whenever you get a chance. Regards.",ord_27752,standard,2026-04-25T19:57:00+00:00,2026-04-27T07:57:00+00:00,tracking_request,positive,normal,send_tracking_update,send_tracking_update,synthetic_generator
evt_01269,general_question:02,cust_0338,social,Hey - This is disappointing - can I change the delivery address for order 40917. Appreciate it.,ord_30056,free,2026-04-13T20:56:00+00:00,2026-04-15T07:56:00+00:00,general_question,negative,normal,auto_resolve,knowledge_response,synthetic_generator
evt_01270,general_question:03,cust_0165,phone,"Good morning, is my monthly plan covered by your returns window. Please advise. Regards.",ord_46699,standard,2026-04-21T04:09:00+00:00,2026-04-22T15:09:00+00:00,general_question,neutral,normal,auto_resolve,knowledge_response,synthetic_generator
evt_01271,general_question:06,cust_0636,social,"Good morning, do you ship order 88214 internationally, whenever you get a chance.",ord_73737,free,2026-04-28T06:29:00+00:00,2026-05-01T00:29:00+00:00,general_question,neutral,normal,auto_resolve,knowledge_response,synthetic_generator
evt_01272,tracking_request:07,cust_0778,phone,"Hi, is there a reference number I can use to watch my monthly plan, whenever you get a chance.",ord_73501,free,2026-05-05T21:42:00+00:00,2026-05-06T06:42:00+00:00,tracking_request,neutral,normal,send_tracking_update,send_tracking_update,synthetic_generator
evt_01273,general_question:06,cust_0009,chat,Hey - do you ship the kitchen scale internationally. Please advise. Appreciate it.,ord_42300,free,2026-04-19T06:30:00+00:00,2026-04-21T18:30:00+00:00,general_question,negative,normal,auto_resolve,knowledge_response,synthetic_generator
evt_01274,ambiguous:06,cust_0562,chat,"Good morning, I have given up waiting for the blue headphones, just close it out for me, whenever you get a chance. Please let me know.",ord_60096,free,2026-04-18T14:15:00+00:00,2026-04-19T03:15:00+00:00,refund_request,neutral,normal,refund_review,refund_review,synthetic_generator
evt_01275,complaint:02,cust_0420,social,"Hey - I have wasted hours on the kitchen scale with no resolution, which is really not good enough. Regards.",ord_47109,standard,2026-04-10T18:44:00+00:00,2026-04-12T02:44:00+00:00,complaint,negative,normal,escalate,create_ticket,synthetic_generator
evt_01276,ambiguous:07,cust_0506,email,"Hey - Honestly, the courier says delivered but the running shoes is not here. I expected better than this. Regards.",ord_10903,enterprise,2026-04-15T20:48:00+00:00,2026-04-16T02:48:00+00:00,delivery_issue,negative,high,escalate,create_ticket,synthetic_generator
evt_01277,tracking_request:05,cust_0416,social,"Hello, Hi there, I want to follow the journey of my the wireless keyboard. Regards.",ord_10467,enterprise,2026-04-16T08:22:00+00:00,2026-04-18T05:22:00+00:00,tracking_request,neutral,normal,send_tracking_update,send_tracking_update,synthetic_generator
evt_01278,tracking_request:12,cust_0775,chat,"Hi, Thanks for the help earlier - can you confirm the expected date for my monthly plan. Please let me know.",ord_75800,free,2026-05-03T12:02:00+00:00,2026-05-05T16:02:00+00:00,tracking_request,positive,normal,send_tracking_update,send_tracking_update,synthetic_generator
evt_01279,ambiguous:02,cust_0365,social,"Hello, Quick question - no idea where the annual subscription is, can someone actually look into this. Regards.",ord_97730,free,2026-04-29T08:24:00+00:00,2026-04-30T21:24:00+00:00,tracking_request,neutral,normal,send_tracking_update,send_tracking_update,synthetic_generator
evt_01280,delivery_issue:12,cust_0177,chat,"Hello, the estimated date for teh replacement charger has passed with no update. At this point I have run out of patience. Please let me know.",ord_42178,standard,2026-05-01T18:47:00+00:00,2026-05-04T02:47:00+00:00,delivery_issue,negative,normal,offer_credit,apply_credit,synthetic_generator
evt_01281,refund_request:07,cust_0144,chat,Quick question - the delivery of order 40917 was fine but I changed my mind and want a refund. Please let me know.,ord_48491,standard,2026-05-05T01:43:00+00:00,2026-05-06T16:43:00+00:00,refund_request,neutral,normal,refund_review,refund_review,synthetic_generator
evt_01282,complaint:11,cust_0388,phone,"Good morning, the way the wireless keyboard was dealt with reflects badly on your company. This has been a frustrating experience. Appreciate it.",ord_47821,standard,2026-05-03T12:04:00+00:00,2026-05-05T12:04:00+00:00,complaint,negative,normal,escalate,create_ticket,synthetic_generator
evt_01283,refund_request:04,cust_0858,phone,"Hi, requesting reimbursement for the blue headphones. Please advise. Appreciate it.",ord_46420,free,2026-04-24T18:46:00+00:00,2026-04-26T12:46:00+00:00,refund_request,neutral,normal,refund_review,refund_review,synthetic_generator
evt_01284,delivery_issue:00,cust_0549,social,"Good morning, my order 88214 still has not turned up. Regards.",ord_91664,standard,2026-04-17T02:02:00+00:00,2026-04-19T12:02:00+00:00,delivery_issue,neutral,normal,offer_credit,apply_credit,synthetic_generator
evt_01285,delivery_issue:10,cust_0508,email,"the tracking for the annual subscription has not moved in five days, which is really not good enough. Please let me know.",ord_51411,standard,2026-04-20T14:38:00+00:00,2026-04-23T07:38:00+00:00,delivery_issue,negative,normal,offer_credit,apply_credit,synthetic_generator
evt_01286,delivery_issue:11,cust_0364,chat,"Hello, Honestly, nobody has been able to deliver the standing desk yet. I expected better than this. Appreciate it.",ord_57008,standard,2026-05-02T10:56:00+00:00,2026-05-02T18:56:00+00:00,delivery_issue,negative,normal,offer_credit,apply_credit,synthetic_generator
evt_01287,delivery_issue:07,cust_0010,social,"Hi, the driver could not find my address for the replacement charger. Please let me know.",ord_66717,free,2026-04-24T15:51:00+00:00,2026-04-26T23:51:00+00:00,delivery_issue,neutral,normal,offer_credit,apply_credit,synthetic_generator
evt_01288,tracking_request:11,cust_0076,email,"Good morning, Hello, how far along is the delivery of the replacement charger. Thanks. Appreciate it.",ord_58935,free,2026-04-14T13:05:00+00:00,2026-04-15T16:05:00+00:00,tracking_request,neutral,normal,send_tracking_update,send_tracking_update,synthetic_generator
evt_01289,complaint:07,cust_0684,email,I have been passed between four agents about teh annual subscription. This has been a frustrating experience. Appreciate it.,ord_38333,standard,2026-04-24T16:41:00+00:00,2026-04-25T19:41:00+00:00,complaint,negative,normal,escalate,create_ticket,synthetic_generator
evt_01290,delivery_issue:00,cust_0468,phone,"Hi, my the blue headphones still has not turned up, and I am not happy about how long it has taken. Thanks.",ord_16102,enterprise,2026-04-16T16:33:00+00:00,2026-04-19T13:33:00+00:00,delivery_issue,negative,normal,offer_credit,apply_credit,synthetic_generator
evt_01291,complaint:08,cust_0890,phone,your process for my monthly plan has cost me an entire afternoon. I have had to chase this repeatedly. Please let me know.,ord_80427,standard,2026-04-24T11:11:00+00:00,2026-04-24T16:11:00+00:00,complaint,negative,normal,escalate,create_ticket,synthetic_generator
evt_01292,general_question:02,cust_0619,chat,"Hi there, can I change the delivery address for the running shoes. Regards.",ord_75358,free,2026-04-22T00:36:00+00:00,2026-04-22T04:36:00+00:00,general_question,negative,normal,auto_resolve,knowledge_response,synthetic_generator
evt_01293,complaint:03,cust_0021,phone,nobody in your team seems to take the replacement charger seriously. This has been a frustrating experience.,ord_22005,standard,2026-04-28T21:11:00+00:00,2026-04-30T11:11:00+00:00,complaint,negative,normal,escalate,create_ticket,synthetic_generator
evt_01294,delivery_issue:00,cust_0500,email,"Hello, my the annual subscription still has not turned up. pls advise. Regards.",ord_70291,enterprise,2026-04-12T19:36:00+00:00,2026-04-14T07:36:00+00:00,delivery_issue,neutral,normal,offer_credit,apply_credit,synthetic_generator
evt_01295,delivery_issue:00,cust_0848,chat,"Hi, my my monthly plan still has not turned up. I have had to chase this repeatedly. Appreciate it.",ord_21762,free,2026-04-16T13:23:00+00:00,2026-04-17T17:23:00+00:00,delivery_issue,negative,normal,offer_credit,apply_credit,synthetic_generator
evt_01296,complaint:12,cust_0141,email,"Hi, I keep being promised callbacks about order 40917 that never happen, and I am not happy about how long it has taken. Regards.",ord_56478,standard,2026-04-30T17:29:00+00:00,2026-05-02T10:29:00+00:00,complaint,negative,normal,escalate,create_ticket,synthetic_generator
evt_01297,tracking_request:03,cust_0286,social,"Hi, This is disappointing - any news on when my monthly plan will get here. Thanks.",ord_76881,standard,2026-04-30T22:55:00+00:00,2026-05-01T23:55:00+00:00,tracking_request,neutral,normal,send_tracking_update,send_tracking_update,synthetic_generator
evt_01298,complaint:07,cust_0129,phone,Hey - I have been passed between four agents about my monthly plan. This has been a frustrating experience. Appreciate it.,ord_44525,standard,2026-05-03T20:05:00+00:00,2026-05-06T00:05:00+00:00,complaint,negative,normal,escalate,create_ticket,synthetic_generator
evt_01299,refund_request:01,cust_0107,phone,"Hi, please reverse the charge on the blue headphones. I have had to chase this repeatedly. Regards.",ord_89881,free,2026-04-29T04:29:00+00:00,2026-04-30T15:29:00+00:00,refund_request,negative,normal,refund_review,refund_review,synthetic_generator
evt_01300,general_question:02,cust_0212,chat,Hey - can I change the delivery address for order 88214. Really appreciate the quick responses previously. Regards.,ord_58774,free,2026-04-13T18:45:00+00:00,2026-04-14T23:45:00+00:00,general_question,positive,normal,auto_resolve,knowledge_response,synthetic_generator
evt_01301,general_question:13,cust_0800,email,Hey - what happens to my subscription if I pause teh replacement charger. Really appreciate teh quick responses previously.,ord_65001,free,2026-04-07T23:04:00+00:00,2026-04-10T06:04:00+00:00,general_question,positive,normal,auto_resolve,knowledge_response,synthetic_generator
evt_01302,general_question:10,cust_0205,email,Hey - what is the difference between the replacement charger and the newer version. Thanks.,ord_66484,enterprise,2026-04-21T01:57:00+00:00,2026-04-21T20:57:00+00:00,general_question,neutral,normal,auto_resolve,knowledge_response,synthetic_generator
evt_01303,delivery_issue:05,cust_0229,phone,"Hi, it has been two weeks and the standing desk has not reached me, and I am not happy about how long it has taken. Appreciate it.",ord_25286,free,2026-04-27T01:43:00+00:00,2026-04-29T20:43:00+00:00,delivery_issue,negative,normal,offer_credit,apply_credit,synthetic_generator
evt_01304,tracking_request:04,cust_0440,phone,"Hi there, please share the shipment progress for order 40917. Appreciate it.",ord_62438,enterprise,2026-04-14T20:48:00+00:00,2026-04-15T05:48:00+00:00,tracking_request,neutral,normal,send_tracking_update,send_tracking_update,synthetic_generator
evt_01305,delivery_issue:09,cust_0231,phone,delivery of the wireless keyboard keeps getting rescheduled. Regards.,ord_70970,enterprise,2026-04-13T08:58:00+00:00,2026-04-15T08:58:00+00:00,delivery_issue,neutral,normal,offer_credit,apply_credit,synthetic_generator
evt_01306,ambiguous:07,cust_0401,chat,Hey - the courier says delivered but the replacement charger is not here. Please advise. Thanks.,ord_36189,standard,2026-05-05T10:23:00+00:00,2026-05-08T10:23:00+00:00,delivery_issue,neutral,normal,offer_credit,apply_credit,synthetic_generator
evt_01307,general_question:06,cust_0423,chat,do you ship oder 88214 internationally. pls advise. pls let me know.,ord_28352,free,2026-04-11T02:58:00+00:00,2026-04-13T19:58:00+00:00,general_question,neutral,normal,auto_resolve,knowledge_response,synthetic_generator
evt_01308,tracking_request:02,cust_0138,chat,"Hi, what is the current location of the parcel with the replacement charger. I have had to chase this repeatedly.",ord_53010,enterprise,2026-04-30T13:24:00+00:00,2026-05-03T10:24:00+00:00,tracking_request,negative,normal,send_tracking_update,send_tracking_update,synthetic_generator
evt_01309,refund_request:08,cust_0410,email,Hey - please cancel the wireless keyboard and put teh amount back on my card. pls advise.,ord_92260,standard,2026-05-05T21:56:00+00:00,2026-05-08T13:56:00+00:00,refund_request,neutral,normal,refund_review,refund_review,synthetic_generator
evt_01310,delivery_issue:07,cust_0327,phone,"Hey - Hello, the driver could not find my address for order 88214. Thanks. Appreciate it.",ord_72443,standard,2026-04-12T19:13:00+00:00,2026-04-13T10:13:00+00:00,delivery_issue,neutral,normal,offer_credit,apply_credit,synthetic_generator
evt_01311,general_question:08,cust_0010,phone,Thanks for teh help earlier - how long does oder 40917 usually take to arrive. Please let me know.,ord_90372,free,2026-04-28T04:32:00+00:00,2026-04-29T21:32:00+00:00,general_question,positive,normal,auto_resolve,knowledge_response,synthetic_generator
evt_01312,delivery_issue:00,cust_0721,social,"Hello, Quick question - my order 88214 still has not turned up.",ord_49066,free,2026-05-05T20:17:00+00:00,2026-05-06T14:17:00+00:00,delivery_issue,neutral,normal,offer_credit,apply_credit,synthetic_generator
evt_01313,general_question:10,cust_0085,email,"Hi, what is the difference between the replacement charger and the newer version. Please advise. Please let me know.",ord_75197,enterprise,2026-04-07T20:03:00+00:00,2026-04-07T22:03:00+00:00,general_question,neutral,high,auto_resolve,knowledge_response,synthetic_generator
evt_01314,tracking_request:03,cust_0653,phone,"Hey - Happy with the service overall, just any news on when the annual subscription will get here. Appreciate it.",ord_65346,free,2026-04-29T13:07:00+00:00,2026-04-29T14:07:00+00:00,tracking_request,positive,high,send_tracking_update,send_tracking_update,synthetic_generator
evt_01315,refund_request:03,cust_0591,email,"Hey - I no longer want my monthly plan and expect the amount returned, which is really not good enough. Thanks.",ord_61295,free,2026-05-05T09:52:00+00:00,2026-05-06T03:52:00+00:00,refund_request,negative,normal,refund_review,refund_review,synthetic_generator
evt_01316,delivery_issue:02,cust_0617,chat,"Hi, the annual subscription was meant to arrive on Tuesday and it is still not here, which is really not good enough. Please let me know.",ord_28700,enterprise,2026-04-21T16:51:00+00:00,2026-04-22T17:51:00+00:00,delivery_issue,negative,normal,offer_credit,apply_credit,synthetic_generator
evt_01317,ambiguous:07,cust_0672,email,"Hi, the courier says delivered but the wireless keyboard is not here. At this point I have run out of patience. Regards.",ord_69451,free,2026-04-13T02:48:00+00:00,2026-04-14T11:48:00+00:00,delivery_issue,negative,normal,offer_credit,apply_credit,synthetic_generator
evt_01318,refund_request:01,cust_0193,phone,"Hi, please reverse the charge on oder 40917.",ord_43410,free,2026-05-06T00:24:00+00:00,2026-05-08T20:24:00+00:00,refund_request,neutral,normal,refund_review,refund_review,synthetic_generator
evt_01319,general_question:03,cust_0861,email,is the replacement charger covered by your returns window. Please advise. Please let me know.,ord_51576,standard,2026-04-25T18:29:00+00:00,2026-04-27T08:29:00+00:00,general_question,negative,normal,auto_resolve,knowledge_response,synthetic_generator
evt_01320,ambiguous:00,cust_0818,email,"Hello, order 40917 has not arrived and I am starting to want my money back. No rush at all, you have been helpful. Regards.",ord_71691,free,2026-04-30T18:33:00+00:00,2026-05-01T17:33:00+00:00,delivery_issue,positive,normal,offer_credit,apply_credit,synthetic_generator
evt_01321,delivery_issue:02,cust_0264,email,"Hi, Quick question - the kitchen scale was meant to arrive on Tuesday and it is still not here. Please let me know.",ord_76084,free,2026-04-13T02:48:00+00:00,2026-04-14T22:48:00+00:00,delivery_issue,neutral,normal,offer_credit,apply_credit,synthetic_generator
evt_01322,ambiguous:04,cust_0610,chat,Quick question - what are my options if order 88214 never shows up.,ord_67967,free,2026-04-24T13:39:00+00:00,2026-04-26T10:39:00+00:00,general_question,neutral,normal,auto_resolve,knowledge_response,synthetic_generator
evt_01323,refund_request:00,cust_0429,phone,"Hi, Hello, I would like my money back for the standing desk. Thanks.",ord_46309,enterprise,2026-04-09T09:25:00+00:00,2026-04-10T00:25:00+00:00,refund_request,neutral,normal,refund_review,refund_review,synthetic_generator
evt_01324,delivery_issue:11,cust_0824,email,"Good morning, Hi there, nobody has been able to deliver order 88214 yet. Appreciate it.",ord_19993,free,2026-04-16T01:53:00+00:00,2026-04-16T15:53:00+00:00,delivery_issue,neutral,normal,offer_credit,apply_credit,synthetic_generator
evt_01325,ambiguous:07,cust_0074,phone,"Hey - the courier says delivered but the annual subscription is not here, whenever you get a chance. Regards.",ord_55795,standard,2026-05-03T19:08:00+00:00,2026-05-03T23:08:00+00:00,delivery_issue,neutral,normal,offer_credit,apply_credit,synthetic_generator
evt_01326,complaint:05,cust_0191,chat,"Hello, I am extremely let down by how the replacement charger was managed. I have had to chase this repeatedly. Regards.",ord_36576,standard,2026-04-11T23:53:00+00:00,2026-04-12T07:53:00+00:00,complaint,negative,normal,escalate,create_ticket,synthetic_generator
evt_01327,tracking_request:09,cust_0059,phone,"Hi there, what does the courier say about the standing desk at the moment. Appreciate it.",ord_90754,free,2026-04-13T02:14:00+00:00,2026-04-13T09:14:00+00:00,tracking_request,neutral,normal,send_tracking_update,send_tracking_update,synthetic_generator
evt_01328,refund_request:10,cust_0699,phone,"Good morning, teh parcel with my monthly plan came late and I would rather have teh money, which is really not good enough. Appreciate it.",ord_63886,standard,2026-04-10T01:14:00+00:00,2026-04-12T01:14:00+00:00,refund_request,positive,normal,refund_review,refund_review,synthetic_generator
evt_01329,ambiguous:02,cust_0386,chat,"Hi, Hi there, no idea where my monthly plan is, can someone actually look into this. Regards.",ord_82354,free,2026-05-01T05:43:00+00:00,2026-05-01T20:43:00+00:00,tracking_request,neutral,normal,send_tracking_update,send_tracking_update,synthetic_generator
evt_01330,refund_request:06,cust_0513,email,how do I get my funds returned for the annual subscription. I have had to chase this repeatedly. Thanks.,ord_64075,standard,2026-04-19T04:36:00+00:00,2026-04-21T17:36:00+00:00,refund_request,negative,normal,refund_review,refund_review,synthetic_generator
evt_01331,tracking_request:00,cust_0394,email,"Hello, where is my order 40917 right now. This has been a frustrating experience. Regards.",ord_24640,standard,2026-04-08T04:52:00+00:00,2026-04-08T11:52:00+00:00,tracking_request,negative,normal,send_tracking_update,send_tracking_update,synthetic_generator
evt_01332,delivery_issue:05,cust_0596,email,Hey - it has been two weeks and the blue headphones has not reached me. Please advise.,ord_95130,standard,2026-04-06T23:25:00+00:00,2026-04-08T01:25:00+00:00,delivery_issue,neutral,normal,offer_credit,apply_credit,synthetic_generator
evt_01333,general_question:02,cust_0172,social,"Hello, Hi there, can I change the delivery address for the annual subscription.",ord_95744,free,2026-04-15T02:41:00+00:00,2026-04-16T18:41:00+00:00,general_question,neutral,normal,auto_resolve,knowledge_response,synthetic_generator
evt_01334,general_question:00,cust_0141,email,"Good morning, what is the warranty period on order 40917, whenever you get a chance. Appreciate it.",ord_58265,standard,2026-04-12T06:28:00+00:00,2026-04-14T16:28:00+00:00,general_question,neutral,normal,auto_resolve,knowledge_response,synthetic_generator
evt_01335,refund_request:06,cust_0695,phone,"Hello, how do I get my funds returned for the standing desk. Please advise. Thanks.",ord_44660,enterprise,2026-04-14T01:32:00+00:00,2026-04-15T15:32:00+00:00,refund_request,neutral,normal,refund_review,refund_review,synthetic_generator
evt_01336,general_question:04,cust_0696,email,"Hi there, how do I add the running shoes to an existing order. Thanks.",ord_23709,free,2026-04-21T19:10:00+00:00,2026-04-24T01:10:00+00:00,general_question,neutral,normal,auto_resolve,knowledge_response,synthetic_generator
evt_01337,tracking_request:03,cust_0292,email,"Hello, Quick question - any news on when order 88214 will get here.",ord_48085,standard,2026-04-21T10:36:00+00:00,2026-04-24T09:36:00+00:00,tracking_request,neutral,normal,send_tracking_update,send_tracking_update,synthetic_generator
evt_01338,delivery_issue:02,cust_0485,chat,Hey - the standing desk was meant to arrive on Tuesday and it is still not here. Please advise. Appreciate it.,ord_55713,free,2026-05-04T01:10:00+00:00,2026-05-06T09:10:00+00:00,delivery_issue,neutral,normal,offer_credit,apply_credit,synthetic_generator
evt_01339,delivery_issue:07,cust_0592,chat,"Good morning, the driver could not find my address for the blue headphones, and I am not happy about how long it has taken. Please let me know.",ord_60300,free,2026-04-26T22:05:00+00:00,2026-04-28T17:05:00+00:00,delivery_issue,negative,normal,offer_credit,apply_credit,synthetic_generator
evt_01340,delivery_issue:06,cust_0468,social,"Good morning, Honestly, the order 40917 order missed its promised window. I expected better than this. Please let me know.",ord_69727,free,2026-04-29T08:32:00+00:00,2026-04-30T08:32:00+00:00,delivery_issue,negative,normal,offer_credit,apply_credit,synthetic_generator
evt_01341,tracking_request:08,cust_0027,chat,"Hello, when is the running shoes scheduled to arrive. I have had to chase this repeatedly.",ord_75705,free,2026-04-08T08:28:00+00:00,2026-04-10T02:28:00+00:00,tracking_request,negative,normal,send_tracking_update,send_tracking_update,synthetic_generator
evt_01342,complaint:08,cust_0250,phone,"Hello, your process for the replacement charger has cost me an entire afternoon. This has been a frustrating experience. Regards.",ord_38104,standard,2026-04-17T12:18:00+00:00,2026-04-20T09:18:00+00:00,complaint,negative,normal,escalate,create_ticket,synthetic_generator
evt_01343,delivery_issue:12,cust_0501,email,"the estimated date for the kitchen scale has passed with no update, which is really not good enough.",ord_23493,standard,2026-04-29T19:44:00+00:00,2026-04-30T03:44:00+00:00,delivery_issue,negative,normal,offer_credit,apply_credit,synthetic_generator
evt_01344,tracking_request:12,cust_0060,chat,This is disappointing - can you confirm the expected date for my monthly plan. Thanks.,ord_30119,standard,2026-05-01T01:39:00+00:00,2026-05-01T03:39:00+00:00,tracking_request,negative,high,escalate,create_ticket,synthetic_generator
evt_01345,tracking_request:01,cust_0468,phone,"Hey - Hello, can I get a status update on teh annual subscription. Thanks. Regards.",ord_26304,standard,2026-04-27T20:26:00+00:00,2026-04-28T22:26:00+00:00,tracking_request,neutral,normal,send_tracking_update,send_tracking_update,synthetic_generator
evt_01346,ambiguous:03,cust_0577,phone,still waiting on the wireless keyboard and still nobody has explained why. Please advise. Appreciate it.,ord_18488,free,2026-04-29T03:24:00+00:00,2026-04-29T12:24:00+00:00,complaint,neutral,normal,escalate,create_ticket,synthetic_generator
evt_01347,general_question:06,cust_0362,social,Hey - do you ship teh wireless keyboard internationally. pls advise. Thanks.,ord_64727,free,2026-04-07T00:29:00+00:00,2026-04-07T07:29:00+00:00,general_question,neutral,normal,auto_resolve,knowledge_response,synthetic_generator
evt_01348,refund_request:12,cust_0802,social,"Hi, This is disappointing - I want to send the replacement charger back for a credit to my account. Please let me know.",ord_82849,standard,2026-04-08T06:44:00+00:00,2026-04-10T05:44:00+00:00,refund_request,negative,normal,refund_review,refund_review,synthetic_generator
evt_01349,delivery_issue:05,cust_0078,email,Hey - it has been two weeks and the kitchen scale has not reached me. Regards.,ord_82702,standard,2026-04-22T23:08:00+00:00,2026-04-23T14:08:00+00:00,delivery_issue,neutral,normal,offer_credit,apply_credit,synthetic_generator
evt_01350,delivery_issue:09,cust_0242,phone,"Good morning, Quick question - delivery of the annual subscription keeps getting rescheduled. Regards.",ord_53357,free,2026-04-16T17:05:00+00:00,2026-04-16T18:05:00+00:00,delivery_issue,neutral,high,offer_credit,apply_credit,synthetic_generator
evt_01351,complaint:01,cust_0232,social,"Good morning, the service around the wireless keyboard has been genuinely poor. This has been a frustrating experience. Please let me know.",ord_52701,enterprise,2026-04-11T08:12:00+00:00,2026-04-12T04:12:00+00:00,complaint,negative,normal,escalate,create_ticket,synthetic_generator
evt_01352,complaint:05,cust_0438,email,"Hello, This is disappointing - I am extremely let down by how the wireless keyboard was managed.",ord_44553,standard,2026-04-12T04:54:00+00:00,2026-04-14T14:54:00+00:00,complaint,negative,normal,escalate,create_ticket,synthetic_generator
evt_01353,ambiguous:00,cust_0837,social,Hey - my monthly plan has not arrived and I am starting to want my money back. This has been a frustrating experience. Regards.,ord_15624,free,2026-04-09T13:31:00+00:00,2026-04-09T20:31:00+00:00,delivery_issue,negative,normal,offer_credit,apply_credit,synthetic_generator
evt_01354,delivery_issue:01,cust_0323,chat,"Hello, the parcel with order 88214 is running behind schedule. Please advise. Please let me know.",ord_94481,standard,2026-04-11T06:30:00+00:00,2026-04-12T23:30:00+00:00,delivery_issue,neutral,normal,offer_credit,apply_credit,synthetic_generator
evt_01355,complaint:01,cust_0562,email,Hey - teh service around teh annual subscription has been genuinely poor. This has been a frustrating experience. Thanks.,ord_11734,free,2026-04-18T22:54:00+00:00,2026-04-20T06:54:00+00:00,complaint,negative,normal,escalate,create_ticket,synthetic_generator
evt_01356,ambiguous:00,cust_0322,phone,"Good morning, order 88214 has not arrived and I am starting to want my money back. I have had to chase this repeatedly. Regards.",ord_71819,free,2026-04-30T16:46:00+00:00,2026-05-02T16:46:00+00:00,delivery_issue,negative,normal,offer_credit,apply_credit,synthetic_generator
evt_01357,delivery_issue:09,cust_0806,social,"Hi, Hello, delivery of the annual subscription keeps getting rescheduled. Thanks. Regards.",ord_70318,free,2026-04-14T23:49:00+00:00,2026-04-16T09:49:00+00:00,delivery_issue,neutral,normal,offer_credit,apply_credit,synthetic_generator
evt_01358,delivery_issue:12,cust_0845,phone,"Good morning, the estimated date for the replacement charger has passed with no update.",ord_68721,free,2026-04-07T10:15:00+00:00,2026-04-09T19:15:00+00:00,delivery_issue,neutral,normal,offer_credit,apply_credit,synthetic_generator
evt_01359,tracking_request:02,cust_0455,phone,what is the current location of the parcel with the blue headphones. Really appreciate the quick responses previously.,ord_56708,free,2026-04-21T21:25:00+00:00,2026-04-23T09:25:00+00:00,tracking_request,positive,normal,send_tracking_update,send_tracking_update,synthetic_generator
evt_01360,refund_request:10,cust_0395,phone,Hey - the parcel with the replacement charger came late and I would rather have the money. Thanks.,ord_61761,enterprise,2026-04-24T02:14:00+00:00,2026-04-24T07:14:00+00:00,refund_request,neutral,high,refund_review,refund_review,synthetic_generator
evt_01361,refund_request:09,cust_0235,email,"Hi, I am returning the standing desk, what happens with the payment. Please advise. Appreciate it.",ord_78403,enterprise,2026-04-09T16:25:00+00:00,2026-04-12T12:25:00+00:00,refund_request,neutral,normal,refund_review,refund_review,synthetic_generator
evt_01362,delivery_issue:09,cust_0234,social,"Hello, delivery of the blue headphones keeps getting rescheduled. Really appreciate the quick responses previously. Appreciate it.",ord_89083,standard,2026-04-10T22:48:00+00:00,2026-04-12T06:48:00+00:00,delivery_issue,positive,normal,offer_credit,apply_credit,synthetic_generator
evt_01363,delivery_issue:08,cust_0734,chat,"Hi, the standing desk was returned to sender without anyone contacting me. This has been a frustrating experience. Regards.",ord_30948,standard,2026-05-05T08:06:00+00:00,2026-05-08T01:06:00+00:00,delivery_issue,negative,normal,offer_credit,apply_credit,synthetic_generator
evt_01364,tracking_request:11,cust_0333,email,Hey - This is disappointing - how far along is the delivery of my monthly plan.,ord_64284,standard,2026-04-23T10:28:00+00:00,2026-04-25T19:28:00+00:00,tracking_request,positive,normal,send_tracking_update,send_tracking_update,synthetic_generator
evt_01365,delivery_issue:09,cust_0236,social,Hey - delivery of the annual subscription keeps getting rescheduled. I have had to chase this repeatedly. Thanks.,ord_64876,standard,2026-05-05T09:17:00+00:00,2026-05-07T20:17:00+00:00,delivery_issue,negative,normal,offer_credit,apply_credit,synthetic_generator
evt_01366,refund_request:13,cust_0229,chat,"Hi, Hello, raise a return for the standing desk and refund me please. Thanks. Thanks.",ord_13179,enterprise,2026-04-14T23:11:00+00:00,2026-04-15T02:11:00+00:00,refund_request,neutral,high,refund_review,refund_review,synthetic_generator
evt_01367,tracking_request:13,cust_0466,email,"Hi, looking for an update on where the kitchen scale has got to. Appreciate it.",ord_82083,free,2026-04-19T11:11:00+00:00,2026-04-21T04:11:00+00:00,tracking_request,neutral,normal,send_tracking_update,send_tracking_update,synthetic_generator
evt_01368,tracking_request:05,cust_0539,phone,"Hi, I want to follow the journey of my my monthly plan. Please advise. Appreciate it.",ord_53345,standard,2026-04-25T01:11:00+00:00,2026-04-25T16:11:00+00:00,tracking_request,neutral,normal,send_tracking_update,send_tracking_update,synthetic_generator
evt_01369,tracking_request:04,cust_0243,phone,"Hi, please share the shipment progress for order 88214. I have had to chase this repeatedly. Appreciate it.",ord_51555,standard,2026-04-10T16:34:00+00:00,2026-04-13T03:34:00+00:00,tracking_request,negative,normal,send_tracking_update,send_tracking_update,synthetic_generator
evt_01370,ambiguous:03,cust_0646,email,"Good morning, This is disappointing - still waiting on order 88214 and still nobody has explained why.",ord_34009,standard,2026-04-26T07:34:00+00:00,2026-04-28T20:34:00+00:00,complaint,negative,normal,escalate,create_ticket,synthetic_generator
evt_01371,ambiguous:07,cust_0110,social,This is disappointing - the courier says delivered but the blue headphones is not here. Please let me know.,ord_54100,standard,2026-05-02T05:03:00+00:00,2026-05-04T06:03:00+00:00,delivery_issue,negative,normal,offer_credit,apply_credit,synthetic_generator
evt_01372,general_question:11,cust_0696,chat,"Hey - do I need an account to buy order 88214, whenever you get a chance.",ord_76648,enterprise,2026-04-18T15:21:00+00:00,2026-04-20T04:21:00+00:00,general_question,neutral,normal,auto_resolve,knowledge_response,synthetic_generator
evt_01373,general_question:10,cust_0097,phone,"Hi, what is teh difference between teh blue headphones and teh newer version, whenever you get a chance. Please let me know.",ord_37184,standard,2026-04-07T15:01:00+00:00,2026-04-08T18:01:00+00:00,general_question,neutral,normal,auto_resolve,knowledge_response,synthetic_generator
evt_01374,complaint:12,cust_0187,social,Hey - I keep being promised callbacks about the replacement charger that never happen. I have had to chase this repeatedly. Thanks.,ord_71476,standard,2026-04-22T13:47:00+00:00,2026-04-24T04:47:00+00:00,complaint,negative,normal,escalate,create_ticket,synthetic_generator
evt_01375,tracking_request:13,cust_0276,social,"Good morning, looking for an update on where my monthly plan has got to. At this point I have run out of patience. Regards.",ord_84612,free,2026-04-14T00:36:00+00:00,2026-04-15T07:36:00+00:00,tracking_request,negative,normal,send_tracking_update,send_tracking_update,synthetic_generator
evt_01376,complaint:12,cust_0792,phone,I keep being promised callbacks about the kitchen scale that never happen. At this point I have run out of patience. Appreciate it.,ord_91010,standard,2026-04-08T10:55:00+00:00,2026-04-08T14:55:00+00:00,complaint,negative,normal,escalate,create_ticket,synthetic_generator
evt_01377,general_question:08,cust_0075,social,"Hello, how long does the standing desk usually take to arrive. Please advise. Appreciate it.",ord_60014,free,2026-04-22T05:57:00+00:00,2026-04-23T16:57:00+00:00,general_question,neutral,normal,auto_resolve,knowledge_response,synthetic_generator
evt_01378,refund_request:04,cust_0495,chat,"Hi, requesting reimbursement for the running shoes. Your team has been great so far, thank you. Appreciate it.",ord_99367,standard,2026-04-16T21:16:00+00:00,2026-04-18T14:16:00+00:00,refund_request,positive,normal,refund_review,refund_review,synthetic_generator
evt_01379,complaint:06,cust_0323,social,"Hello, every person I speak to about teh running shoes tells me something different. I have had to chase this repeatedly. Please let me know.",ord_86064,standard,2026-04-28T14:17:00+00:00,2026-05-01T10:17:00+00:00,complaint,negative,normal,escalate,create_ticket,synthetic_generator
evt_01380,general_question:07,cust_0175,email,"Good morning, Quick question - is there a student discount available on the annual subscription.",ord_36383,standard,2026-05-01T00:56:00+00:00,2026-05-02T00:56:00+00:00,general_question,neutral,normal,auto_resolve,knowledge_response,synthetic_generator
evt_01381,refund_request:09,cust_0501,email,"Honestly, I am returning the wireless keyboard, what happens with the payment. I expected better than this. Thanks.",ord_88351,standard,2026-04-17T20:54:00+00:00,2026-04-19T02:54:00+00:00,refund_request,negative,normal,refund_review,refund_review,synthetic_generator
evt_01382,complaint:08,cust_0303,social,"your process for order 88214 has cost me an entire afternoon, and I am not happy about how long it has taken. Appreciate it.",ord_31917,standard,2026-04-23T15:38:00+00:00,2026-04-23T19:38:00+00:00,complaint,negative,normal,escalate,create_ticket,synthetic_generator
evt_01383,delivery_issue:10,cust_0651,social,"Hey - the tracking for the kitchen scale has not moved in five days, which is really not good enough. Please let me know.",ord_42800,standard,2026-05-03T14:52:00+00:00,2026-05-05T14:52:00+00:00,delivery_issue,neutral,normal,offer_credit,apply_credit,synthetic_generator
evt_01384,delivery_issue:12,cust_0077,chat,"Good morning, the estimated date for the standing desk has passed with no update, and I am not happy about how long it has taken. Thanks.",ord_36211,standard,2026-05-06T04:59:00+00:00,2026-05-06T06:59:00+00:00,delivery_issue,negative,high,escalate,create_ticket,synthetic_generator
evt_01385,general_question:05,cust_0394,social,"Hi there, what payment methods work for the blue headphones. Please let me know.",ord_52619,free,2026-04-13T08:51:00+00:00,2026-04-15T02:51:00+00:00,general_question,neutral,normal,auto_resolve,knowledge_response,synthetic_generator
evt_01386,delivery_issue:10,cust_0427,social,"Hey - Hello, the tracking for the replacement charger has not moved in five days. Thanks. Regards.",ord_12821,free,2026-04-26T02:31:00+00:00,2026-04-26T23:31:00+00:00,delivery_issue,neutral,normal,offer_credit,apply_credit,synthetic_generator
evt_01387,delivery_issue:10,cust_0657,phone,"Hi, the tracking for order 88214 has not moved in five days. At this point I have run out of patience. Thanks.",ord_63390,standard,2026-04-25T14:15:00+00:00,2026-04-25T21:15:00+00:00,delivery_issue,negative,normal,offer_credit,apply_credit,synthetic_generator
evt_01388,tracking_request:01,cust_0526,phone,Hey - can I get a status update on the blue headphones. I have had to chase this repeatedly. Regards.,ord_12126,free,2026-04-16T19:06:00+00:00,2026-04-17T20:06:00+00:00,tracking_request,negative,normal,send_tracking_update,send_tracking_update,synthetic_generator
evt_01389,general_question:07,cust_0058,chat,Hey - Quick question - is there a student discount available on teh standing desk. Regards.,ord_27155,standard,2026-04-08T15:07:00+00:00,2026-04-08T22:07:00+00:00,general_question,neutral,normal,auto_resolve,knowledge_response,synthetic_generator
evt_01390,refund_request:12,cust_0709,chat,Hey - I want to send the replacement charger back for a credit to my account. At this point I have run out of patience. pls let me know.,ord_67833,free,2026-04-15T04:16:00+00:00,2026-04-17T16:16:00+00:00,refund_request,negative,normal,refund_review,refund_review,synthetic_generator
evt_01391,complaint:09,cust_0860,social,"Hey - Honestly, no one has taken ownership of the problem with order 40917. I expected better than this.",ord_40205,free,2026-05-05T06:45:00+00:00,2026-05-05T10:45:00+00:00,complaint,negative,normal,escalate,create_ticket,synthetic_generator
evt_01392,complaint:04,cust_0527,email,"Hi, the handling of the running shoes has been unacceptable, which is really not good enough. Please let me know.",ord_59900,standard,2026-04-24T04:36:00+00:00,2026-04-26T19:36:00+00:00,complaint,negative,normal,escalate,create_ticket,synthetic_generator
evt_01393,complaint:04,cust_0614,email,"Hey - the handling of the blue headphones has been unacceptable, and I am not happy about how long it has taken. Regards.",ord_88278,enterprise,2026-05-01T15:51:00+00:00,2026-05-02T19:51:00+00:00,complaint,negative,normal,escalate,create_ticket,synthetic_generator
evt_01394,general_question:01,cust_0342,chat,"Good morning, does the annual subscription come in other sizes. Regards.",ord_63276,enterprise,2026-04-25T03:32:00+00:00,2026-04-27T12:32:00+00:00,general_question,negative,normal,auto_resolve,knowledge_response,synthetic_generator
evt_01395,delivery_issue:13,cust_0126,social,"Good morning, Quick question - my order containing my monthly plan appears to be lost in transit. Thanks.",ord_33398,standard,2026-04-06T12:36:00+00:00,2026-04-09T01:36:00+00:00,delivery_issue,negative,normal,offer_credit,apply_credit,synthetic_generator
evt_01396,delivery_issue:10,cust_0229,social,"Good morning, the tracking for the replacement charger has not moved in five days. Thanks.",ord_28385,enterprise,2026-04-14T22:16:00+00:00,2026-04-15T01:16:00+00:00,delivery_issue,neutral,high,offer_credit,apply_credit,synthetic_generator
evt_01397,complaint:06,cust_0582,chat,"Good morning, every person I speak to about the wireless keyboard tells me something different. Please let me know.",ord_86736,standard,2026-04-12T14:21:00+00:00,2026-04-12T18:21:00+00:00,complaint,neutral,normal,escalate,create_ticket,synthetic_generator
evt_01398,complaint:11,cust_0570,phone,"Good morning, Hello, the way the kitchen scale was dealt with reflects badly on your company. Thanks. Regards.",ord_55504,standard,2026-04-29T12:28:00+00:00,2026-04-30T04:28:00+00:00,complaint,neutral,normal,escalate,create_ticket,synthetic_generator
evt_01399,tracking_request:01,cust_0847,chat,"Hi there, can I get a status update on the kitchen scale. Thanks.",ord_35467,free,2026-04-17T21:19:00+00:00,2026-04-19T23:19:00+00:00,tracking_request,neutral,normal,send_tracking_update,send_tracking_update,synthetic_generator
evt_01400,general_question:02,cust_0250,social,Hey - Quick question - can I change the delivery address for my monthly plan. Regards.,ord_54540,free,2026-04-16T10:14:00+00:00,2026-04-17T03:14:00+00:00,general_question,negative,normal,auto_resolve,knowledge_response,synthetic_generator
evt_01401,general_question:04,cust_0174,social,"Hi, how do I add the wireless keyboard to an existing order. Please advise. Appreciate it.",ord_89371,free,2026-04-27T05:29:00+00:00,2026-04-29T03:29:00+00:00,general_question,neutral,normal,auto_resolve,knowledge_response,synthetic_generator
evt_01402,tracking_request:13,cust_0051,phone,"Hi, looking for an update on where the standing desk has got to. I have had to chase this repeatedly. Thanks.",ord_92311,free,2026-04-10T14:16:00+00:00,2026-04-11T09:16:00+00:00,tracking_request,positive,normal,send_tracking_update,send_tracking_update,synthetic_generator
evt_01403,complaint:08,cust_0308,chat,"Hey - your process for the replacement charger has cost me an entire afternoon, whenever you get a chance.",ord_33407,free,2026-04-09T07:33:00+00:00,2026-04-10T11:33:00+00:00,complaint,neutral,normal,escalate,create_ticket,synthetic_generator
evt_01404,refund_request:05,cust_0056,email,"Hey - the order 88214 arrived damaged so I want compensation for it, whenever you get a chance.",ord_26494,standard,2026-05-05T16:04:00+00:00,2026-05-08T02:04:00+00:00,refund_request,neutral,normal,refund_review,refund_review,synthetic_generator
evt_01405,ambiguous:00,cust_0491,chat,"Hey - the blue headphones has not arrived and I am starting to want my money back, whenever you get a chance. Thanks.",ord_59252,free,2026-05-06T03:42:00+00:00,2026-05-08T03:42:00+00:00,delivery_issue,neutral,normal,offer_credit,apply_credit,synthetic_generator
evt_01406,refund_request:02,cust_0590,phone,"Hey - Hi there, can you send this the replacement charger back and return the payment. Thanks.",ord_28240,standard,2026-04-11T13:40:00+00:00,2026-04-12T12:40:00+00:00,refund_request,neutral,normal,refund_review,refund_review,synthetic_generator
evt_01407,tracking_request:12,cust_0140,email,"Hello, Quick question - can you confirm the expected date for my monthly plan. Regards.",ord_35014,standard,2026-04-29T07:34:00+00:00,2026-04-29T23:34:00+00:00,tracking_request,neutral,normal,send_tracking_update,send_tracking_update,synthetic_generator
evt_01408,tracking_request:00,cust_0883,chat,"Hello, where is my the standing desk right now. Please let me know.",ord_34814,enterprise,2026-04-30T00:56:00+00:00,2026-04-30T01:56:00+00:00,tracking_request,neutral,high,send_tracking_update,send_tracking_update,synthetic_generator
evt_01409,ambiguous:01,cust_0610,social,"Hi, Hello, if the blue headphones cannot get here this week I would rather be refunded. Thanks. Regards.",ord_58739,standard,2026-04-12T22:33:00+00:00,2026-04-14T03:33:00+00:00,refund_request,neutral,normal,refund_review,refund_review,synthetic_generator
evt_01410,delivery_issue:10,cust_0440,email,"Hi, the tracking for my monthly plan has not moved in five days. Appreciate it.",ord_32598,enterprise,2026-04-29T21:29:00+00:00,2026-05-02T14:29:00+00:00,delivery_issue,neutral,normal,offer_credit,apply_credit,synthetic_generator
evt_01411,general_question:08,cust_0463,chat,Hey - how long does the standing desk usually take to arrive. Really appreciate the quick responses previously. Please let me know.,ord_54204,free,2026-04-15T19:10:00+00:00,2026-04-17T06:10:00+00:00,general_question,positive,normal,auto_resolve,knowledge_response,synthetic_generator
evt_01412,complaint:10,cust_0706,phone,"I have received three contradictory answers about the blue headphones, and I am not happy about how long it has taken. Regards.",ord_67630,free,2026-05-01T18:47:00+00:00,2026-05-04T15:47:00+00:00,complaint,negative,normal,escalate,create_ticket,synthetic_generator
evt_01413,delivery_issue:06,cust_0360,chat,"Good morning, Happy with the service overall, just the order 40917 order missed its promised window. Please let me know.",ord_27420,standard,2026-04-15T10:02:00+00:00,2026-04-16T17:02:00+00:00,delivery_issue,positive,normal,offer_credit,apply_credit,synthetic_generator
evt_01414,ambiguous:06,cust_0395,phone,"Good morning, I have given up waiting for order 40917, just close it out for me.",ord_63063,free,2026-05-05T22:34:00+00:00,2026-05-06T03:34:00+00:00,refund_request,neutral,normal,refund_review,refund_review,synthetic_generator
evt_01415,delivery_issue:12,cust_0142,chat,"Hi, the estimated date for order 88214 has passed with no update, which is really not good enough.",ord_49755,enterprise,2026-04-09T11:22:00+00:00,2026-04-10T16:22:00+00:00,delivery_issue,negative,normal,offer_credit,apply_credit,synthetic_generator
evt_01416,complaint:04,cust_0418,social,"Good morning, the handling of the wireless keyboard has been unacceptable. Regards.",ord_97765,free,2026-04-22T06:00:00+00:00,2026-04-22T10:00:00+00:00,complaint,neutral,normal,escalate,create_ticket,synthetic_generator
evt_01417,delivery_issue:08,cust_0276,chat,"Hey - Hello, the replacement charger was returned to sender without anyone contacting me. Thanks. Appreciate it.",ord_46022,enterprise,2026-04-22T04:57:00+00:00,2026-04-23T07:57:00+00:00,delivery_issue,neutral,normal,offer_credit,apply_credit,synthetic_generator
evt_01418,complaint:00,cust_0282,chat,Hey - This is disappointing - this is the third time I have written about the annual subscription and nobody replies.,ord_90389,enterprise,2026-04-17T09:36:00+00:00,2026-04-19T23:36:00+00:00,complaint,negative,normal,escalate,create_ticket,synthetic_generator
evt_01419,complaint:03,cust_0023,email,nobody in your team seems to take the standing desk seriously. I have had to chase this repeatedly. Please let me know.,ord_87072,enterprise,2026-04-08T13:42:00+00:00,2026-04-11T00:42:00+00:00,complaint,negative,normal,escalate,create_ticket,synthetic_generator
evt_01420,tracking_request:13,cust_0327,social,"Hi, looking for an update on where the replacement charger has got to. Regards.",ord_32349,enterprise,2026-04-14T03:48:00+00:00,2026-04-15T00:48:00+00:00,tracking_request,neutral,normal,send_tracking_update,send_tracking_update,synthetic_generator
evt_01421,refund_request:05,cust_0732,phone,the the running shoes arrived damaged so I want compensation for it. Please advise. Thanks.,ord_66192,standard,2026-04-11T21:02:00+00:00,2026-04-14T12:02:00+00:00,refund_request,neutral,normal,refund_review,refund_review,synthetic_generator
evt_01422,tracking_request:09,cust_0615,chat,"Hello, what does the courier say about the standing desk at the moment, whenever you get a chance. Thanks.",ord_54193,free,2026-04-29T13:04:00+00:00,2026-04-30T01:04:00+00:00,tracking_request,neutral,normal,send_tracking_update,send_tracking_update,synthetic_generator
evt_01423,complaint:09,cust_0207,chat,"Hello, no one has taken ownership of the problem with my monthly plan, and I am not happy about how long it has taken.",ord_65145,standard,2026-04-09T14:08:00+00:00,2026-04-09T18:08:00+00:00,complaint,negative,normal,escalate,create_ticket,synthetic_generator
evt_01424,delivery_issue:00,cust_0201,phone,Hey - This is disappointing - my the wireless keyboard still has not turned up. Thanks.,ord_43331,standard,2026-05-01T08:33:00+00:00,2026-05-02T10:33:00+00:00,delivery_issue,positive,normal,offer_credit,apply_credit,synthetic_generator
evt_01425,complaint:04,cust_0409,social,"Good morning, Quick question - the handling of my monthly plan has been unacceptable. Regards.",ord_10377,standard,2026-04-19T22:09:00+00:00,2026-04-21T10:09:00+00:00,complaint,neutral,normal,escalate,create_ticket,synthetic_generator
evt_01426,complaint:06,cust_0441,email,Hey - every person I speak to about the replacement charger tells me something different. This has been a frustrating experience.,ord_86115,enterprise,2026-05-02T06:09:00+00:00,2026-05-03T23:09:00+00:00,complaint,negative,normal,escalate,create_ticket,synthetic_generator
evt_01427,delivery_issue:04,cust_0147,social,"Honestly, shipment containing my monthly plan seems stuck at the depot. I expected better than this.",ord_21197,free,2026-04-27T16:31:00+00:00,2026-04-30T05:31:00+00:00,delivery_issue,negative,normal,offer_credit,apply_credit,synthetic_generator
evt_01428,complaint:11,cust_0238,chat,the way the annual subscription was dealt with reflects badly on your company. I have had to chase this repeatedly. Please let me know.,ord_19469,free,2026-04-22T08:48:00+00:00,2026-04-23T19:48:00+00:00,complaint,negative,normal,escalate,create_ticket,synthetic_generator
evt_01429,refund_request:12,cust_0314,phone,"Hi, Honestly, I want to send the blue headphones back for a credit to my account. I expected better than this. Appreciate it.",ord_45307,standard,2026-04-19T08:08:00+00:00,2026-04-22T01:08:00+00:00,refund_request,negative,normal,refund_review,refund_review,synthetic_generator
evt_01430,complaint:12,cust_0661,social,"Good morning, I keep being promised callbacks about my monthly plan that never happen. This has been a frustrating experience. Please let me know.",ord_63243,standard,2026-05-03T08:55:00+00:00,2026-05-04T03:55:00+00:00,complaint,negative,normal,escalate,create_ticket,synthetic_generator
evt_01431,general_question:01,cust_0743,social,"does the annual subscription come in other sizes. Your team has been great so far, thank you. Please let me know.",ord_12275,standard,2026-04-19T20:07:00+00:00,2026-04-21T17:07:00+00:00,general_question,positive,normal,auto_resolve,knowledge_response,synthetic_generator
evt_01432,delivery_issue:13,cust_0203,phone,"Hey - Honestly, my order containing the wireless keyboard appears to be lost in transit. I expected better than this.",ord_43203,enterprise,2026-04-20T03:54:00+00:00,2026-04-22T09:54:00+00:00,delivery_issue,negative,normal,offer_credit,apply_credit,synthetic_generator
evt_01433,ambiguous:00,cust_0520,social,"Hey - my monthly plan has not arrived and I am starting to want my money back. Your team has been great so far, thank you. Please let me know.",ord_82293,enterprise,2026-04-21T13:39:00+00:00,2026-04-24T06:39:00+00:00,delivery_issue,positive,normal,offer_credit,apply_credit,synthetic_generator
evt_01434,delivery_issue:08,cust_0472,phone,"Hey - Hi there, order 40917 was returned to sender without anyone contacting me. Appreciate it.",ord_69047,free,2026-04-26T20:12:00+00:00,2026-04-28T02:12:00+00:00,delivery_issue,neutral,normal,offer_credit,apply_credit,synthetic_generator
evt_01435,delivery_issue:00,cust_0526,chat,"Hi, Hi there, my the annual subscription still has not turned up. Appreciate it.",ord_16708,free,2026-04-06T09:19:00+00:00,2026-04-09T08:19:00+00:00,delivery_issue,positive,normal,offer_credit,apply_credit,synthetic_generator
evt_01436,tracking_request:00,cust_0451,phone,"Good morning, where is my the standing desk right now. I have had to chase this repeatedly. Regards.",ord_12993,free,2026-04-16T01:46:00+00:00,2026-04-18T20:46:00+00:00,tracking_request,negative,normal,send_tracking_update,send_tracking_update,synthetic_generator
evt_01437,delivery_issue:08,cust_0222,social,"Good morning, the wireless keyboard was returned to sender without anyone contacting me.",ord_94545,standard,2026-04-09T08:24:00+00:00,2026-04-11T12:24:00+00:00,delivery_issue,neutral,normal,offer_credit,apply_credit,synthetic_generator
evt_01438,complaint:11,cust_0723,email,"Hello, This is disappointing - the way the kitchen scale was dealt with reflects badly on your company. Please let me know.",ord_88034,free,2026-05-01T02:09:00+00:00,2026-05-02T09:09:00+00:00,complaint,negative,normal,escalate,create_ticket,synthetic_generator
evt_01439,ambiguous:03,cust_0522,chat,Hey - Quick question - still waiting on teh annual subscription and still nobody has explained why. Please let me know.,ord_75623,standard,2026-04-19T01:03:00+00:00,2026-04-19T20:03:00+00:00,complaint,neutral,normal,escalate,create_ticket,synthetic_generator
evt_01440,complaint:12,cust_0876,chat,"Good morning, I keep being promised callbacks about the blue headphones that never happen, and I am not happy about how long it has taken. Thanks.",ord_26738,free,2026-04-19T13:14:00+00:00,2026-04-20T14:14:00+00:00,complaint,negative,normal,escalate,create_ticket,synthetic_generator
evt_01441,delivery_issue:12,cust_0245,social,"Good morning, the estimated date for order 40917 has passed with no update. At this point I have run out of patience. Please let me know.",ord_45529,enterprise,2026-04-25T10:03:00+00:00,2026-04-27T09:03:00+00:00,delivery_issue,negative,normal,offer_credit,apply_credit,synthetic_generator
evt_01442,delivery_issue:05,cust_0285,social,"it has been two weeks and teh running shoes has not reached me, and I am not happy about how long it has taken.",ord_78853,standard,2026-04-10T04:22:00+00:00,2026-04-11T19:22:00+00:00,delivery_issue,negative,normal,offer_credit,apply_credit,synthetic_generator
evt_01443,refund_request:06,cust_0531,chat,"Hello, how do I get my funds returned for the running shoes, whenever you get a chance.",ord_59880,standard,2026-04-14T21:33:00+00:00,2026-04-17T12:33:00+00:00,refund_request,neutral,normal,refund_review,refund_review,synthetic_generator
evt_01444,general_question:07,cust_0471,phone,"Hi there, is there a student discount available on the standing desk. Thanks.",ord_49303,free,2026-04-12T14:03:00+00:00,2026-04-15T13:03:00+00:00,general_question,neutral,normal,auto_resolve,knowledge_response,synthetic_generator
evt_01445,refund_request:04,cust_0869,chat,"Hi, requesting reimbursement for the replacement charger, whenever you get a chance.",ord_26930,standard,2026-04-21T06:58:00+00:00,2026-04-23T05:58:00+00:00,refund_request,neutral,normal,refund_review,refund_review,synthetic_generator
evt_01446,tracking_request:07,cust_0757,chat,Hey - is there a reference number I can use to watch order 88214. Please advise. Thanks.,ord_79174,enterprise,2026-04-10T18:45:00+00:00,2026-04-13T09:45:00+00:00,tracking_request,neutral,normal,send_tracking_update,send_tracking_update,synthetic_generator
evt_01447,tracking_request:08,cust_0893,email,"Hello, when is the wireless keyboard scheduled to arrive. Really appreciate the quick responses previously. Regards.",ord_11652,free,2026-05-05T06:08:00+00:00,2026-05-05T12:08:00+00:00,tracking_request,positive,normal,send_tracking_update,send_tracking_update,synthetic_generator
evt_01448,general_question:01,cust_0196,social,"Hello, does order 40917 come in other sizes, whenever you get a chance. Please let me know.",ord_20187,free,2026-04-26T00:24:00+00:00,2026-04-28T18:24:00+00:00,general_question,neutral,normal,auto_resolve,knowledge_response,synthetic_generator
evt_01449,general_question:03,cust_0016,chat,"Good morning, is my monthly plan covered by your returns window, whenever you get a chance.",ord_64446,free,2026-04-11T20:34:00+00:00,2026-04-13T03:34:00+00:00,general_question,neutral,normal,auto_resolve,knowledge_response,synthetic_generator
evt_01450,complaint:08,cust_0163,social,"Hello, your process for the replacement charger has cost me an entire afternoon, which is really not good enough. Appreciate it.",ord_24177,enterprise,2026-04-07T07:09:00+00:00,2026-04-10T05:09:00+00:00,complaint,negative,normal,escalate,create_ticket,synthetic_generator
evt_01451,delivery_issue:02,cust_0894,social,"Hi, the annual subscription was meant to arrive on Tuesday and it is still not here. I have had to chase this repeatedly. Regards.",ord_80665,free,2026-04-19T21:45:00+00:00,2026-04-21T16:45:00+00:00,delivery_issue,negative,normal,offer_credit,apply_credit,synthetic_generator
evt_01452,complaint:00,cust_0080,email,"this is the third time I have written about the replacement charger and nobody replies, whenever you get a chance. Regards.",ord_92758,free,2026-04-17T04:18:00+00:00,2026-04-19T15:18:00+00:00,complaint,neutral,normal,escalate,create_ticket,synthetic_generator
evt_01453,ambiguous:06,cust_0437,phone,"Hello, I have given up waiting for the annual subscription, just close it out for me, whenever you get a chance. Regards.",ord_58748,enterprise,2026-04-15T06:54:00+00:00,2026-04-16T13:54:00+00:00,refund_request,neutral,normal,refund_review,refund_review,synthetic_generator
evt_01454,tracking_request:12,cust_0426,email,"Hello, Honestly, can you confirm the expected date for my monthly plan. I expected better than this. Regards.",ord_80078,enterprise,2026-04-15T14:28:00+00:00,2026-04-17T07:28:00+00:00,tracking_request,negative,normal,send_tracking_update,send_tracking_update,synthetic_generator
evt_01455,general_question:11,cust_0419,phone,Hey - do I need an account to buy the running shoes. Thanks.,ord_17788,standard,2026-04-06T13:43:00+00:00,2026-04-08T19:43:00+00:00,general_question,neutral,normal,auto_resolve,knowledge_response,synthetic_generator
evt_01456,refund_request:05,cust_0391,social,"Hi, the order 88214 arrived damaged so I want compensation for it, whenever you get a chance.",ord_62584,free,2026-05-03T21:04:00+00:00,2026-05-04T20:04:00+00:00,refund_request,neutral,normal,refund_review,refund_review,synthetic_generator
evt_01457,complaint:04,cust_0878,phone,"Hi, Honestly, the handling of order 88214 has been unacceptable. I expected better than this. Thanks.",ord_77344,free,2026-04-19T18:57:00+00:00,2026-04-20T14:57:00+00:00,complaint,negative,normal,escalate,create_ticket,synthetic_generator
evt_01458,ambiguous:05,cust_0315,social,"Hello, This is disappointing - this is the second delivery of the blue headphones you have got wrong. Thanks.",ord_90212,standard,2026-04-30T10:34:00+00:00,2026-05-03T05:34:00+00:00,complaint,negative,normal,escalate,create_ticket,synthetic_generator
evt_01459,tracking_request:03,cust_0266,email,Hey - Quick question - any news on when my monthly plan will get here. Thanks.,ord_78696,free,2026-04-15T06:54:00+00:00,2026-04-18T06:54:00+00:00,tracking_request,neutral,normal,send_tracking_update,send_tracking_update,synthetic_generator
evt_01460,ambiguous:07,cust_0374,email,"Hey - Hello, teh courier says delivered but the running shoes is not here. Thanks. Please let me know.",ord_58549,standard,2026-04-27T14:19:00+00:00,2026-04-28T02:19:00+00:00,delivery_issue,neutral,normal,offer_credit,apply_credit,synthetic_generator
evt_01461,refund_request:11,cust_0518,chat,"Hello, is it possible to undo teh purchase of teh kitchen scale. This has been a frustrating experience.",ord_66103,free,2026-04-28T13:28:00+00:00,2026-04-29T18:28:00+00:00,refund_request,negative,normal,refund_review,refund_review,synthetic_generator
evt_01462,tracking_request:08,cust_0317,social,Hey - Quick question - when is the running shoes scheduled to arrive. Please let me know.,ord_69358,free,2026-04-08T16:14:00+00:00,2026-04-11T00:14:00+00:00,tracking_request,neutral,normal,send_tracking_update,send_tracking_update,synthetic_generator
evt_01463,ambiguous:02,cust_0522,social,"Hey - no idea where the replacement charger is, can someone actually look into this. I have had to chase this repeatedly. Regards.",ord_20086,enterprise,2026-04-24T04:09:00+00:00,2026-04-24T19:09:00+00:00,tracking_request,negative,normal,send_tracking_update,send_tracking_update,synthetic_generator
evt_01464,tracking_request:10,cust_0202,social,"Hello, just checking in on teh progress of order 88214. Please advise. Thanks.",ord_27102,standard,2026-04-07T13:37:00+00:00,2026-04-08T19:37:00+00:00,tracking_request,neutral,normal,send_tracking_update,send_tracking_update,synthetic_generator
evt_01465,general_question:10,cust_0601,social,"Hello, what is the difference between order 88214 and the newer version. Please advise. Thanks.",ord_83789,free,2026-04-30T20:13:00+00:00,2026-05-01T07:13:00+00:00,general_question,negative,normal,auto_resolve,knowledge_response,synthetic_generator
evt_01466,tracking_request:12,cust_0006,phone,can you confirm the expected date for order 88214. I have had to chase this repeatedly. Please let me know.,ord_60254,free,2026-05-01T07:57:00+00:00,2026-05-01T23:57:00+00:00,tracking_request,negative,normal,send_tracking_update,send_tracking_update,synthetic_generator
evt_01467,general_question:11,cust_0505,chat,"Hello, do I need an account to buy my monthly plan. Please advise. Thanks.",ord_44394,free,2026-04-12T10:06:00+00:00,2026-04-13T02:06:00+00:00,general_question,neutral,normal,auto_resolve,knowledge_response,synthetic_generator
evt_01468,delivery_issue:04,cust_0825,phone,shipment containing the replacement charger seems stuck at the depot. At this point I have run out of patience. Appreciate it.,ord_52299,standard,2026-04-12T23:40:00+00:00,2026-04-13T13:40:00+00:00,delivery_issue,negative,normal,offer_credit,apply_credit,synthetic_generator
evt_01469,general_question:06,cust_0454,phone,"Good morning, Hello, do you ship the blue headphones internationally. Thanks.",ord_17537,enterprise,2026-04-26T19:39:00+00:00,2026-04-28T06:39:00+00:00,general_question,neutral,normal,auto_resolve,knowledge_response,synthetic_generator
evt_01470,tracking_request:08,cust_0106,email,"Hi, when is teh running shoes scheduled to arrive. I have had to chase this repeatedly. Appreciate it.",ord_41969,free,2026-04-14T08:18:00+00:00,2026-04-15T20:18:00+00:00,tracking_request,negative,normal,send_tracking_update,send_tracking_update,synthetic_generator
evt_01471,refund_request:11,cust_0639,phone,Hey - is it possible to undo the purchase of order 88214. This has been a frustrating experience. Appreciate it.,ord_89035,free,2026-04-16T21:52:00+00:00,2026-04-17T05:52:00+00:00,refund_request,negative,normal,refund_review,refund_review,synthetic_generator
evt_01472,general_question:03,cust_0468,phone,"Hi, Hi there, is my monthly plan covered by your returns window. Please let me know.",ord_45511,enterprise,2026-04-30T01:43:00+00:00,2026-04-30T02:43:00+00:00,general_question,neutral,high,auto_resolve,knowledge_response,synthetic_generator
evt_01473,general_question:02,cust_0821,social,"Hi, can I change the delivery address for order 40917. Please advise. Thanks.",ord_10989,standard,2026-04-15T04:46:00+00:00,2026-04-15T05:46:00+00:00,general_question,neutral,high,auto_resolve,knowledge_response,synthetic_generator
evt_01474,general_question:13,cust_0637,chat,"Hi, what happens to my subscription if I pause the replacement charger. Please advise. Appreciate it.",ord_86050,standard,2026-04-18T20:34:00+00:00,2026-04-19T01:34:00+00:00,general_question,neutral,normal,auto_resolve,knowledge_response,synthetic_generator
evt_01475,complaint:12,cust_0556,social,"I keep being promised callbacks about the annual subscription that never happen, which is really not good enough.",ord_99159,standard,2026-04-12T12:38:00+00:00,2026-04-14T04:38:00+00:00,complaint,negative,normal,escalate,create_ticket,synthetic_generator
evt_01476,refund_request:01,cust_0447,chat,"Hey - Hi there, please reverse the charge on order 88214. Appreciate it.",ord_40738,free,2026-04-28T23:41:00+00:00,2026-04-30T08:41:00+00:00,refund_request,neutral,normal,refund_review,refund_review,synthetic_generator
evt_01477,ambiguous:06,cust_0188,email,"I have given up waiting for my monthly plan, just close it out for me. No rush at all, you have been helpful. Regards.",ord_94478,enterprise,2026-04-24T07:25:00+00:00,2026-04-26T15:25:00+00:00,refund_request,positive,normal,refund_review,refund_review,synthetic_generator
evt_01478,delivery_issue:00,cust_0500,social,"Hello, my the annual subscription still has not turned up. This has been a frustrating experience. Please let me know.",ord_27261,free,2026-05-03T03:11:00+00:00,2026-05-04T03:11:00+00:00,delivery_issue,negative,normal,offer_credit,apply_credit,synthetic_generator
evt_01479,delivery_issue:01,cust_0862,email,Hey - This is disappointing - the parcel with the kitchen scale is running behind schedule. Regards.,ord_50665,free,2026-05-04T10:18:00+00:00,2026-05-07T09:18:00+00:00,delivery_issue,negative,normal,offer_credit,apply_credit,synthetic_generator
evt_01480,general_question:03,cust_0091,email,"Hi, is the running shoes covered by your returns window, whenever you get a chance. Appreciate it.",ord_79844,standard,2026-04-07T05:23:00+00:00,2026-04-08T03:23:00+00:00,general_question,neutral,normal,auto_resolve,knowledge_response,synthetic_generator
evt_01481,refund_request:04,cust_0812,chat,"Good morning, requesting reimbursement for my monthly plan, whenever you get a chance. Appreciate it.",ord_96081,standard,2026-04-09T17:00:00+00:00,2026-04-10T18:00:00+00:00,refund_request,neutral,normal,refund_review,refund_review,synthetic_generator
evt_01482,tracking_request:08,cust_0781,social,Hey - Quick question - when is order 88214 scheduled to arrive. Please let me know.,ord_97846,standard,2026-04-12T21:28:00+00:00,2026-04-15T03:28:00+00:00,tracking_request,neutral,normal,send_tracking_update,send_tracking_update,synthetic_generator
evt_01483,refund_request:00,cust_0752,social,"Good morning, I would like my money back for the kitchen scale, and I am not happy about how long it has taken. Thanks.",ord_16781,standard,2026-04-17T23:55:00+00:00,2026-04-18T12:55:00+00:00,refund_request,negative,normal,refund_review,refund_review,synthetic_generator
evt_01484,general_question:08,cust_0519,phone,"Good morning, how long does order 40917 usually take to arrive, whenever you get a chance. Please let me know.",ord_40778,standard,2026-04-08T14:11:00+00:00,2026-04-10T19:11:00+00:00,general_question,neutral,normal,auto_resolve,knowledge_response,synthetic_generator
evt_01485,general_question:08,cust_0647,phone,"Good morning, how long does the standing desk usually take to arrive. No rush at all, you have been helpful. Appreciate it.",ord_40619,free,2026-04-29T08:29:00+00:00,2026-05-01T13:29:00+00:00,general_question,positive,normal,auto_resolve,knowledge_response,synthetic_generator
evt_01486,refund_request:01,cust_0457,email,"please reverse the charge on the annual subscription, which is really not good enough. Thanks.",ord_75538,enterprise,2026-04-13T17:44:00+00:00,2026-04-16T12:44:00+00:00,refund_request,negative,normal,refund_review,refund_review,synthetic_generator
evt_01487,delivery_issue:03,cust_0852,email,"Good morning, Honestly, courier marked the replacement charger as attempted but nobody came. I expected better than this. Regards.",ord_53807,free,2026-04-12T22:42:00+00:00,2026-04-15T11:42:00+00:00,delivery_issue,negative,normal,offer_credit,apply_credit,synthetic_generator
evt_01488,refund_request:05,cust_0056,phone,"Hello, the the kitchen scale arrived damaged so I want compensation for it, which is really not good enough.",ord_79017,free,2026-05-05T14:16:00+00:00,2026-05-08T12:16:00+00:00,refund_request,negative,normal,refund_review,refund_review,synthetic_generator
evt_01489,complaint:02,cust_0136,chat,"Hello, Honestly, I have wasted hours on order 40917 with no resolution. I expected better than this. Please let me know.",ord_25191,standard,2026-04-30T20:24:00+00:00,2026-05-03T15:24:00+00:00,complaint,negative,normal,escalate,create_ticket,synthetic_generator
evt_01490,general_question:11,cust_0430,chat,"Hi there, do I need an account to buy order 40917.",ord_96826,standard,2026-04-18T04:16:00+00:00,2026-04-20T14:16:00+00:00,general_question,neutral,normal,auto_resolve,knowledge_response,synthetic_generator
evt_01491,refund_request:00,cust_0490,chat,"Hey - Hi there, I would like my money back for the replacement charger. Appreciate it.",ord_13191,standard,2026-04-11T01:06:00+00:00,2026-04-13T21:06:00+00:00,refund_request,neutral,normal,refund_review,refund_review,synthetic_generator
evt_01492,tracking_request:12,cust_0793,phone,can you confirm the expected date for the blue headphones. Please advise. Regards.,ord_64762,free,2026-04-20T18:21:00+00:00,2026-04-22T11:21:00+00:00,tracking_request,positive,normal,send_tracking_update,send_tracking_update,synthetic_generator
evt_01493,refund_request:03,cust_0743,phone,"I no longer want the annual subscription and expect the amount returned, which is really not good enough. Appreciate it.",ord_99161,free,2026-04-12T00:50:00+00:00,2026-04-12T18:50:00+00:00,refund_request,negative,normal,refund_review,refund_review,synthetic_generator
evt_01494,delivery_issue:07,cust_0753,social,This is disappointing - the driver could not find my address for the standing desk. Regards.,ord_87957,free,2026-04-18T17:30:00+00:00,2026-04-20T00:30:00+00:00,delivery_issue,negative,normal,offer_credit,apply_credit,synthetic_generator
evt_01495,complaint:09,cust_0342,phone,no one has taken ownership of the problem with the standing desk. This has been a frustrating experience.,ord_22966,standard,2026-05-04T00:31:00+00:00,2026-05-04T02:31:00+00:00,complaint,negative,high,escalate,create_ticket,synthetic_generator
evt_01496,complaint:05,cust_0462,chat,"Good morning, Quick question - I am extremely let down by how order 40917 was managed.",ord_99674,enterprise,2026-04-07T14:41:00+00:00,2026-04-10T03:41:00+00:00,complaint,neutral,normal,escalate,create_ticket,synthetic_generator
evt_01497,delivery_issue:09,cust_0792,chat,"Hello, Honestly, delivery of the annual subscription keeps getting rescheduled. I expected better than this.",ord_41070,standard,2026-04-18T20:51:00+00:00,2026-04-20T22:51:00+00:00,delivery_issue,negative,normal,offer_credit,apply_credit,synthetic_generator
evt_01498,delivery_issue:09,cust_0639,phone,"Hey - Honestly, delivery of the blue headphones keeps getting rescheduled. I expected better than this. Thanks.",ord_96546,free,2026-04-23T11:57:00+00:00,2026-04-25T05:57:00+00:00,delivery_issue,negative,normal,offer_credit,apply_credit,synthetic_generator
evt_01499,delivery_issue:08,cust_0738,chat,Hey - order 40917 was returned to sender without anyone contacting me. At this point I have run out of patience. Please let me know.,ord_42702,standard,2026-04-24T10:43:00+00:00,2026-04-25T00:43:00+00:00,delivery_issue,negative,normal,offer_credit,apply_credit,synthetic_generator
evt_01500,tracking_request:05,cust_0314,phone,"Good morning, Quick question - I want to follow the journey of my the kitchen scale. Appreciate it.",ord_14919,standard,2026-04-21T04:19:00+00:00,2026-04-22T13:19:00+00:00,tracking_request,neutral,normal,send_tracking_update,send_tracking_update,synthetic_generator
evt_01501,complaint:10,cust_0139,phone,"Good morning, I have received three contradictory answers about the annual subscription. Please advise. Thanks.",ord_42853,free,2026-05-02T02:27:00+00:00,2026-05-03T18:27:00+00:00,complaint,neutral,normal,escalate,create_ticket,synthetic_generator
evt_01502,refund_request:02,cust_0638,phone,"Hello, can you send this the kitchen scale back and return the payment, whenever you get a chance.",ord_97059,standard,2026-04-23T10:59:00+00:00,2026-04-25T10:59:00+00:00,refund_request,neutral,normal,refund_review,refund_review,synthetic_generator
evt_01503,complaint:07,cust_0293,phone,"Hi, I have been passed between four agents about the replacement charger. At this point I have run out of patience. Please let me know.",ord_65665,standard,2026-04-15T14:58:00+00:00,2026-04-18T02:58:00+00:00,complaint,negative,normal,escalate,create_ticket,synthetic_generator
evt_01504,refund_request:12,cust_0644,social,"Good morning, I want to send the replacement charger back for a credit to my account. Really appreciate the quick responses previously. Please let me know.",ord_50259,free,2026-04-28T20:39:00+00:00,2026-04-29T13:39:00+00:00,refund_request,positive,normal,refund_review,refund_review,synthetic_generator
evt_01505,general_question:04,cust_0858,phone,"Hey - Hello, how do I add the running shoes to an existing order. Thanks. Regards.",ord_64698,free,2026-04-30T04:21:00+00:00,2026-05-02T09:21:00+00:00,general_question,neutral,normal,auto_resolve,knowledge_response,synthetic_generator
evt_01506,general_question:07,cust_0406,chat,"Hey - is there a student discount available on order 88214, whenever you get a chance. Please let me know.",ord_67106,free,2026-04-13T23:46:00+00:00,2026-04-15T07:46:00+00:00,general_question,neutral,normal,auto_resolve,knowledge_response,synthetic_generator
evt_01507,general_question:00,cust_0349,social,"Good morning, Hello, what is the warranty period on the blue headphones. Thanks. Appreciate it.",ord_93424,standard,2026-04-25T00:21:00+00:00,2026-04-26T23:21:00+00:00,general_question,neutral,normal,auto_resolve,knowledge_response,synthetic_generator
evt_01508,refund_request:04,cust_0636,email,"Good morning, Hi there, requesting reimbursement for the running shoes. Thanks.",ord_83583,standard,2026-05-03T16:54:00+00:00,2026-05-05T20:54:00+00:00,refund_request,neutral,normal,refund_review,refund_review,synthetic_generator
evt_01509,delivery_issue:07,cust_0369,email,Hey - the driver could not find my address for order 88214. Please advise. Appreciate it.,ord_47937,enterprise,2026-04-13T04:23:00+00:00,2026-04-13T23:23:00+00:00,delivery_issue,neutral,normal,offer_credit,apply_credit,synthetic_generator
evt_01510,refund_request:01,cust_0725,social,"Good morning, Honestly, please reverse the charge on the blue headphones. I expected better than this. Appreciate it.",ord_20066,free,2026-04-22T10:03:00+00:00,2026-04-22T23:03:00+00:00,refund_request,negative,normal,refund_review,refund_review,synthetic_generator
evt_01511,refund_request:09,cust_0308,phone,"Hi, I am returning order 88214, what happens with the payment. pls advise. Appreciate it.",ord_93182,standard,2026-04-25T00:05:00+00:00,2026-04-27T23:05:00+00:00,refund_request,neutral,normal,refund_review,refund_review,synthetic_generator
evt_01512,ambiguous:01,cust_0873,email,"Hi, Hi there, if the kitchen scale cannot get here this week I would rather be refunded. Thanks.",ord_22290,standard,2026-04-27T04:26:00+00:00,2026-04-30T04:26:00+00:00,refund_request,neutral,normal,refund_review,refund_review,synthetic_generator
evt_01513,tracking_request:08,cust_0044,chat,"Good morning, when is order 40917 scheduled to arrive, whenever you get a chance.",ord_52067,standard,2026-04-16T17:01:00+00:00,2026-04-18T16:01:00+00:00,tracking_request,neutral,normal,send_tracking_update,send_tracking_update,synthetic_generator
evt_01514,tracking_request:11,cust_0038,social,"Hi, Hello, how far along is the delivery of the blue headphones. Thanks. Thanks.",ord_72418,standard,2026-05-01T09:01:00+00:00,2026-05-03T08:01:00+00:00,tracking_request,neutral,normal,send_tracking_update,send_tracking_update,synthetic_generator
evt_01515,general_question:08,cust_0669,social,"Hi, how long does the kitchen scale usually take to arrive. Please let me know.",ord_94969,free,2026-04-30T14:59:00+00:00,2026-05-03T14:59:00+00:00,general_question,negative,normal,auto_resolve,knowledge_response,synthetic_generator
evt_01516,general_question:02,cust_0536,email,"Good morning, can I change the delivery address for the running shoes, whenever you get a chance. Please let me know.",ord_91944,free,2026-04-22T06:27:00+00:00,2026-04-22T21:27:00+00:00,general_question,neutral,normal,auto_resolve,knowledge_response,synthetic_generator
evt_01517,ambiguous:00,cust_0395,email,"Hello, order 40917 has not arrived and I am starting to want my money back, which is really not good enough.",ord_34215,free,2026-04-26T23:39:00+00:00,2026-04-27T06:39:00+00:00,delivery_issue,negative,normal,offer_credit,apply_credit,synthetic_generator
evt_01518,tracking_request:10,cust_0463,phone,"Hello, just checking in on the progress of order 40917. Please advise. Appreciate it.",ord_78425,enterprise,2026-04-11T14:08:00+00:00,2026-04-13T23:08:00+00:00,tracking_request,neutral,normal,send_tracking_update,send_tracking_update,synthetic_generator
evt_01519,general_question:08,cust_0278,phone,Quick question - how long does the running shoes usually take to arrive. Thanks.,ord_94619,free,2026-04-25T11:02:00+00:00,2026-04-28T08:02:00+00:00,general_question,neutral,normal,auto_resolve,knowledge_response,synthetic_generator
evt_01520,refund_request:09,cust_0633,phone,"Hello, Hello, I am returning the running shoes, what happens with the payment. Thanks. Thanks.",ord_52499,standard,2026-04-12T12:32:00+00:00,2026-04-15T09:32:00+00:00,refund_request,neutral,normal,refund_review,refund_review,synthetic_generator
evt_01521,complaint:01,cust_0065,social,the service around my monthly plan has been genuinely poor. I have had to chase this repeatedly.,ord_23127,standard,2026-04-11T19:59:00+00:00,2026-04-14T15:59:00+00:00,complaint,negative,normal,escalate,create_ticket,synthetic_generator
evt_01522,general_question:02,cust_0288,email,"Hey - Hi there, can I change the delivery address for the blue headphones. Thanks.",ord_14155,standard,2026-04-21T21:13:00+00:00,2026-04-22T03:13:00+00:00,general_question,neutral,normal,auto_resolve,knowledge_response,synthetic_generator
evt_01523,tracking_request:11,cust_0080,email,"Hey - Hi there, how far along is the delivery of the running shoes.",ord_94287,standard,2026-05-03T08:19:00+00:00,2026-05-05T07:19:00+00:00,tracking_request,neutral,normal,send_tracking_update,send_tracking_update,synthetic_generator
evt_01524,general_question:13,cust_0351,social,"Honestly, what happens to my subscription if I pause the replacement charger. I expected better than this. Appreciate it.",ord_46076,standard,2026-04-30T11:38:00+00:00,2026-05-02T09:38:00+00:00,general_question,negative,normal,auto_resolve,knowledge_response,synthetic_generator
evt_01525,complaint:13,cust_0178,chat,I have lost confidence in how you handle things like the running shoes. At this point I have run out of patience. Appreciate it.,ord_27253,standard,2026-04-25T18:05:00+00:00,2026-04-26T23:05:00+00:00,complaint,negative,normal,escalate,create_ticket,synthetic_generator
evt_01526,ambiguous:07,cust_0845,email,"Hello, the courier says delivered but the blue headphones is not here, which is really not good enough.",ord_51504,free,2026-04-17T05:34:00+00:00,2026-04-17T15:34:00+00:00,delivery_issue,negative,normal,offer_credit,apply_credit,synthetic_generator
evt_01527,complaint:12,cust_0756,phone,Hey - I keep being promised callbacks about the kitchen scale that never happen. At this point I have run out of patience. Please let me know.,ord_70782,enterprise,2026-04-28T12:10:00+00:00,2026-04-30T09:10:00+00:00,complaint,negative,normal,escalate,create_ticket,synthetic_generator
evt_01528,delivery_issue:06,cust_0608,social,"Hi, the order 88214 order missed its promised window. I have had to chase this repeatedly. Regards.",ord_68357,standard,2026-04-29T08:30:00+00:00,2026-04-30T01:30:00+00:00,delivery_issue,negative,normal,offer_credit,apply_credit,synthetic_generator
evt_01529,tracking_request:01,cust_0289,social,"Hello, Happy with the service overall, just can I get a status update on the blue headphones. Regards.",ord_56342,free,2026-04-25T09:53:00+00:00,2026-04-27T00:53:00+00:00,tracking_request,positive,normal,send_tracking_update,send_tracking_update,synthetic_generator
evt_01530,delivery_issue:12,cust_0320,social,Hey - This is disappointing - the estimated date for the replacement charger has passed with no update. Please let me know.,ord_16031,standard,2026-04-25T23:14:00+00:00,2026-04-26T16:14:00+00:00,delivery_issue,negative,normal,offer_credit,apply_credit,synthetic_generator
evt_01531,complaint:01,cust_0198,social,"Hello, This is disappointing - the service around my monthly plan has been genuinely poor.",ord_54117,standard,2026-04-19T13:30:00+00:00,2026-04-20T16:30:00+00:00,complaint,negative,normal,escalate,create_ticket,synthetic_generator
evt_01532,tracking_request:10,cust_0743,social,Hey - just checking in on the progress of the kitchen scale. At this point I have run out of patience. Thanks.,ord_14995,enterprise,2026-04-23T22:17:00+00:00,2026-04-25T14:17:00+00:00,tracking_request,negative,normal,send_tracking_update,send_tracking_update,synthetic_generator
evt_01533,complaint:06,cust_0602,email,"every person I speak to about the annual subscription tells me something different. Your team has been great so far, thank you. Regards.",ord_53216,standard,2026-04-08T19:12:00+00:00,2026-04-11T07:12:00+00:00,complaint,positive,normal,escalate,create_ticket,synthetic_generator
evt_01534,complaint:13,cust_0414,phone,"Hey - Honestly, I have lost confidence in how you handle things like the blue headphones. I expected better than this. Appreciate it.",ord_38518,free,2026-04-17T07:54:00+00:00,2026-04-17T19:54:00+00:00,complaint,negative,normal,escalate,create_ticket,synthetic_generator
evt_01535,delivery_issue:12,cust_0136,social,the estimated date for order 40917 has passed with no update. Appreciate it.,ord_13272,enterprise,2026-04-25T16:31:00+00:00,2026-04-27T16:31:00+00:00,delivery_issue,neutral,normal,offer_credit,apply_credit,synthetic_generator
evt_01536,tracking_request:13,cust_0639,chat,Quick question - looking for an update on where teh kitchen scale has got to. Thanks.,ord_97945,standard,2026-04-17T10:18:00+00:00,2026-04-18T14:18:00+00:00,tracking_request,negative,normal,send_tracking_update,send_tracking_update,synthetic_generator
evt_01537,tracking_request:03,cust_0160,phone,"Hello, Hello, any news on when the annual subscription will get here. Thanks. Please let me know.",ord_87663,standard,2026-04-15T13:24:00+00:00,2026-04-16T00:24:00+00:00,tracking_request,neutral,normal,send_tracking_update,send_tracking_update,synthetic_generator
evt_01538,refund_request:10,cust_0139,social,"Happy with teh service overall, just teh parcel with the wireless keyboard came late and I would rather have the money. Please let me know.",ord_30980,free,2026-04-20T13:47:00+00:00,2026-04-21T03:47:00+00:00,refund_request,neutral,normal,refund_review,refund_review,synthetic_generator
evt_01539,complaint:12,cust_0747,phone,"Honestly, I keep being promised callbacks about the replacement charger that never happen. I expected better than this. Thanks.",ord_74377,standard,2026-04-21T13:49:00+00:00,2026-04-23T15:49:00+00:00,complaint,negative,normal,escalate,create_ticket,synthetic_generator
evt_01540,refund_request:02,cust_0656,social,"Good morning, can you send this the replacement charger back and return the payment, which is really not good enough. Please let me know.",ord_19904,free,2026-04-11T07:40:00+00:00,2026-04-14T06:40:00+00:00,refund_request,negative,normal,refund_review,refund_review,synthetic_generator
evt_01541,ambiguous:07,cust_0095,email,"Hi, the courier says delivered but the blue headphones is not here, whenever you get a chance. Appreciate it.",ord_74191,free,2026-05-05T07:10:00+00:00,2026-05-06T22:10:00+00:00,delivery_issue,neutral,normal,offer_credit,apply_credit,synthetic_generator
evt_01542,refund_request:06,cust_0015,email,Hey - Quick question - how do I get my funds returned for the replacement charger.,ord_24585,free,2026-05-06T03:43:00+00:00,2026-05-08T09:43:00+00:00,refund_request,neutral,normal,refund_review,refund_review,synthetic_generator
evt_01543,delivery_issue:13,cust_0174,email,Hey - my order containing the running shoes appears to be lost in transit. At this point I have run out of patience. Please let me know.,ord_37194,free,2026-04-30T08:40:00+00:00,2026-04-30T13:40:00+00:00,delivery_issue,negative,normal,offer_credit,apply_credit,synthetic_generator
evt_01544,tracking_request:11,cust_0743,email,"Good morning, how far along is the delivery of the replacement charger. At this point I have run out of patience.",ord_75535,free,2026-04-29T01:33:00+00:00,2026-04-29T16:33:00+00:00,tracking_request,negative,normal,send_tracking_update,send_tracking_update,synthetic_generator
evt_01545,general_question:00,cust_0820,chat,"Hello, what is teh warranty period on my monthly plan. Please advise. Thanks.",ord_82898,free,2026-04-29T01:39:00+00:00,2026-05-01T14:39:00+00:00,general_question,neutral,normal,auto_resolve,knowledge_response,synthetic_generator
evt_01546,delivery_issue:13,cust_0601,chat,Hey - my order containing my monthly plan appears to be lost in transit. I have had to chase this repeatedly. Regards.,ord_55248,standard,2026-04-25T20:52:00+00:00,2026-04-26T19:52:00+00:00,delivery_issue,negative,normal,offer_credit,apply_credit,synthetic_generator
evt_01547,general_question:03,cust_0604,chat,"Hey - is the replacement charger covered by your returns window, whenever you get a chance. Appreciate it.",ord_36051,standard,2026-05-02T10:55:00+00:00,2026-05-05T10:55:00+00:00,general_question,neutral,normal,auto_resolve,knowledge_response,synthetic_generator
evt_01548,refund_request:07,cust_0808,email,"Good morning, Quick question - the delivery of the blue headphones was fine but I changed my mind and want a refund. Regards.",ord_46222,enterprise,2026-04-24T09:57:00+00:00,2026-04-27T02:57:00+00:00,refund_request,neutral,normal,refund_review,refund_review,synthetic_generator
evt_01549,general_question:08,cust_0217,email,"Hey - Hi there, how long does the kitchen scale usually take to arrive. Regards.",ord_47663,standard,2026-04-17T23:39:00+00:00,2026-04-20T09:39:00+00:00,general_question,neutral,normal,auto_resolve,knowledge_response,synthetic_generator
evt_01550,delivery_issue:02,cust_0487,chat,"Good morning, the kitchen scale was meant to arrive on Tuesday and it is still not here. I have had to chase this repeatedly. Thanks.",ord_80116,standard,2026-04-16T21:36:00+00:00,2026-04-19T17:36:00+00:00,delivery_issue,negative,normal,offer_credit,apply_credit,synthetic_generator
evt_01551,delivery_issue:11,cust_0254,phone,"Hi, Quick question - nobody has been able to deliver order 40917 yet. Regards.",ord_90673,free,2026-05-02T08:59:00+00:00,2026-05-03T09:59:00+00:00,delivery_issue,neutral,normal,offer_credit,apply_credit,synthetic_generator
evt_01552,tracking_request:12,cust_0791,phone,"Good morning, Hi there, can you confirm the expected date for the standing desk. Please let me know.",ord_40641,free,2026-04-20T20:35:00+00:00,2026-04-23T16:35:00+00:00,tracking_request,neutral,normal,send_tracking_update,send_tracking_update,synthetic_generator
evt_01553,complaint:12,cust_0255,social,"Good morning, I keep being promised callbacks about the annual subscription that never happen. I have had to chase this repeatedly.",ord_56996,free,2026-04-14T06:47:00+00:00,2026-04-15T20:47:00+00:00,complaint,negative,normal,escalate,create_ticket,synthetic_generator
evt_01554,general_question:03,cust_0113,social,"Hey - is the replacement charger covered by your returns window, whenever you get a chance. Thanks.",ord_58938,standard,2026-04-21T11:53:00+00:00,2026-04-22T18:53:00+00:00,general_question,neutral,normal,auto_resolve,knowledge_response,synthetic_generator
evt_01555,general_question:01,cust_0214,chat,"Good morning, This is disappointing - does the replacement charger come in other sizes. Appreciate it.",ord_18428,enterprise,2026-04-09T09:57:00+00:00,2026-04-10T07:57:00+00:00,general_question,neutral,normal,auto_resolve,knowledge_response,synthetic_generator
evt_01556,ambiguous:04,cust_0288,phone,"Good morning, Thanks for the help earlier - what are my options if the replacement charger never shows up. Thanks.",ord_48834,standard,2026-04-27T19:00:00+00:00,2026-04-28T11:00:00+00:00,general_question,positive,normal,auto_resolve,knowledge_response,synthetic_generator
evt_01557,delivery_issue:01,cust_0223,chat,"Hey - the parcel with order 40917 is running behind schedule, and I am not happy about how long it has taken.",ord_95283,free,2026-04-28T17:54:00+00:00,2026-04-30T05:54:00+00:00,delivery_issue,negative,normal,offer_credit,apply_credit,synthetic_generator
evt_01558,complaint:11,cust_0720,phone,"Good morning, This is disappointing - the way the blue headphones was dealt with reflects badly on your company. Appreciate it.",ord_69344,standard,2026-04-26T02:10:00+00:00,2026-04-28T21:10:00+00:00,complaint,negative,normal,escalate,create_ticket,synthetic_generator
evt_01559,refund_request:01,cust_0513,email,"Hi, Hi there, please reverse the charge on the kitchen scale. Regards.",ord_42241,standard,2026-04-13T14:02:00+00:00,2026-04-14T12:02:00+00:00,refund_request,neutral,normal,refund_review,refund_review,synthetic_generator
evt_01560,general_question:07,cust_0149,phone,"Hello, is there a student discount available on the replacement charger. Regards.",ord_99194,free,2026-04-20T02:35:00+00:00,2026-04-21T11:35:00+00:00,general_question,positive,normal,auto_resolve,knowledge_response,synthetic_generator
evt_01561,refund_request:00,cust_0494,social,"Good morning, Quick question - I would like my money back for order 88214. Thanks.",ord_89591,standard,2026-04-19T13:25:00+00:00,2026-04-20T01:25:00+00:00,refund_request,neutral,normal,refund_review,refund_review,synthetic_generator
evt_01562,delivery_issue:12,cust_0775,email,"Hi there, the estimated date for the running shoes has passed with no update.",ord_95706,free,2026-04-18T11:40:00+00:00,2026-04-18T16:40:00+00:00,delivery_issue,neutral,normal,offer_credit,apply_credit,synthetic_generator
evt_01563,refund_request:12,cust_0733,chat,"Hello, I want to send the standing desk back for a credit to my account. Thanks. Thanks.",ord_62080,standard,2026-04-20T10:23:00+00:00,2026-04-21T02:23:00+00:00,refund_request,neutral,normal,refund_review,refund_review,synthetic_generator
evt_01564,tracking_request:05,cust_0282,chat,"Good morning, I want to follow the journey of my order 40917, whenever you get a chance. Thanks.",ord_23279,standard,2026-05-05T02:10:00+00:00,2026-05-05T17:10:00+00:00,tracking_request,neutral,normal,send_tracking_update,send_tracking_update,synthetic_generator
evt_01565,delivery_issue:10,cust_0090,phone,"Hello, Honestly, the tracking for the kitchen scale has not moved in five days. I expected better than this. Please let me know.",ord_22922,standard,2026-05-05T09:02:00+00:00,2026-05-05T18:02:00+00:00,delivery_issue,negative,normal,offer_credit,apply_credit,synthetic_generator
evt_01566,complaint:12,cust_0803,email,I keep being promised callbacks about order 88214 that never happen. At this point I have run out of patience. Thanks.,ord_56912,standard,2026-05-02T02:01:00+00:00,2026-05-03T05:01:00+00:00,complaint,negative,normal,escalate,create_ticket,synthetic_generator
evt_01567,delivery_issue:13,cust_0843,email,"Hi, my order containing the replacement charger appears to be lost in transit. This has been a frustrating experience. Appreciate it.",ord_93569,standard,2026-04-20T07:39:00+00:00,2026-04-21T22:39:00+00:00,delivery_issue,negative,normal,offer_credit,apply_credit,synthetic_generator
evt_01568,tracking_request:07,cust_0884,chat,"Hello, is there a reference number I can use to watch the wireless keyboard, whenever you get a chance. Appreciate it.",ord_95214,standard,2026-04-08T22:22:00+00:00,2026-04-10T11:22:00+00:00,tracking_request,neutral,normal,send_tracking_update,send_tracking_update,synthetic_generator
evt_01569,tracking_request:12,cust_0492,social,"Hi, Hello, can you confirm the expected date for the blue headphones. Thanks. Appreciate it.",ord_65196,standard,2026-04-18T08:27:00+00:00,2026-04-18T15:27:00+00:00,tracking_request,negative,normal,send_tracking_update,send_tracking_update,synthetic_generator
evt_01570,tracking_request:02,cust_0157,email,"Hello, what is the current location of the parcel with the wireless keyboard. At this point I have run out of patience.",ord_30706,standard,2026-04-14T07:47:00+00:00,2026-04-17T03:47:00+00:00,tracking_request,neutral,normal,send_tracking_update,send_tracking_update,synthetic_generator
evt_01571,ambiguous:03,cust_0413,email,"Honestly, still waiting on my monthly plan and still nobody has explained why. I expected better than this. Regards.",ord_10247,free,2026-04-22T00:39:00+00:00,2026-04-24T01:39:00+00:00,complaint,positive,normal,escalate,create_ticket,synthetic_generator
evt_01572,tracking_request:05,cust_0021,social,"Good morning, I want to follow the journey of my the standing desk, whenever you get a chance. Please let me know.",ord_74149,standard,2026-04-30T03:29:00+00:00,2026-04-30T22:29:00+00:00,tracking_request,neutral,normal,send_tracking_update,send_tracking_update,synthetic_generator
evt_01573,delivery_issue:06,cust_0589,email,the my monthly plan order missed its promised window. This has been a frustrating experience. Regards.,ord_48146,standard,2026-04-19T08:04:00+00:00,2026-04-19T19:04:00+00:00,delivery_issue,negative,normal,offer_credit,apply_credit,synthetic_generator
evt_01574,refund_request:09,cust_0800,phone,"Hi, I am returning the wireless keyboard, what happens with the payment. Please advise. Please let me know.",ord_58897,free,2026-04-10T23:26:00+00:00,2026-04-11T11:26:00+00:00,refund_request,neutral,normal,refund_review,refund_review,synthetic_generator
evt_01575,refund_request:03,cust_0210,social,"Hi, Honestly, I no longer want the kitchen scale and expect the amount returned. I expected better than this. Thanks.",ord_79184,standard,2026-04-18T14:14:00+00:00,2026-04-21T00:14:00+00:00,refund_request,negative,normal,refund_review,refund_review,synthetic_generator
evt_01576,refund_request:13,cust_0306,email,"raise a return for the running shoes and refund me please, which is really not good enough.",ord_95977,standard,2026-04-17T14:50:00+00:00,2026-04-19T19:50:00+00:00,refund_request,negative,normal,refund_review,refund_review,synthetic_generator
evt_01577,general_question:05,cust_0876,chat,"Good morning, what payment methods work for my monthly plan, whenever you get a chance. Thanks.",ord_80422,standard,2026-04-30T23:48:00+00:00,2026-05-02T13:48:00+00:00,general_question,neutral,normal,auto_resolve,knowledge_response,synthetic_generator
evt_01578,ambiguous:06,cust_0686,social,"Hey - Hi there, I have given up waiting for teh standing desk, just close it out for me. Regards.",ord_71895,standard,2026-04-11T04:56:00+00:00,2026-04-13T23:56:00+00:00,refund_request,neutral,normal,refund_review,refund_review,synthetic_generator
evt_01579,general_question:09,cust_0190,email,"Honestly, can the wireless keyboard be gift wrapped. I expected better than this. Thanks.",ord_81755,free,2026-04-11T22:14:00+00:00,2026-04-14T07:14:00+00:00,general_question,negative,normal,auto_resolve,knowledge_response,synthetic_generator
evt_01580,delivery_issue:07,cust_0499,chat,"Honestly, the driver could not find my address for the blue headphones. I expected better than this. Thanks.",ord_27166,standard,2026-04-30T19:50:00+00:00,2026-05-01T13:50:00+00:00,delivery_issue,negative,normal,offer_credit,apply_credit,synthetic_generator
evt_01581,delivery_issue:07,cust_0176,chat,"Hi, the driver could not find my address for the kitchen scale, which is really not good enough. Appreciate it.",ord_58010,free,2026-04-22T04:05:00+00:00,2026-04-22T16:05:00+00:00,delivery_issue,negative,normal,offer_credit,apply_credit,synthetic_generator
evt_01582,complaint:06,cust_0648,phone,"Hello, every person I speak to about the kitchen scale tells me something different. Thanks.",ord_82366,standard,2026-04-25T01:15:00+00:00,2026-04-25T15:15:00+00:00,complaint,neutral,normal,escalate,create_ticket,synthetic_generator
evt_01583,general_question:07,cust_0268,email,"Hey - is there a student discount available on my monthly plan, whenever you get a chance. Regards.",ord_71344,enterprise,2026-04-13T19:10:00+00:00,2026-04-14T23:10:00+00:00,general_question,neutral,normal,auto_resolve,knowledge_response,synthetic_generator
evt_01584,tracking_request:13,cust_0406,social,"Hi there, looking for an update on where the running shoes has got to. Please let me know.",ord_31404,enterprise,2026-04-13T08:00:00+00:00,2026-04-15T04:00:00+00:00,tracking_request,neutral,normal,send_tracking_update,send_tracking_update,synthetic_generator
evt_01585,refund_request:02,cust_0218,email,"Hello, Honestly, can you send this the replacement charger back and return teh payment. I expected better than this. Regards.",ord_11766,enterprise,2026-04-29T04:50:00+00:00,2026-04-29T11:50:00+00:00,refund_request,neutral,high,refund_review,refund_review,synthetic_generator
evt_01586,refund_request:11,cust_0617,social,"Hi there, is it possible to undo the purchase of the kitchen scale. Please let me know.",ord_65805,standard,2026-04-20T00:52:00+00:00,2026-04-20T18:52:00+00:00,refund_request,neutral,normal,refund_review,refund_review,synthetic_generator
evt_01587,tracking_request:05,cust_0452,social,"Good morning, Hello, I want to follow the journey of my order 88214. Thanks. Please let me know.",ord_72760,standard,2026-04-26T20:58:00+00:00,2026-04-29T20:58:00+00:00,tracking_request,neutral,normal,send_tracking_update,send_tracking_update,synthetic_generator
evt_01588,refund_request:09,cust_0031,email,"I am returning the standing desk, what happens with teh payment. Please advise. Thanks.",ord_58417,standard,2026-04-19T18:36:00+00:00,2026-04-20T22:36:00+00:00,refund_request,neutral,normal,refund_review,refund_review,synthetic_generator
evt_01589,complaint:00,cust_0500,chat,"Good morning, this is the third time I have written about the replacement charger and nobody replies. At this point I have run out of patience. Thanks.",ord_31271,free,2026-05-02T18:56:00+00:00,2026-05-03T06:56:00+00:00,complaint,negative,normal,escalate,create_ticket,synthetic_generator
evt_01590,complaint:12,cust_0446,phone,"Hi, This is disappointing - I keep being promised callbacks about order 40917 that never happen.",ord_46786,standard,2026-04-21T13:00:00+00:00,2026-04-22T06:00:00+00:00,complaint,negative,normal,escalate,create_ticket,synthetic_generator
evt_01591,tracking_request:06,cust_0545,phone,"Hi, could you tell me which stage order 40917 is at. Regards.",ord_97126,standard,2026-04-06T10:22:00+00:00,2026-04-07T17:22:00+00:00,tracking_request,neutral,normal,send_tracking_update,send_tracking_update,synthetic_generator
evt_01592,general_question:12,cust_0305,email,are spare parts available for the replacement charger. Appreciate it.,ord_20456,standard,2026-04-22T11:45:00+00:00,2026-04-23T20:45:00+00:00,general_question,neutral,normal,auto_resolve,knowledge_response,synthetic_generator
evt_01593,delivery_issue:01,cust_0688,email,"Good morning, This is disappointing - the parcel with the running shoes is running behind schedule. Thanks.",ord_12069,free,2026-04-06T18:14:00+00:00,2026-04-09T17:14:00+00:00,delivery_issue,negative,normal,offer_credit,apply_credit,synthetic_generator
evt_01594,tracking_request:01,cust_0117,phone,"Hello, can I get a status update on the standing desk. Appreciate it.",ord_98117,standard,2026-05-02T20:33:00+00:00,2026-05-03T02:33:00+00:00,tracking_request,negative,normal,send_tracking_update,send_tracking_update,synthetic_generator
evt_01595,delivery_issue:04,cust_0434,social,"Hi, shipment containing the annual subscription seems stuck at the depot. Please advise. Appreciate it.",ord_16766,free,2026-04-24T06:35:00+00:00,2026-04-26T21:35:00+00:00,delivery_issue,neutral,normal,offer_credit,apply_credit,synthetic_generator
evt_01596,delivery_issue:04,cust_0899,chat,"Hi, Hi there, shipment containing the running shoes seems stuck at the depot.",ord_15165,standard,2026-04-24T23:35:00+00:00,2026-04-26T11:35:00+00:00,delivery_issue,neutral,normal,offer_credit,apply_credit,synthetic_generator
evt_01597,ambiguous:06,cust_0700,chat,"Hello, Hello, I have given up waiting for the kitchen scale, just close it out for me. Thanks. Regards.",ord_25469,free,2026-04-07T06:17:00+00:00,2026-04-09T06:17:00+00:00,refund_request,neutral,normal,refund_review,refund_review,synthetic_generator
evt_01598,ambiguous:03,cust_0237,phone,still waiting on the wireless keyboard and still nobody has explained why. At this point I have run out of patience. Please let me know.,ord_57076,enterprise,2026-05-03T07:02:00+00:00,2026-05-03T13:02:00+00:00,complaint,negative,high,escalate,create_ticket,synthetic_generator
evt_01599,refund_request:05,cust_0388,phone,"Hi, the order 88214 arrived damaged so I want compensation for it. At this point I have run out of patience.",ord_28166,standard,2026-04-08T06:32:00+00:00,2026-04-10T16:32:00+00:00,refund_request,negative,normal,refund_review,refund_review,synthetic_generator
evt_01600,refund_request:06,cust_0465,chat,"Good morning, Hi there, how do I get my funds returned for order 40917. Thanks.",ord_73318,free,2026-04-16T05:29:00+00:00,2026-04-18T04:29:00+00:00,refund_request,neutral,normal,refund_review,refund_review,synthetic_generator
evt_01601,complaint:04,cust_0395,phone,"Hi, the handling of the replacement charger has been unacceptable. This has been a frustrating experience. Thanks.",ord_98408,free,2026-04-09T19:04:00+00:00,2026-04-09T20:04:00+00:00,complaint,negative,high,escalate,create_ticket,synthetic_generator
evt_01602,complaint:07,cust_0117,chat,"Hey - Hi there, I have been passed between four agents about the running shoes.",ord_81073,free,2026-04-28T03:33:00+00:00,2026-04-30T10:33:00+00:00,complaint,neutral,normal,escalate,create_ticket,synthetic_generator
evt_01603,general_question:07,cust_0823,social,"Hello, Hello, is there a student discount available on the running shoes. Thanks. Please let me know.",ord_90385,enterprise,2026-05-04T17:32:00+00:00,2026-05-07T00:32:00+00:00,general_question,neutral,normal,auto_resolve,knowledge_response,synthetic_generator
evt_01604,general_question:09,cust_0791,email,can order 40917 be gift wrapped. This has been a frustrating experience. Regards.,ord_66551,standard,2026-04-13T23:04:00+00:00,2026-04-14T06:04:00+00:00,general_question,negative,normal,auto_resolve,knowledge_response,synthetic_generator
evt_01605,delivery_issue:02,cust_0661,email,"Hi, the replacement charger was meant to arrive on Tuesday and it is still not here. No rush at all, you have been helpful. Regards.",ord_31665,free,2026-05-02T14:55:00+00:00,2026-05-05T00:55:00+00:00,delivery_issue,positive,normal,offer_credit,apply_credit,synthetic_generator
evt_01606,delivery_issue:01,cust_0289,social,"the parcel with order 88214 is running behind schedule, and I am not happy about how long it has taken. Please let me know.",ord_78586,free,2026-04-17T11:04:00+00:00,2026-04-17T21:04:00+00:00,delivery_issue,negative,normal,offer_credit,apply_credit,synthetic_generator
evt_01607,refund_request:12,cust_0757,email,"Good morning, I want to send the running shoes back for a credit to my account. Your team has been great so far, thank you. Please let me know.",ord_10641,standard,2026-04-24T16:09:00+00:00,2026-04-27T08:09:00+00:00,refund_request,positive,normal,refund_review,refund_review,synthetic_generator
evt_01608,refund_request:05,cust_0004,email,"Hi, the the replacement charger arrived damaged so I want compensation for it. No rush at all, you have been helpful.",ord_51723,standard,2026-04-07T13:55:00+00:00,2026-04-08T08:55:00+00:00,refund_request,positive,normal,refund_review,refund_review,synthetic_generator
evt_01609,complaint:07,cust_0655,social,Hey - This is disappointing - I have been passed between four agents about the running shoes.,ord_38571,free,2026-04-19T17:05:00+00:00,2026-04-22T01:05:00+00:00,complaint,negative,normal,escalate,create_ticket,synthetic_generator
evt_01610,general_question:04,cust_0202,chat,"Hello, how do I add the blue headphones to an existing order. Thanks. Regards.",ord_93902,standard,2026-04-25T20:25:00+00:00,2026-04-27T01:25:00+00:00,general_question,neutral,normal,auto_resolve,knowledge_response,synthetic_generator
evt_01611,delivery_issue:11,cust_0100,phone,nobody has been able to deliver order 40917 yet. Regards.,ord_26993,free,2026-04-13T02:50:00+00:00,2026-04-13T04:50:00+00:00,delivery_issue,neutral,high,offer_credit,apply_credit,synthetic_generator
evt_01612,general_question:05,cust_0627,social,"Hi, Hi there, what payment methods work for order 40917. Appreciate it.",ord_45859,standard,2026-04-17T12:48:00+00:00,2026-04-20T03:48:00+00:00,general_question,neutral,normal,auto_resolve,knowledge_response,synthetic_generator
evt_01613,refund_request:02,cust_0354,email,"Hey - Hello, can you send this the blue headphones back and return the payment. Thanks.",ord_81396,free,2026-04-24T04:52:00+00:00,2026-04-25T11:52:00+00:00,refund_request,neutral,normal,refund_review,refund_review,synthetic_generator
evt_01614,refund_request:05,cust_0456,email,"Good morning, the the replacement charger arrived damaged so I want compensation for it. Please advise.",ord_66471,standard,2026-04-30T21:35:00+00:00,2026-05-02T07:35:00+00:00,refund_request,neutral,normal,refund_review,refund_review,synthetic_generator
evt_01615,tracking_request:12,cust_0640,email,"Hello, can you confirm the expected date for order 40917, whenever you get a chance. Appreciate it.",ord_76060,standard,2026-05-04T18:26:00+00:00,2026-05-05T07:26:00+00:00,tracking_request,neutral,normal,send_tracking_update,send_tracking_update,synthetic_generator
evt_01616,tracking_request:08,cust_0428,social,"Hey - Hello, when is order 88214 scheduled to arrive. Thanks. Thanks.",ord_26171,standard,2026-04-25T23:26:00+00:00,2026-04-28T21:26:00+00:00,tracking_request,neutral,normal,send_tracking_update,send_tracking_update,synthetic_generator
evt_01617,tracking_request:06,cust_0685,chat,"Hello, could you tell me which stage the annual subscription is at. Please let me know.",ord_79598,enterprise,2026-04-16T11:08:00+00:00,2026-04-18T09:08:00+00:00,tracking_request,neutral,normal,send_tracking_update,send_tracking_update,synthetic_generator
evt_01618,refund_request:12,cust_0861,social,"Hello, I want to send the wireless keyboard back for a credit to my account. No rush at all, you have been helpful. Please let me know.",ord_16981,standard,2026-05-05T05:22:00+00:00,2026-05-08T00:22:00+00:00,refund_request,positive,normal,refund_review,refund_review,synthetic_generator
evt_01619,complaint:03,cust_0624,email,Hey - nobody in your team seems to take my monthly plan seriously. I have had to chase this repeatedly.,ord_90211,enterprise,2026-04-19T22:18:00+00:00,2026-04-20T14:18:00+00:00,complaint,negative,normal,escalate,create_ticket,synthetic_generator
evt_01620,ambiguous:02,cust_0451,social,"no idea where the wireless keyboard is, can someone actually look into this, whenever you get a chance. Appreciate it.",ord_32584,standard,2026-05-03T18:26:00+00:00,2026-05-05T05:26:00+00:00,tracking_request,neutral,normal,send_tracking_update,send_tracking_update,synthetic_generator
evt_01621,delivery_issue:08,cust_0228,social,Hey - the standing desk was returned to sender without anyone contacting me. This has been a frustrating experience.,ord_70733,free,2026-04-30T19:48:00+00:00,2026-05-01T22:48:00+00:00,delivery_issue,negative,normal,offer_credit,apply_credit,synthetic_generator
evt_01622,ambiguous:05,cust_0404,social,"Hello, Hello, this is the second delivery of my monthly plan you have got wrong. Thanks.",ord_60713,free,2026-04-20T05:29:00+00:00,2026-04-22T16:29:00+00:00,complaint,neutral,normal,escalate,create_ticket,synthetic_generator
evt_01623,delivery_issue:00,cust_0807,phone,Hey - This is disappointing - my the annual subscription still has not turned up.,ord_72330,free,2026-05-05T19:39:00+00:00,2026-05-08T02:39:00+00:00,delivery_issue,negative,normal,offer_credit,apply_credit,synthetic_generator
evt_01624,tracking_request:07,cust_0543,chat,Thanks for the help earlier - is there a reference number I can use to watch the kitchen scale. Regards.,ord_42716,free,2026-04-26T17:07:00+00:00,2026-04-29T15:07:00+00:00,tracking_request,positive,normal,send_tracking_update,send_tracking_update,synthetic_generator
evt_01625,general_question:05,cust_0617,chat,what payment methods work for the replacement charger. Please advise. Appreciate it.,ord_79429,enterprise,2026-04-26T23:56:00+00:00,2026-04-28T16:56:00+00:00,general_question,neutral,normal,auto_resolve,knowledge_response,synthetic_generator
evt_01626,refund_request:04,cust_0431,social,"Hey - requesting reimbursement for oder 40917, which is really not good enough. pls let me know.",ord_45086,standard,2026-04-07T22:20:00+00:00,2026-04-09T09:20:00+00:00,refund_request,negative,normal,refund_review,refund_review,synthetic_generator
evt_01627,delivery_issue:01,cust_0703,chat,"Good morning, Hi there, the parcel with the annual subscription is running behind schedule.",ord_52781,standard,2026-04-15T09:40:00+00:00,2026-04-16T19:40:00+00:00,delivery_issue,neutral,normal,offer_credit,apply_credit,synthetic_generator
evt_01628,delivery_issue:09,cust_0138,social,"Hey - delivery of order 40917 keeps getting rescheduled, which is really not good enough.",ord_58174,standard,2026-05-05T10:00:00+00:00,2026-05-06T16:00:00+00:00,delivery_issue,negative,normal,offer_credit,apply_credit,synthetic_generator
evt_01629,delivery_issue:01,cust_0227,phone,"Hi, the parcel with the wireless keyboard is running behind schedule. At this point I have run out of patience. Thanks.",ord_38981,standard,2026-04-28T14:20:00+00:00,2026-04-28T22:20:00+00:00,delivery_issue,negative,normal,offer_credit,apply_credit,synthetic_generator
evt_01630,delivery_issue:12,cust_0181,social,"Good morning, the estimated date for the blue headphones has passed with no update. At this point I have run out of patience. Thanks.",ord_63498,free,2026-04-16T10:18:00+00:00,2026-04-19T03:18:00+00:00,delivery_issue,negative,normal,offer_credit,apply_credit,synthetic_generator
evt_01631,delivery_issue:11,cust_0664,email,Hey - nobody has been able to deliver my monthly plan yet. Please let me know.,ord_33436,standard,2026-04-17T23:26:00+00:00,2026-04-19T09:26:00+00:00,delivery_issue,neutral,normal,offer_credit,apply_credit,synthetic_generator
evt_01632,delivery_issue:10,cust_0179,chat,the tracking for the annual subscription has not moved in five days. This has been a frustrating experience. Please let me know.,ord_44361,enterprise,2026-04-20T23:09:00+00:00,2026-04-23T19:09:00+00:00,delivery_issue,negative,normal,offer_credit,apply_credit,synthetic_generator
evt_01633,complaint:13,cust_0655,phone,"Hi, I have lost confidence in how you handle things like my monthly plan. This has been a frustrating experience. Please let me know.",ord_68772,standard,2026-04-17T18:03:00+00:00,2026-04-18T22:03:00+00:00,complaint,negative,normal,escalate,create_ticket,synthetic_generator
evt_01634,delivery_issue:10,cust_0175,social,"Honestly, the tracking for order 40917 has not moved in five days. I expected better than this.",ord_75733,standard,2026-04-16T18:15:00+00:00,2026-04-17T20:15:00+00:00,delivery_issue,negative,normal,offer_credit,apply_credit,synthetic_generator
evt_01635,tracking_request:00,cust_0189,chat,"Good morning, where is my the replacement charger right now. This has been a frustrating experience. Appreciate it.",ord_19668,enterprise,2026-04-15T15:30:00+00:00,2026-04-17T16:30:00+00:00,tracking_request,negative,normal,send_tracking_update,send_tracking_update,synthetic_generator
evt_01636,ambiguous:07,cust_0582,email,Hey - the courier says delivered but the replacement charger is not here. Really appreciate teh quick responses previously. Appreciate it.,ord_43350,free,2026-05-01T05:32:00+00:00,2026-05-03T22:32:00+00:00,delivery_issue,positive,normal,offer_credit,apply_credit,synthetic_generator
evt_01637,delivery_issue:10,cust_0501,email,"Hi, Thanks for teh help earlier - the tracking for teh blue headphones has not moved in five days. Please let me know.",ord_47557,free,2026-04-18T10:23:00+00:00,2026-04-18T16:23:00+00:00,delivery_issue,positive,normal,offer_credit,apply_credit,synthetic_generator
evt_01638,tracking_request:06,cust_0470,phone,"Hello, could you tell me which stage the wireless keyboard is at, whenever you get a chance. Please let me know.",ord_88914,free,2026-04-07T07:02:00+00:00,2026-04-10T02:02:00+00:00,tracking_request,neutral,normal,send_tracking_update,send_tracking_update,synthetic_generator
evt_01639,general_question:05,cust_0228,chat,"Good morning, what payment methods work for order 88214. No rush at all, you have been helpful. Appreciate it.",ord_16987,enterprise,2026-05-03T03:06:00+00:00,2026-05-03T08:06:00+00:00,general_question,positive,high,auto_resolve,knowledge_response,synthetic_generator
evt_01640,tracking_request:09,cust_0679,email,This is disappointing - what does the courier say about the running shoes at the moment.,ord_72229,standard,2026-04-10T15:30:00+00:00,2026-04-11T18:30:00+00:00,tracking_request,negative,normal,send_tracking_update,send_tracking_update,synthetic_generator
evt_01641,delivery_issue:05,cust_0323,email,Hey - it has been two weeks and the blue headphones has not reached me. At this point I have run out of patience. Regards.,ord_79400,standard,2026-04-23T02:22:00+00:00,2026-04-23T21:22:00+00:00,delivery_issue,negative,normal,offer_credit,apply_credit,synthetic_generator
evt_01642,tracking_request:06,cust_0884,social,"Good morning, could you tell me which stage my monthly plan is at. Regards.",ord_82482,free,2026-04-19T21:41:00+00:00,2026-04-21T05:41:00+00:00,tracking_request,neutral,normal,send_tracking_update,send_tracking_update,synthetic_generator
evt_01643,general_question:06,cust_0106,phone,"Good morning, do you ship the running shoes internationally. No rush at all, you have been helpful. Please let me know.",ord_34355,free,2026-04-11T20:55:00+00:00,2026-04-13T06:55:00+00:00,general_question,positive,normal,auto_resolve,knowledge_response,synthetic_generator
evt_01644,delivery_issue:03,cust_0738,phone,"Hi, courier marked the kitchen scale as attempted but nobody came. Please advise. Please let me know.",ord_46025,free,2026-04-29T10:27:00+00:00,2026-05-01T07:27:00+00:00,delivery_issue,neutral,normal,offer_credit,apply_credit,synthetic_generator
evt_01645,refund_request:07,cust_0257,phone,"Good morning, the delivery of the annual subscription was fine but I changed my mind and want a refund. Your team has been great so far, thank you. Appreciate it.",ord_85771,free,2026-04-29T19:00:00+00:00,2026-05-02T04:00:00+00:00,refund_request,positive,normal,refund_review,refund_review,synthetic_generator
evt_01646,general_question:11,cust_0345,phone,"Hey - Happy with the service overall, just do I need an account to buy the blue headphones. Thanks.",ord_31927,enterprise,2026-05-04T22:35:00+00:00,2026-05-05T11:35:00+00:00,general_question,positive,normal,auto_resolve,knowledge_response,synthetic_generator
evt_01647,tracking_request:10,cust_0640,email,"Hey - just checking in on the progress of the standing desk, whenever you get a chance. Appreciate it.",ord_34625,free,2026-04-07T22:03:00+00:00,2026-04-09T14:03:00+00:00,tracking_request,neutral,normal,send_tracking_update,send_tracking_update,synthetic_generator
evt_01648,delivery_issue:09,cust_0683,chat,"Hi, delivery of the blue headphones keeps getting rescheduled. This has been a frustrating experience. Thanks.",ord_71089,free,2026-04-20T11:20:00+00:00,2026-04-21T12:20:00+00:00,delivery_issue,negative,normal,offer_credit,apply_credit,synthetic_generator
evt_01649,delivery_issue:05,cust_0081,chat,"Hello, it has been two weeks and the standing desk has not reached me, which is really not good enough. Please let me know.",ord_11289,standard,2026-04-16T01:27:00+00:00,2026-04-17T01:27:00+00:00,delivery_issue,negative,normal,offer_credit,apply_credit,synthetic_generator
evt_01650,ambiguous:02,cust_0324,email,"Hi, Thanks for the help earlier - no idea where the annual subscription is, can someone actually look into this. Appreciate it.",ord_37174,free,2026-04-16T01:21:00+00:00,2026-04-17T23:21:00+00:00,tracking_request,positive,normal,send_tracking_update,send_tracking_update,synthetic_generator
evt_01651,general_question:13,cust_0739,email,Hey - Quick question - what happens to my subscription if I pause the standing desk. Please let me know.,ord_81012,standard,2026-04-18T19:12:00+00:00,2026-04-19T04:12:00+00:00,general_question,neutral,normal,auto_resolve,knowledge_response,synthetic_generator
evt_01652,general_question:06,cust_0686,social,"Hello, do you ship the annual subscription internationally, and I am not happy about how long it has taken. Regards.",ord_54806,free,2026-05-04T02:56:00+00:00,2026-05-05T14:56:00+00:00,general_question,negative,normal,auto_resolve,knowledge_response,synthetic_generator
evt_01653,tracking_request:03,cust_0503,phone,"Hey - Honestly, any news on when the annual subscription will get here. I expected better than this. Please let me know.",ord_51953,free,2026-05-04T00:54:00+00:00,2026-05-04T03:54:00+00:00,tracking_request,negative,normal,send_tracking_update,send_tracking_update,synthetic_generator
evt_01654,ambiguous:07,cust_0093,phone,"Hello, Hi there, the courier says delivered but order 40917 is not here.",ord_39178,enterprise,2026-04-25T06:25:00+00:00,2026-04-25T10:25:00+00:00,delivery_issue,neutral,high,offer_credit,apply_credit,synthetic_generator
evt_01655,refund_request:06,cust_0676,phone,Hey - This is disappointing - how do I get my funds returned for my monthly plan. Regards.,ord_68198,free,2026-04-30T22:39:00+00:00,2026-05-03T16:39:00+00:00,refund_request,negative,normal,refund_review,refund_review,synthetic_generator
evt_01656,complaint:08,cust_0516,social,your process for order 40917 has cost me an entire afternoon. At this point I have run out of patience.,ord_27860,free,2026-04-08T14:23:00+00:00,2026-04-10T08:23:00+00:00,complaint,negative,normal,escalate,create_ticket,synthetic_generator
evt_01657,delivery_issue:13,cust_0259,email,"Good morning, Honestly, my order containing the blue headphones appears to be lost in transit. I expected better than this. Please let me know.",ord_26954,standard,2026-04-24T16:53:00+00:00,2026-04-25T04:53:00+00:00,delivery_issue,negative,normal,offer_credit,apply_credit,synthetic_generator
evt_01658,tracking_request:00,cust_0690,chat,"Hello, where is my the wireless keyboard right now. Please advise. Appreciate it.",ord_20984,free,2026-04-14T15:55:00+00:00,2026-04-15T16:55:00+00:00,tracking_request,neutral,normal,send_tracking_update,send_tracking_update,synthetic_generator
evt_01659,delivery_issue:13,cust_0666,phone,"Good morning, Quick question - my order containing the standing desk appears to be lost in transit. Regards.",ord_99869,free,2026-04-24T03:36:00+00:00,2026-04-26T01:36:00+00:00,delivery_issue,neutral,normal,offer_credit,apply_credit,synthetic_generator
evt_01660,tracking_request:02,cust_0121,email,"Hello, what is the current location of the parcel with the annual subscription. Thanks. Regards.",ord_29878,free,2026-05-02T06:24:00+00:00,2026-05-03T00:24:00+00:00,tracking_request,neutral,normal,send_tracking_update,send_tracking_update,synthetic_generator
evt_01661,tracking_request:02,cust_0732,chat,"Good morning, what is the current location of the parcel with the annual subscription.",ord_60878,standard,2026-04-22T06:23:00+00:00,2026-04-22T19:23:00+00:00,tracking_request,neutral,normal,send_tracking_update,send_tracking_update,synthetic_generator
evt_01662,ambiguous:04,cust_0065,phone,"Hello, Hello, what are my options if the kitchen scale never shows up. Thanks. Regards.",ord_10789,standard,2026-05-03T06:58:00+00:00,2026-05-04T09:58:00+00:00,general_question,neutral,normal,auto_resolve,knowledge_response,synthetic_generator
evt_01663,refund_request:09,cust_0472,email,"Good morning, I am returning the blue headphones, what happens with the payment, whenever you get a chance.",ord_69645,free,2026-04-17T08:21:00+00:00,2026-04-18T12:21:00+00:00,refund_request,neutral,normal,refund_review,refund_review,synthetic_generator
evt_01664,tracking_request:06,cust_0178,chat,"Good morning, Hello, could you tell me which stage teh running shoes is at. Thanks.",ord_13371,standard,2026-04-20T15:27:00+00:00,2026-04-21T00:27:00+00:00,tracking_request,neutral,normal,send_tracking_update,send_tracking_update,synthetic_generator
evt_01665,complaint:05,cust_0229,chat,"Hey - I am extremely let down by how order 40917 was managed, which is really not good enough. Regards.",ord_67496,free,2026-04-23T00:05:00+00:00,2026-04-25T03:05:00+00:00,complaint,negative,normal,escalate,create_ticket,synthetic_generator
evt_01666,complaint:04,cust_0607,chat,Hey - the handling of the wireless keyboard has been unacceptable. Please advise. Appreciate it.,ord_16331,enterprise,2026-05-02T07:41:00+00:00,2026-05-03T01:41:00+00:00,complaint,neutral,normal,escalate,create_ticket,synthetic_generator
evt_01667,general_question:13,cust_0795,social,"Hi there, what happens to my subscription if I pause the blue headphones.",ord_71187,free,2026-04-14T19:30:00+00:00,2026-04-15T20:30:00+00:00,general_question,neutral,normal,auto_resolve,knowledge_response,synthetic_generator
evt_01668,refund_request:13,cust_0334,email,"Good morning, raise a return for the annual subscription and refund me please. Please advise. Thanks.",ord_35551,standard,2026-04-28T09:52:00+00:00,2026-04-28T18:52:00+00:00,refund_request,neutral,normal,refund_review,refund_review,synthetic_generator
evt_01669,delivery_issue:09,cust_0347,social,"Hello, delivery of the kitchen scale keeps getting rescheduled. No rush at all, you have been helpful. Thanks.",ord_56708,enterprise,2026-04-17T08:41:00+00:00,2026-04-19T10:41:00+00:00,delivery_issue,positive,normal,offer_credit,apply_credit,synthetic_generator
evt_01670,general_question:07,cust_0447,email,"Good morning, is there a student discount available on the replacement charger. No rush at all, you have been helpful. Thanks.",ord_76820,standard,2026-04-11T21:19:00+00:00,2026-04-12T23:19:00+00:00,general_question,positive,normal,auto_resolve,knowledge_response,synthetic_generator
evt_01671,tracking_request:01,cust_0702,phone,"Good morning, can I get a status update on the kitchen scale. Really appreciate the quick responses previously. Appreciate it.",ord_23325,free,2026-04-06T13:12:00+00:00,2026-04-07T00:12:00+00:00,tracking_request,positive,normal,send_tracking_update,send_tracking_update,synthetic_generator
evt_01672,tracking_request:05,cust_0314,email,Quick question - I want to follow the journey of my the kitchen scale. Please let me know.,ord_55488,free,2026-04-27T08:12:00+00:00,2026-04-29T06:12:00+00:00,tracking_request,neutral,normal,send_tracking_update,send_tracking_update,synthetic_generator
evt_01673,delivery_issue:00,cust_0688,social,my order 40917 still has not turned up. At this point I have run out of patience.,ord_69220,standard,2026-05-03T07:49:00+00:00,2026-05-04T11:49:00+00:00,delivery_issue,negative,normal,offer_credit,apply_credit,synthetic_generator
evt_01674,refund_request:06,cust_0725,phone,"Hello, Hello, how do I get my funds returned for the wireless keyboard. Thanks. Thanks.",ord_98070,standard,2026-05-01T05:12:00+00:00,2026-05-01T09:12:00+00:00,refund_request,neutral,normal,refund_review,refund_review,synthetic_generator
evt_01675,delivery_issue:12,cust_0588,chat,"Hey - Hello, the estimated date for my monthly plan has passed with no update. Thanks. Please let me know.",ord_63583,free,2026-04-21T14:58:00+00:00,2026-04-22T20:58:00+00:00,delivery_issue,positive,normal,offer_credit,apply_credit,synthetic_generator
evt_01676,delivery_issue:05,cust_0633,chat,"it has been two weeks and the blue headphones has not reached me, and I am not happy about how long it has taken. Thanks.",ord_64003,standard,2026-04-17T21:39:00+00:00,2026-04-17T22:39:00+00:00,delivery_issue,positive,high,offer_credit,apply_credit,synthetic_generator
evt_01677,ambiguous:03,cust_0427,phone,"Hey - still waiting on order 88214 and still nobody has explained why, and I am not happy about how long it has taken. pls let me know.",ord_14651,standard,2026-04-19T21:09:00+00:00,2026-04-21T20:09:00+00:00,complaint,negative,normal,escalate,create_ticket,synthetic_generator
evt_01678,tracking_request:03,cust_0667,chat,Hey - Quick question - any news on when the replacement charger will get here.,ord_31485,standard,2026-05-02T00:47:00+00:00,2026-05-02T17:47:00+00:00,tracking_request,neutral,normal,send_tracking_update,send_tracking_update,synthetic_generator
evt_01679,complaint:11,cust_0421,chat,Hey - the way the annual subscription was dealt with reflects badly on your company. I have had to chase this repeatedly. Regards.,ord_67496,free,2026-04-22T23:28:00+00:00,2026-04-23T10:28:00+00:00,complaint,negative,normal,escalate,create_ticket,synthetic_generator
evt_01680,general_question:11,cust_0021,phone,"do I need an account to buy the blue headphones, whenever you get a chance.",ord_97225,standard,2026-05-02T03:10:00+00:00,2026-05-02T11:10:00+00:00,general_question,positive,normal,auto_resolve,knowledge_response,synthetic_generator
evt_01681,delivery_issue:04,cust_0536,chat,Hey - shipment containing the annual subscription seems stuck at the depot. Please advise. Regards.,ord_13244,free,2026-04-20T11:38:00+00:00,2026-04-21T11:38:00+00:00,delivery_issue,neutral,normal,offer_credit,apply_credit,synthetic_generator
evt_01682,delivery_issue:02,cust_0492,chat,"Hello, the running shoes was meant to arrive on Tuesday and it is still not here. Please advise.",ord_73921,standard,2026-04-29T01:01:00+00:00,2026-04-30T05:01:00+00:00,delivery_issue,neutral,normal,offer_credit,apply_credit,synthetic_generator
evt_01683,delivery_issue:02,cust_0817,phone,"Hi there, my monthly plan was meant to arrive on Tuesday and it is still not here. Please let me know.",ord_37346,standard,2026-04-06T10:43:00+00:00,2026-04-06T15:43:00+00:00,delivery_issue,neutral,normal,offer_credit,apply_credit,synthetic_generator
evt_01684,delivery_issue:00,cust_0718,chat,"Hello, my the blue headphones still has not turned up. At this point I have run out of patience. Appreciate it.",ord_64513,free,2026-04-20T04:28:00+00:00,2026-04-22T01:28:00+00:00,delivery_issue,negative,normal,offer_credit,apply_credit,synthetic_generator
evt_01685,complaint:11,cust_0664,email,"Hello, teh way the kitchen scale was dealt with reflects badly on your company. I have had to chase this repeatedly. Regards.",ord_17758,standard,2026-05-03T12:08:00+00:00,2026-05-04T07:08:00+00:00,complaint,negative,normal,escalate,create_ticket,synthetic_generator
evt_01686,delivery_issue:08,cust_0840,email,"Hey - the replacement charger was returned to sender without anyone contacting me. No rush at all, you have been helpful.",ord_41861,standard,2026-04-10T21:00:00+00:00,2026-04-11T11:00:00+00:00,delivery_issue,positive,normal,offer_credit,apply_credit,synthetic_generator
evt_01687,complaint:10,cust_0536,phone,"Good morning, I have received three contradictory answers about the annual subscription. This has been a frustrating experience. Please let me know.",ord_59892,free,2026-04-10T16:36:00+00:00,2026-04-12T03:36:00+00:00,complaint,negative,normal,escalate,create_ticket,synthetic_generator
evt_01688,general_question:10,cust_0105,email,"Hello, what is the difference between my monthly plan and the newer version. Thanks. Regards.",ord_24012,free,2026-04-16T22:12:00+00:00,2026-04-17T04:12:00+00:00,general_question,neutral,normal,auto_resolve,knowledge_response,synthetic_generator
evt_01689,refund_request:01,cust_0809,email,Hey - please reverse the charge on the blue headphones. I have had to chase this repeatedly. Regards.,ord_80419,enterprise,2026-05-01T08:34:00+00:00,2026-05-02T17:34:00+00:00,refund_request,negative,normal,refund_review,refund_review,synthetic_generator
evt_01690,delivery_issue:13,cust_0899,email,"Hey - my order containing the wireless keyboard appears to be lost in transit, which is really not good enough. Please let me know.",ord_98895,standard,2026-04-13T16:06:00+00:00,2026-04-13T19:06:00+00:00,delivery_issue,negative,normal,offer_credit,apply_credit,synthetic_generator
evt_01691,delivery_issue:12,cust_0466,social,"Honestly, the estimated date for order 88214 has passed with no update. I expected better than this. Regards.",ord_56643,standard,2026-04-18T05:48:00+00:00,2026-04-19T18:48:00+00:00,delivery_issue,negative,normal,offer_credit,apply_credit,synthetic_generator
evt_01692,tracking_request:11,cust_0172,email,"Good morning, how far along is the delivery of the annual subscription. Really appreciate the quick responses previously. Appreciate it.",ord_34757,enterprise,2026-04-07T10:11:00+00:00,2026-04-07T19:11:00+00:00,tracking_request,positive,normal,send_tracking_update,send_tracking_update,synthetic_generator
evt_01693,delivery_issue:08,cust_0881,phone,"Good morning, the running shoes was returned to sender without anyone contacting me. Thanks.",ord_64072,free,2026-04-18T20:26:00+00:00,2026-04-20T05:26:00+00:00,delivery_issue,neutral,normal,offer_credit,apply_credit,synthetic_generator
evt_01694,refund_request:06,cust_0362,chat,"Happy with the service overall, just how do I get my funds returned for order 88214.",ord_72847,enterprise,2026-04-24T20:37:00+00:00,2026-04-25T13:37:00+00:00,refund_request,positive,normal,refund_review,refund_review,synthetic_generator
evt_01695,refund_request:08,cust_0142,chat,Hey - please cancel the kitchen scale and put the amount back on my card. Please let me know.,ord_51195,standard,2026-04-22T18:57:00+00:00,2026-04-23T21:57:00+00:00,refund_request,neutral,normal,refund_review,refund_review,synthetic_generator
evt_01696,complaint:03,cust_0654,email,"Hey - Hi there, nobody in your team seems to take the wireless keyboard seriously. Please let me know.",ord_80093,standard,2026-05-05T03:37:00+00:00,2026-05-06T03:37:00+00:00,complaint,negative,normal,escalate,create_ticket,synthetic_generator
evt_01697,refund_request:06,cust_0306,email,"Hey - Honestly, how do I get my funds returned for the replacement charger. I expected better than this. Thanks.",ord_85511,enterprise,2026-04-15T11:25:00+00:00,2026-04-15T23:25:00+00:00,refund_request,negative,normal,refund_review,refund_review,synthetic_generator
evt_01698,tracking_request:01,cust_0723,chat,This is disappointing - can I get a status update on the standing desk. Regards.,ord_82274,free,2026-04-17T10:52:00+00:00,2026-04-17T17:52:00+00:00,tracking_request,negative,normal,send_tracking_update,send_tracking_update,synthetic_generator
evt_01699,complaint:07,cust_0786,email,"Hi, This is disappointing - I have been passed between four agents about the replacement charger. Please let me know.",ord_50998,free,2026-04-08T17:40:00+00:00,2026-04-11T07:40:00+00:00,complaint,negative,normal,escalate,create_ticket,synthetic_generator
evt_01700,refund_request:03,cust_0824,chat,Hey - I no longer want my monthly plan and expect the amount returned. Please advise. Regards.,ord_99181,enterprise,2026-04-18T02:59:00+00:00,2026-04-19T07:59:00+00:00,refund_request,neutral,normal,refund_review,refund_review,synthetic_generator
evt_01701,complaint:02,cust_0137,phone,"I have wasted hours on my monthly plan with no resolution, whenever you get a chance. Appreciate it.",ord_23006,standard,2026-04-09T16:18:00+00:00,2026-04-12T15:18:00+00:00,complaint,neutral,normal,escalate,create_ticket,synthetic_generator
evt_01702,delivery_issue:03,cust_0731,email,"Good morning, courier marked the kitchen scale as attempted but nobody came. At this point I have run out of patience. Please let me know.",ord_78331,enterprise,2026-04-18T08:22:00+00:00,2026-04-19T12:22:00+00:00,delivery_issue,negative,normal,offer_credit,apply_credit,synthetic_generator
evt_01703,tracking_request:07,cust_0224,social,is there a reference number I can use to watch the replacement charger. At this point I have run out of patience.,ord_41972,free,2026-04-14T05:57:00+00:00,2026-04-14T17:57:00+00:00,tracking_request,negative,normal,send_tracking_update,send_tracking_update,synthetic_generator
evt_01704,refund_request:10,cust_0540,phone,"Hey - teh parcel with teh kitchen scale came late and I would rather have teh money, which is really not good enough.",ord_56004,free,2026-04-21T05:27:00+00:00,2026-04-24T00:27:00+00:00,refund_request,negative,normal,refund_review,refund_review,synthetic_generator
evt_01705,refund_request:02,cust_0525,email,"Good morning, can you send this the running shoes back and return the payment. Your team has been great so far, thank you. Please let me know.",ord_71001,free,2026-04-15T06:28:00+00:00,2026-04-16T15:28:00+00:00,refund_request,positive,normal,refund_review,refund_review,synthetic_generator
evt_01706,complaint:08,cust_0320,email,"Hey - your process for order 88214 has cost me an entire afternoon, which is really not good enough. pls let me know.",ord_24510,enterprise,2026-04-16T05:06:00+00:00,2026-04-17T16:06:00+00:00,complaint,negative,normal,escalate,create_ticket,synthetic_generator
evt_01707,tracking_request:08,cust_0304,chat,"Hello, Quick question - when is order 88214 scheduled to arrive. Regards.",ord_58095,standard,2026-04-26T10:44:00+00:00,2026-04-27T02:44:00+00:00,tracking_request,neutral,normal,send_tracking_update,send_tracking_update,synthetic_generator
evt_01708,tracking_request:01,cust_0755,social,"Hello, can I get a status update on the standing desk. Thanks.",ord_69049,enterprise,2026-04-29T05:44:00+00:00,2026-05-01T04:44:00+00:00,tracking_request,neutral,normal,send_tracking_update,send_tracking_update,synthetic_generator
evt_01709,general_question:08,cust_0607,social,"how long does the running shoes usually take to arrive. No rush at all, you have been helpful. Please let me know.",ord_67868,standard,2026-05-04T10:34:00+00:00,2026-05-07T02:34:00+00:00,general_question,positive,normal,auto_resolve,knowledge_response,synthetic_generator
evt_01710,tracking_request:02,cust_0670,chat,"Honestly, what is the current location of the parcel with order 40917. I expected better than this. Appreciate it.",ord_99313,free,2026-04-08T16:37:00+00:00,2026-04-08T19:37:00+00:00,tracking_request,negative,normal,send_tracking_update,send_tracking_update,synthetic_generator
evt_01711,refund_request:13,cust_0611,phone,"Hello, raise a return for the blue headphones and refund me please, which is really not good enough.",ord_77830,free,2026-04-18T21:21:00+00:00,2026-04-21T10:21:00+00:00,refund_request,negative,normal,refund_review,refund_review,synthetic_generator
evt_01712,delivery_issue:00,cust_0120,email,"Hello, Quick question - my the standing desk still has not turned up.",ord_78644,enterprise,2026-05-05T06:00:00+00:00,2026-05-07T04:00:00+00:00,delivery_issue,neutral,normal,offer_credit,apply_credit,synthetic_generator
evt_01713,delivery_issue:03,cust_0168,chat,"Hey - Hello, courier marked the running shoes as attempted but nobody came. Thanks.",ord_50659,enterprise,2026-04-17T16:41:00+00:00,2026-04-19T07:41:00+00:00,delivery_issue,neutral,normal,offer_credit,apply_credit,synthetic_generator
evt_01714,general_question:09,cust_0821,social,"Good morning, can my monthly plan be gift wrapped, whenever you get a chance. Regards.",ord_36541,standard,2026-04-20T00:50:00+00:00,2026-04-21T10:50:00+00:00,general_question,neutral,normal,auto_resolve,knowledge_response,synthetic_generator
evt_01715,tracking_request:05,cust_0594,email,I want to follow the journey of my the replacement charger. Please advise. Thanks.,ord_16022,free,2026-04-29T18:28:00+00:00,2026-04-30T09:28:00+00:00,tracking_request,neutral,normal,send_tracking_update,send_tracking_update,synthetic_generator
evt_01716,refund_request:11,cust_0446,chat,"Hey - Hi there, is it possible to undo the purchase of the kitchen scale. Please let me know.",ord_43342,enterprise,2026-04-29T21:13:00+00:00,2026-04-30T03:13:00+00:00,refund_request,neutral,high,refund_review,refund_review,synthetic_generator
evt_01717,refund_request:00,cust_0239,email,"Hey - I would like my money back for order 40917, whenever you get a chance. Thanks.",ord_38752,standard,2026-04-30T00:49:00+00:00,2026-05-02T16:49:00+00:00,refund_request,neutral,normal,refund_review,refund_review,synthetic_generator
evt_01718,refund_request:04,cust_0687,email,"Hi, requesting reimbursement for the running shoes, and I am not happy about how long it has taken. Thanks.",ord_80426,enterprise,2026-04-14T22:56:00+00:00,2026-04-17T14:56:00+00:00,refund_request,negative,normal,refund_review,refund_review,synthetic_generator
evt_01719,delivery_issue:02,cust_0601,chat,"Hi there, my monthly plan was meant to arrive on Tuesday and it is still not here. Regards.",ord_22537,standard,2026-04-14T22:22:00+00:00,2026-04-15T19:22:00+00:00,delivery_issue,neutral,normal,offer_credit,apply_credit,synthetic_generator
evt_01720,complaint:07,cust_0245,email,"Hello, I have been passed between four agents about the replacement charger. This has been a frustrating experience. Thanks.",ord_80269,free,2026-04-11T05:57:00+00:00,2026-04-13T15:57:00+00:00,complaint,negative,normal,escalate,create_ticket,synthetic_generator
evt_01721,refund_request:06,cust_0327,chat,"Good morning, how do I get my funds returned for the annual subscription. This has been a frustrating experience. Thanks.",ord_96266,enterprise,2026-05-05T20:58:00+00:00,2026-05-06T21:58:00+00:00,refund_request,negative,normal,refund_review,refund_review,synthetic_generator
evt_01722,ambiguous:05,cust_0548,phone,"Hello, this is the second delivery of the kitchen scale you have got wrong. This has been a frustrating experience.",ord_78960,free,2026-04-28T21:30:00+00:00,2026-04-30T22:30:00+00:00,complaint,negative,normal,escalate,create_ticket,synthetic_generator
evt_01723,refund_request:09,cust_0530,social,"I am returning the annual subscription, what happens with the payment. Really appreciate the quick responses previously. Appreciate it.",ord_17040,standard,2026-04-29T20:45:00+00:00,2026-05-02T19:45:00+00:00,refund_request,positive,normal,refund_review,refund_review,synthetic_generator
evt_01724,tracking_request:03,cust_0575,chat,"Good morning, Quick question - any news on when teh standing desk will get here.",ord_52409,free,2026-04-30T13:23:00+00:00,2026-05-02T01:23:00+00:00,tracking_request,neutral,normal,send_tracking_update,send_tracking_update,synthetic_generator
evt_01725,tracking_request:13,cust_0869,phone,This is disappointing - looking for an update on where the running shoes has got to. Thanks.,ord_83515,free,2026-04-19T09:46:00+00:00,2026-04-20T11:46:00+00:00,tracking_request,negative,normal,send_tracking_update,send_tracking_update,synthetic_generator
evt_01726,ambiguous:05,cust_0462,social,this is the second delivery of the wireless keyboard you have got wrong. I have had to chase this repeatedly. Thanks.,ord_25691,standard,2026-04-12T09:51:00+00:00,2026-04-13T16:51:00+00:00,complaint,negative,normal,escalate,create_ticket,synthetic_generator
evt_01727,complaint:01,cust_0868,chat,"Good morning, the service around the blue headphones has been genuinely poor. This has been a frustrating experience. Thanks.",ord_33239,standard,2026-04-06T15:21:00+00:00,2026-04-06T18:21:00+00:00,complaint,negative,normal,escalate,create_ticket,synthetic_generator
evt_01728,complaint:01,cust_0040,social,"Hi, the service around the annual subscription has been genuinely poor, and I am not happy about how long it has taken. Appreciate it.",ord_29264,free,2026-04-10T11:36:00+00:00,2026-04-11T02:36:00+00:00,complaint,negative,normal,escalate,create_ticket,synthetic_generator
evt_01729,refund_request:10,cust_0178,social,"the parcel with order 40917 came late and I would rather have the money, whenever you get a chance. Thanks.",ord_29014,standard,2026-05-05T18:17:00+00:00,2026-05-08T06:17:00+00:00,refund_request,neutral,normal,refund_review,refund_review,synthetic_generator
evt_01730,general_question:00,cust_0635,chat,"Good morning, Quick question - what is the warranty period on the blue headphones.",ord_23066,enterprise,2026-05-05T12:21:00+00:00,2026-05-08T10:21:00+00:00,general_question,neutral,normal,auto_resolve,knowledge_response,synthetic_generator
evt_01731,refund_request:12,cust_0522,email,"Hi, I want to send order 40917 back for a credit to my account, and I am not happy about how long it has taken. Please let me know.",ord_54218,standard,2026-04-21T23:16:00+00:00,2026-04-22T10:16:00+00:00,refund_request,negative,normal,refund_review,refund_review,synthetic_generator
evt_01732,refund_request:04,cust_0249,email,"Hello, requesting reimbursement for the standing desk. This has been a frustrating experience. Thanks.",ord_24755,standard,2026-04-30T15:29:00+00:00,2026-05-03T05:29:00+00:00,refund_request,negative,normal,refund_review,refund_review,synthetic_generator
evt_01733,tracking_request:10,cust_0561,social,"Hi, just checking in on the progress of the annual subscription. At this point I have run out of patience. Regards.",ord_52809,free,2026-04-11T03:33:00+00:00,2026-04-13T16:33:00+00:00,tracking_request,negative,normal,send_tracking_update,send_tracking_update,synthetic_generator
evt_01734,tracking_request:04,cust_0758,chat,"Hey - please share the shipment progress for the kitchen scale, whenever you get a chance. Regards.",ord_14529,free,2026-04-20T05:24:00+00:00,2026-04-21T17:24:00+00:00,tracking_request,neutral,normal,send_tracking_update,send_tracking_update,synthetic_generator
evt_01735,delivery_issue:11,cust_0870,social,"Hi, nobody has been able to deliver the wireless keyboard yet, whenever you get a chance. Thanks.",ord_95973,standard,2026-04-25T16:52:00+00:00,2026-04-26T10:52:00+00:00,delivery_issue,neutral,normal,offer_credit,apply_credit,synthetic_generator
evt_01736,complaint:03,cust_0726,phone,"Honestly, nobody in your team seems to take the annual subscription seriously. I expected better than this. Regards.",ord_37664,standard,2026-04-07T12:08:00+00:00,2026-04-10T12:08:00+00:00,complaint,negative,normal,escalate,create_ticket,synthetic_generator
evt_01737,refund_request:10,cust_0878,chat,the parcel with the standing desk came late and I would rather have the money. Please let me know.,ord_84458,free,2026-04-19T15:24:00+00:00,2026-04-21T02:24:00+00:00,refund_request,neutral,normal,refund_review,refund_review,synthetic_generator
evt_01738,delivery_issue:01,cust_0775,social,"Hi, This is disappointing - the parcel with order 40917 is running behind schedule. Appreciate it.",ord_27930,enterprise,2026-04-27T19:34:00+00:00,2026-04-29T22:34:00+00:00,delivery_issue,negative,normal,offer_credit,apply_credit,synthetic_generator
evt_01739,complaint:12,cust_0307,chat,Hey - I keep being promised callbacks about the blue headphones that never happen. At this point I have run out of patience. Please let me know.,ord_32331,free,2026-05-04T16:07:00+00:00,2026-05-05T01:07:00+00:00,complaint,negative,normal,escalate,create_ticket,synthetic_generator
evt_01740,complaint:12,cust_0072,chat,Hey - I keep being promised callbacks about the standing desk that never happen. This has been a frustrating experience.,ord_25807,standard,2026-04-19T12:07:00+00:00,2026-04-19T21:07:00+00:00,complaint,negative,normal,escalate,create_ticket,synthetic_generator
evt_01741,complaint:05,cust_0851,email,"Good morning, I am extremely let down by how my monthly plan was managed. This has been a frustrating experience.",ord_76361,free,2026-05-01T20:49:00+00:00,2026-05-04T12:49:00+00:00,complaint,negative,normal,escalate,create_ticket,synthetic_generator
evt_01742,delivery_issue:12,cust_0637,social,"Hey - the estimated date for the blue headphones has passed with no update, and I am not happy about how long it has taken. Please let me know.",ord_47770,free,2026-04-15T18:21:00+00:00,2026-04-17T07:21:00+00:00,delivery_issue,negative,normal,offer_credit,apply_credit,synthetic_generator
evt_01743,delivery_issue:01,cust_0783,chat,"Good morning, teh parcel with the replacement charger is running behind schedule.",ord_23443,enterprise,2026-04-08T07:43:00+00:00,2026-04-10T17:43:00+00:00,delivery_issue,neutral,normal,offer_credit,apply_credit,synthetic_generator
evt_01744,general_question:07,cust_0733,chat,"Hello, is there a student discount available on order 88214, whenever you get a chance. Regards.",ord_72933,enterprise,2026-05-05T10:19:00+00:00,2026-05-06T04:19:00+00:00,general_question,neutral,normal,auto_resolve,knowledge_response,synthetic_generator
evt_01745,delivery_issue:01,cust_0129,email,Hey - the parcel with the wireless keyboard is running behind schedule. I have had to chase this repeatedly.,ord_49600,standard,2026-04-30T22:30:00+00:00,2026-05-01T11:30:00+00:00,delivery_issue,negative,normal,offer_credit,apply_credit,synthetic_generator
evt_01746,delivery_issue:10,cust_0182,phone,"teh tracking for teh running shoes has not moved in five days, which is really not good enough.",ord_92224,free,2026-04-19T23:15:00+00:00,2026-04-22T00:15:00+00:00,delivery_issue,negative,normal,offer_credit,apply_credit,synthetic_generator
evt_01747,complaint:08,cust_0230,email,your process for the standing desk has cost me an entire afternoon. This has been a frustrating experience. Appreciate it.,ord_87196,standard,2026-04-27T02:06:00+00:00,2026-04-29T21:06:00+00:00,complaint,positive,normal,escalate,create_ticket,synthetic_generator
evt_01748,tracking_request:04,cust_0372,chat,"Hello, please share the shipment progress for the annual subscription. Thanks. Regards.",ord_38528,enterprise,2026-04-10T08:59:00+00:00,2026-04-12T18:59:00+00:00,tracking_request,neutral,normal,send_tracking_update,send_tracking_update,synthetic_generator
evt_01749,complaint:07,cust_0869,phone,Hey - I have been passed between four agents about the standing desk. At this point I have run out of patience.,ord_78549,standard,2026-04-15T12:55:00+00:00,2026-04-15T17:55:00+00:00,complaint,negative,normal,escalate,create_ticket,synthetic_generator
evt_01750,ambiguous:03,cust_0392,phone,"Hi, still waiting on order 88214 and still nobody has explained why, and I am not happy about how long it has taken. Appreciate it.",ord_37533,standard,2026-05-05T17:16:00+00:00,2026-05-05T18:16:00+00:00,complaint,negative,high,escalate,create_ticket,synthetic_generator
evt_01751,refund_request:01,cust_0251,social,"Hello, please reverse the charge on my monthly plan. Please advise. Appreciate it.",ord_10233,free,2026-05-05T05:04:00+00:00,2026-05-07T21:04:00+00:00,refund_request,neutral,normal,refund_review,refund_review,synthetic_generator
evt_01752,ambiguous:03,cust_0542,email,"Happy with the service overall, just still waiting on the blue headphones and still nobody has explained why.",ord_98049,free,2026-04-27T17:44:00+00:00,2026-04-29T04:44:00+00:00,complaint,positive,normal,escalate,create_ticket,synthetic_generator
evt_01753,ambiguous:07,cust_0193,email,"the courier says delivered but the replacement charger is not here, which is really not good enough.",ord_17479,standard,2026-04-13T02:29:00+00:00,2026-04-15T16:29:00+00:00,delivery_issue,positive,normal,offer_credit,apply_credit,synthetic_generator
evt_01754,general_question:10,cust_0742,social,Hey - what is the difference between the standing desk and the newer version. Thanks.,ord_44095,enterprise,2026-04-20T12:46:00+00:00,2026-04-20T19:46:00+00:00,general_question,neutral,high,auto_resolve,knowledge_response,synthetic_generator
evt_01755,delivery_issue:09,cust_0591,chat,"Hi, delivery of order 40917 keeps getting rescheduled, whenever you get a chance. Please let me know.",ord_17349,enterprise,2026-04-16T14:29:00+00:00,2026-04-19T08:29:00+00:00,delivery_issue,neutral,normal,offer_credit,apply_credit,synthetic_generator
evt_01756,delivery_issue:01,cust_0160,email,"Hello, Honestly, the parcel with my monthly plan is running behind schedule. I expected better than this. Thanks.",ord_40418,standard,2026-04-11T17:21:00+00:00,2026-04-13T09:21:00+00:00,delivery_issue,negative,normal,offer_credit,apply_credit,synthetic_generator
evt_01757,delivery_issue:03,cust_0854,social,Hey - courier marked the wireless keyboard as attempted but nobody came. This has been a frustrating experience. Thanks.,ord_92012,standard,2026-04-14T04:02:00+00:00,2026-04-16T08:02:00+00:00,delivery_issue,negative,normal,offer_credit,apply_credit,synthetic_generator
evt_01758,refund_request:10,cust_0377,chat,"Hi, Hello, the parcel with the blue headphones came late and I would rather have the money. Thanks. Appreciate it.",ord_92985,free,2026-05-03T04:50:00+00:00,2026-05-06T00:50:00+00:00,refund_request,neutral,normal,refund_review,refund_review,synthetic_generator
evt_01759,tracking_request:00,cust_0211,email,"Honestly, where is my the annual subscription right now. I expected better than this. Regards.",ord_33086,standard,2026-04-26T10:28:00+00:00,2026-04-26T16:28:00+00:00,tracking_request,negative,normal,send_tracking_update,send_tracking_update,synthetic_generator
evt_01760,delivery_issue:13,cust_0667,social,Hey - my order containing the kitchen scale appears to be lost in transit. I have had to chase this repeatedly. Regards.,ord_65880,free,2026-04-22T22:16:00+00:00,2026-04-24T01:16:00+00:00,delivery_issue,negative,normal,offer_credit,apply_credit,synthetic_generator
evt_01761,refund_request:10,cust_0848,social,the parcel with order 88214 came late and I would rather have the money. Please advise. Please let me know.,ord_16412,standard,2026-04-29T14:10:00+00:00,2026-05-02T07:10:00+00:00,refund_request,neutral,normal,refund_review,refund_review,synthetic_generator
evt_01762,general_question:05,cust_0750,phone,"Hi, Hello, what payment methods work for teh kitchen scale. Thanks. Please let me know.",ord_32026,free,2026-04-11T21:50:00+00:00,2026-04-12T04:50:00+00:00,general_question,neutral,normal,auto_resolve,knowledge_response,synthetic_generator
evt_01763,complaint:01,cust_0324,email,"Honestly, the service around order 88214 has been genuinely poor. I expected better than this. Thanks.",ord_16039,enterprise,2026-04-26T06:46:00+00:00,2026-04-27T12:46:00+00:00,complaint,negative,normal,escalate,create_ticket,synthetic_generator
evt_01764,tracking_request:01,cust_0294,email,"Hello, can I get a status update on the standing desk. At this point I have run out of patience. Appreciate it.",ord_22352,standard,2026-04-20T13:54:00+00:00,2026-04-22T23:54:00+00:00,tracking_request,negative,normal,send_tracking_update,send_tracking_update,synthetic_generator
evt_01765,refund_request:00,cust_0716,phone,"Hello, I would like my money back for the wireless keyboard. I have had to chase this repeatedly. Thanks.",ord_16186,standard,2026-04-23T08:04:00+00:00,2026-04-25T13:04:00+00:00,refund_request,negative,normal,refund_review,refund_review,synthetic_generator
evt_01766,delivery_issue:01,cust_0834,social,"Good morning, Hi there, the parcel with the blue headphones is running behind schedule. Appreciate it.",ord_93635,standard,2026-04-15T14:10:00+00:00,2026-04-18T05:10:00+00:00,delivery_issue,neutral,normal,offer_credit,apply_credit,synthetic_generator
evt_01767,delivery_issue:02,cust_0478,phone,"Hello, Hello, the replacement charger was meant to arrive on Tuesday and it is still not here. Thanks.",ord_37706,standard,2026-04-14T11:30:00+00:00,2026-04-16T07:30:00+00:00,delivery_issue,neutral,normal,offer_credit,apply_credit,synthetic_generator
evt_01768,ambiguous:05,cust_0760,chat,"Hello, this is the second delivery of the running shoes you have got wrong. Thanks. Please let me know.",ord_60944,standard,2026-04-18T15:26:00+00:00,2026-04-20T18:26:00+00:00,complaint,neutral,normal,escalate,create_ticket,synthetic_generator
evt_01769,delivery_issue:08,cust_0762,chat,"Hey - my monthly plan was returned to sender without anyone contacting me, whenever you get a chance. Appreciate it.",ord_87123,standard,2026-04-08T04:18:00+00:00,2026-04-08T16:18:00+00:00,delivery_issue,neutral,normal,offer_credit,apply_credit,synthetic_generator
evt_01770,delivery_issue:13,cust_0747,social,my order containing the wireless keyboard appears to be lost in transit. I have had to chase this repeatedly. Regards.,ord_63589,enterprise,2026-04-20T14:00:00+00:00,2026-04-23T01:00:00+00:00,delivery_issue,negative,normal,offer_credit,apply_credit,synthetic_generator
evt_01771,delivery_issue:01,cust_0174,chat,"Hi, the parcel with the kitchen scale is running behind schedule. I have had to chase this repeatedly. Regards.",ord_36576,free,2026-04-30T11:15:00+00:00,2026-05-01T09:15:00+00:00,delivery_issue,negative,normal,offer_credit,apply_credit,synthetic_generator
evt_01772,general_question:07,cust_0610,social,"Hi, Hi there, is there a student discount available on the blue headphones. Please let me know.",ord_22380,enterprise,2026-04-30T21:31:00+00:00,2026-05-03T06:31:00+00:00,general_question,neutral,normal,auto_resolve,knowledge_response,synthetic_generator
evt_01773,complaint:03,cust_0407,social,"Hey - Hi there, nobody in your team seems to take order 88214 seriously. Regards.",ord_51637,standard,2026-04-20T21:20:00+00:00,2026-04-22T20:20:00+00:00,complaint,neutral,normal,escalate,create_ticket,synthetic_generator
evt_01774,tracking_request:04,cust_0374,email,"Hello, Hello, please share the shipment progress for the running shoes. Thanks. Please let me know.",ord_19210,standard,2026-05-05T14:18:00+00:00,2026-05-07T14:18:00+00:00,tracking_request,neutral,normal,send_tracking_update,send_tracking_update,synthetic_generator
evt_01775,refund_request:06,cust_0645,phone,how do I get my funds returned for the wireless keyboard. This has been a frustrating experience. Appreciate it.,ord_77749,enterprise,2026-05-04T05:46:00+00:00,2026-05-04T17:46:00+00:00,refund_request,negative,normal,refund_review,refund_review,synthetic_generator
evt_01776,refund_request:06,cust_0015,chat,how do I get my funds returned for order 40917. I have had to chase this repeatedly. Thanks.,ord_46647,standard,2026-04-23T16:27:00+00:00,2026-04-24T00:27:00+00:00,refund_request,negative,normal,refund_review,refund_review,synthetic_generator
evt_01777,tracking_request:13,cust_0143,phone,Thanks for the help earlier - looking for an update on where order 40917 has got to. Regards.,ord_84801,standard,2026-05-04T11:17:00+00:00,2026-05-06T00:17:00+00:00,tracking_request,positive,normal,send_tracking_update,send_tracking_update,synthetic_generator
evt_01778,tracking_request:08,cust_0668,chat,"Hi, when is the blue headphones scheduled to arrive. Your team has been great so far, thank you. Please let me know.",ord_10863,free,2026-04-15T22:11:00+00:00,2026-04-17T13:11:00+00:00,tracking_request,positive,normal,send_tracking_update,send_tracking_update,synthetic_generator
evt_01779,ambiguous:00,cust_0145,phone,"Hello, the wireless keyboard has not arrived and I am starting to want my money back. Thanks.",ord_65489,enterprise,2026-04-14T18:42:00+00:00,2026-04-14T19:42:00+00:00,delivery_issue,neutral,high,offer_credit,apply_credit,synthetic_generator
evt_01780,complaint:04,cust_0699,email,Hey - the handling of the replacement charger has been unacceptable. Regards.,ord_46857,standard,2026-04-19T19:18:00+00:00,2026-04-19T21:18:00+00:00,complaint,positive,high,escalate,create_ticket,synthetic_generator
evt_01781,general_question:08,cust_0131,email,"Hello, how long does the standing desk usually take to arrive. Thanks. Regards.",ord_35588,free,2026-05-02T17:36:00+00:00,2026-05-02T19:36:00+00:00,general_question,neutral,high,auto_resolve,knowledge_response,synthetic_generator
evt_01782,tracking_request:00,cust_0630,social,"Hello, Quick question - where is my the wireless keyboard right now. Thanks.",ord_65957,enterprise,2026-05-06T02:45:00+00:00,2026-05-07T14:45:00+00:00,tracking_request,neutral,normal,send_tracking_update,send_tracking_update,synthetic_generator
evt_01783,complaint:07,cust_0122,phone,Hey - I have been passed between four agents about my monthly plan. At this point I have run out of patience. Please let me know.,ord_22645,enterprise,2026-04-27T07:23:00+00:00,2026-04-29T22:23:00+00:00,complaint,negative,normal,escalate,create_ticket,synthetic_generator
evt_01784,tracking_request:02,cust_0313,chat,"Good morning, what is the current location of the parcel with the standing desk, and I am not happy about how long it has taken. Please let me know.",ord_48737,standard,2026-04-12T22:21:00+00:00,2026-04-14T09:21:00+00:00,tracking_request,negative,normal,send_tracking_update,send_tracking_update,synthetic_generator
evt_01785,delivery_issue:08,cust_0530,phone,"Hi, the wireless keyboard was returned to sender without anyone contacting me. This has been a frustrating experience. Appreciate it.",ord_60177,free,2026-04-17T09:44:00+00:00,2026-04-20T01:44:00+00:00,delivery_issue,negative,normal,offer_credit,apply_credit,synthetic_generator
evt_01786,general_question:06,cust_0635,phone,"Hi, do you ship order 40917 internationally. At this point I have run out of patience. Appreciate it.",ord_35719,free,2026-04-25T05:15:00+00:00,2026-04-26T12:15:00+00:00,general_question,negative,normal,auto_resolve,knowledge_response,synthetic_generator
evt_01787,delivery_issue:00,cust_0535,chat,"my order 40917 still has not turned up, whenever you get a chance. Appreciate it.",ord_52874,standard,2026-04-12T18:12:00+00:00,2026-04-15T00:12:00+00:00,delivery_issue,neutral,normal,offer_credit,apply_credit,synthetic_generator
evt_01788,refund_request:10,cust_0422,social,Hey - the parcel with the running shoes came late and I would rather have the money. Please advise. Regards.,ord_62266,standard,2026-04-16T08:04:00+00:00,2026-04-18T18:04:00+00:00,refund_request,neutral,normal,refund_review,refund_review,synthetic_generator
evt_01789,ambiguous:01,cust_0369,email,"Hi, This is disappointing - if the standing desk cannot get here this week I would rather be refunded.",ord_34815,enterprise,2026-04-13T23:50:00+00:00,2026-04-15T18:50:00+00:00,refund_request,negative,normal,refund_review,refund_review,synthetic_generator
evt_01790,general_question:02,cust_0580,phone,"Hello, can I change the delivery address for the replacement charger. Please advise. Thanks.",ord_49321,standard,2026-05-04T11:58:00+00:00,2026-05-04T20:58:00+00:00,general_question,neutral,normal,auto_resolve,knowledge_response,synthetic_generator
evt_01791,refund_request:10,cust_0015,chat,"Hi, Quick question - teh parcel with the standing desk came late and I would rather have the money. Appreciate it.",ord_14309,standard,2026-04-20T20:30:00+00:00,2026-04-22T22:30:00+00:00,refund_request,neutral,normal,refund_review,refund_review,synthetic_generator
evt_01792,ambiguous:01,cust_0335,social,"Hi, if the standing desk cannot get here this week I would rather be refunded. Please advise. Appreciate it.",ord_97244,free,2026-04-21T14:11:00+00:00,2026-04-24T09:11:00+00:00,refund_request,neutral,normal,refund_review,refund_review,synthetic_generator
evt_01793,refund_request:07,cust_0728,phone,the delivery of the running shoes was fine but I changed my mind and want a refund. Really appreciate the quick responses previously. Appreciate it.,ord_29390,free,2026-04-13T08:09:00+00:00,2026-04-15T12:09:00+00:00,refund_request,positive,normal,refund_review,refund_review,synthetic_generator
evt_01794,general_question:13,cust_0391,email,"Hello, Quick question - what happens to my subscription if I pause the running shoes. Thanks.",ord_50674,standard,2026-04-09T09:12:00+00:00,2026-04-10T22:12:00+00:00,general_question,neutral,normal,auto_resolve,knowledge_response,synthetic_generator
evt_01795,delivery_issue:00,cust_0852,phone,"Good morning, my my monthly plan still has not turned up, whenever you get a chance. Please let me know.",ord_72209,standard,2026-04-11T09:55:00+00:00,2026-04-14T02:55:00+00:00,delivery_issue,neutral,normal,offer_credit,apply_credit,synthetic_generator
evt_01796,refund_request:02,cust_0800,chat,"can you send this order 88214 back and return the payment, whenever you get a chance.",ord_60347,free,2026-05-01T22:19:00+00:00,2026-05-04T19:19:00+00:00,refund_request,neutral,normal,refund_review,refund_review,synthetic_generator
evt_01797,complaint:12,cust_0334,social,Hey - I keep being promised callbacks about the replacement charger that never happen. Appreciate it.,ord_75879,standard,2026-04-21T18:26:00+00:00,2026-04-23T19:26:00+00:00,complaint,neutral,normal,escalate,create_ticket,synthetic_generator
evt_01798,general_question:08,cust_0782,email,how long does order 40917 usually take to arrive. Please advise. Please let me know.,ord_88559,free,2026-04-17T05:38:00+00:00,2026-04-17T07:38:00+00:00,general_question,neutral,high,auto_resolve,knowledge_response,synthetic_generator
evt_01799,refund_request:07,cust_0870,chat,"Hi, Quick question - the delivery of the blue headphones was fine but I changed my mind and want a refund. Regards.",ord_68461,enterprise,2026-04-22T17:48:00+00:00,2026-04-23T02:48:00+00:00,refund_request,neutral,normal,refund_review,refund_review,synthetic_generator
evt_01800,complaint:05,cust_0182,email,"Hello, Honestly, I am extremely let down by how the standing desk was managed. I expected better than this. Thanks.",ord_58295,standard,2026-05-03T22:28:00+00:00,2026-05-04T05:28:00+00:00,complaint,negative,normal,escalate,create_ticket,synthetic_generator
evt_01801,delivery_issue:09,cust_0181,email,"Hello, delivery of order 88214 keeps getting rescheduled. I have had to chase this repeatedly. Appreciate it.",ord_93587,standard,2026-04-26T19:25:00+00:00,2026-04-28T18:25:00+00:00,delivery_issue,negative,normal,offer_credit,apply_credit,synthetic_generator
evt_01802,ambiguous:04,cust_0649,social,"Hey - what are my options if the running shoes never shows up. No rush at all, you have been helpful. Please let me know.",ord_33589,standard,2026-05-03T09:51:00+00:00,2026-05-06T00:51:00+00:00,general_question,positive,normal,auto_resolve,knowledge_response,synthetic_generator
evt_01803,delivery_issue:00,cust_0101,email,"Hello, my my monthly plan still has not turned up, whenever you get a chance. Thanks.",ord_29056,standard,2026-04-26T13:26:00+00:00,2026-04-26T14:26:00+00:00,delivery_issue,neutral,high,offer_credit,apply_credit,synthetic_generator
evt_01804,complaint:07,cust_0863,email,Hey - I have been passed between four agents about order 88214. At this point I have run out of patience. Regards.,ord_71265,free,2026-04-22T02:23:00+00:00,2026-04-23T20:23:00+00:00,complaint,negative,normal,escalate,create_ticket,synthetic_generator
evt_01805,complaint:12,cust_0602,email,"Good morning, This is disappointing - I keep being promised callbacks about the standing desk that never happen. Regards.",ord_92472,standard,2026-04-16T11:24:00+00:00,2026-04-18T09:24:00+00:00,complaint,negative,normal,escalate,create_ticket,synthetic_generator
evt_01806,refund_request:13,cust_0516,social,Hey - raise a return for my monthly plan and refund me please. Please advise. Appreciate it.,ord_10181,free,2026-04-26T07:21:00+00:00,2026-04-28T14:21:00+00:00,refund_request,neutral,normal,refund_review,refund_review,synthetic_generator
evt_01807,general_question:12,cust_0800,phone,are spare parts available for order 40917. Please advise. Thanks.,ord_94946,free,2026-05-03T06:03:00+00:00,2026-05-06T02:03:00+00:00,general_question,neutral,normal,auto_resolve,knowledge_response,synthetic_generator
evt_01808,delivery_issue:09,cust_0315,chat,"Good morning, delivery of the blue headphones keeps getting rescheduled. I have had to chase this repeatedly. Regards.",ord_98232,enterprise,2026-04-22T10:47:00+00:00,2026-04-22T21:47:00+00:00,delivery_issue,negative,normal,offer_credit,apply_credit,synthetic_generator
evt_01809,ambiguous:00,cust_0815,social,"Hey - the annual subscription has not arrived and I am starting to want my money back, which is really not good enough. Appreciate it.",ord_77938,standard,2026-04-11T13:56:00+00:00,2026-04-11T21:56:00+00:00,delivery_issue,negative,normal,offer_credit,apply_credit,synthetic_generator
evt_01810,delivery_issue:08,cust_0263,social,"Good morning, Happy with the service overall, just teh blue headphones was returned to sender without anyone contacting me. Thanks.",ord_61300,standard,2026-04-08T23:16:00+00:00,2026-04-10T01:16:00+00:00,delivery_issue,positive,normal,offer_credit,apply_credit,synthetic_generator
evt_01811,general_question:02,cust_0215,social,"Good morning, Hi there, can I change the delivery address for the wireless keyboard. Please let me know.",ord_38296,free,2026-04-19T08:50:00+00:00,2026-04-19T20:50:00+00:00,general_question,neutral,normal,auto_resolve,knowledge_response,synthetic_generator
evt_01812,tracking_request:07,cust_0318,social,"Hi there, is there a reference number I can use to watch the kitchen scale. Thanks.",ord_29600,free,2026-04-23T18:23:00+00:00,2026-04-24T15:23:00+00:00,tracking_request,neutral,normal,send_tracking_update,send_tracking_update,synthetic_generator
evt_01813,tracking_request:01,cust_0874,phone,"Hello, can I get a status update on the wireless keyboard. Thanks. Please let me know.",ord_91096,standard,2026-04-28T15:01:00+00:00,2026-04-28T17:01:00+00:00,tracking_request,neutral,high,send_tracking_update,send_tracking_update,synthetic_generator
evt_01814,delivery_issue:00,cust_0680,email,"Good morning, This is disappointing - my the wireless keyboard still has not turned up. Thanks.",ord_27781,enterprise,2026-04-13T09:03:00+00:00,2026-04-16T07:03:00+00:00,delivery_issue,negative,normal,offer_credit,apply_credit,synthetic_generator
evt_01815,general_question:02,cust_0623,email,can I change the delivery address for the annual subscription. Please advise. Regards.,ord_53818,enterprise,2026-04-17T06:21:00+00:00,2026-04-18T05:21:00+00:00,general_question,neutral,normal,auto_resolve,knowledge_response,synthetic_generator
evt_01816,tracking_request:10,cust_0878,chat,Hey - just checking in on the progress of the wireless keyboard. This has been a frustrating experience. Please let me know.,ord_70253,standard,2026-04-11T20:36:00+00:00,2026-04-13T08:36:00+00:00,tracking_request,negative,normal,send_tracking_update,send_tracking_update,synthetic_generator
evt_01817,general_question:00,cust_0310,phone,"Hello, what is the warranty period on the blue headphones. Thanks. Please let me know.",ord_14877,free,2026-04-14T04:56:00+00:00,2026-04-14T21:56:00+00:00,general_question,neutral,normal,auto_resolve,knowledge_response,synthetic_generator
evt_01818,general_question:02,cust_0345,social,"Good morning, can I change the delivry address for the blue headphones. Really appreciate teh quick responses previously. pls let me know.",ord_65008,free,2026-04-22T21:58:00+00:00,2026-04-24T01:58:00+00:00,general_question,positive,normal,auto_resolve,knowledge_response,synthetic_generator
evt_01819,complaint:13,cust_0030,chat,"Hello, Hello, I have lost confidence in how you handle things like my monthly plan. Thanks. Regards.",ord_51497,free,2026-04-22T07:24:00+00:00,2026-04-23T20:24:00+00:00,complaint,neutral,normal,escalate,create_ticket,synthetic_generator
evt_01820,complaint:08,cust_0598,phone,"Good morning, This is disappointing - your process for order 40917 has cost me an entire afternoon.",ord_96068,standard,2026-04-06T10:54:00+00:00,2026-04-08T12:54:00+00:00,complaint,negative,normal,escalate,create_ticket,synthetic_generator
evt_01821,ambiguous:04,cust_0881,phone,"Hey - what are my options if the wireless keyboard never shows up. Your team has been great so far, thank you.",ord_87094,enterprise,2026-05-03T19:57:00+00:00,2026-05-06T14:57:00+00:00,general_question,neutral,normal,auto_resolve,knowledge_response,synthetic_generator
evt_01822,general_question:01,cust_0431,social,"Good morning, Hello, does my monthly plan come in other sizes. Thanks.",ord_12945,free,2026-05-03T16:00:00+00:00,2026-05-05T22:00:00+00:00,general_question,positive,normal,auto_resolve,knowledge_response,synthetic_generator
evt_01823,tracking_request:06,cust_0075,phone,could you tell me which stage order 88214 is at. I have had to chase this repeatedly. Thanks.,ord_46205,free,2026-04-28T03:27:00+00:00,2026-04-30T09:27:00+00:00,tracking_request,positive,normal,send_tracking_update,send_tracking_update,synthetic_generator
evt_01824,delivery_issue:06,cust_0697,phone,"Hi, Quick question - the the running shoes order missed its promised window. Regards.",ord_25391,free,2026-04-11T23:34:00+00:00,2026-04-12T12:34:00+00:00,delivery_issue,neutral,normal,offer_credit,apply_credit,synthetic_generator
evt_01825,delivery_issue:01,cust_0489,chat,"Hey - the parcel with order 88214 is running behind schedule, whenever you get a chance. Thanks.",ord_14847,free,2026-04-06T22:05:00+00:00,2026-04-07T15:05:00+00:00,delivery_issue,neutral,normal,offer_credit,apply_credit,synthetic_generator
evt_01826,ambiguous:07,cust_0075,chat,"Good morning, Hello, teh courier says delivered but order 40917 is not here. Thanks.",ord_30020,enterprise,2026-04-16T20:59:00+00:00,2026-04-19T13:59:00+00:00,delivery_issue,neutral,normal,offer_credit,apply_credit,synthetic_generator
evt_01827,refund_request:07,cust_0312,phone,"Hello, teh delivery of oder 88214 was fine but I changed my mind and want a refund. I have had to chase this repeatedly. Thanks.",ord_45182,standard,2026-04-26T15:58:00+00:00,2026-04-28T05:58:00+00:00,refund_request,negative,normal,refund_review,refund_review,synthetic_generator
evt_01828,ambiguous:01,cust_0865,email,"Hi, if the wireless keyboard cannot get here this week I would rather be refunded. Please advise. Please let me know.",ord_59201,free,2026-05-05T21:47:00+00:00,2026-05-07T13:47:00+00:00,refund_request,neutral,normal,refund_review,refund_review,synthetic_generator
evt_01829,refund_request:05,cust_0869,chat,"Good morning, Thanks for the help earlier - the the running shoes arrived damaged so I want compensation for it. Regards.",ord_68012,enterprise,2026-05-05T01:55:00+00:00,2026-05-05T03:55:00+00:00,refund_request,positive,high,refund_review,refund_review,synthetic_generator
evt_01830,delivery_issue:09,cust_0426,chat,"Hello, delivery of order 88214 keeps getting rescheduled.",ord_50882,free,2026-04-24T02:32:00+00:00,2026-04-25T17:32:00+00:00,delivery_issue,neutral,normal,offer_credit,apply_credit,synthetic_generator
evt_01831,ambiguous:04,cust_0749,chat,"Good morning, what are my options if order 40917 never shows up. Thanks.",ord_34605,standard,2026-04-12T23:15:00+00:00,2026-04-15T12:15:00+00:00,general_question,neutral,normal,auto_resolve,knowledge_response,synthetic_generator
evt_01832,ambiguous:03,cust_0270,social,"Hello, still waiting on the blue headphones and still nobody has explained why. This has been a frustrating experience. Thanks.",ord_79793,standard,2026-04-24T05:57:00+00:00,2026-04-25T23:57:00+00:00,complaint,negative,normal,escalate,create_ticket,synthetic_generator
evt_01833,refund_request:05,cust_0703,email,"Good morning, Honestly, the the annual subscription arrived damaged so I want compensation for it. I expected better than this. Appreciate it.",ord_41254,free,2026-04-18T21:29:00+00:00,2026-04-21T01:29:00+00:00,refund_request,negative,normal,refund_review,refund_review,synthetic_generator
evt_01834,delivery_issue:05,cust_0578,chat,"Hey - Hi there, it has been two weeks and order 88214 has not reached me. Please let me know.",ord_99160,standard,2026-04-13T16:50:00+00:00,2026-04-14T18:50:00+00:00,delivery_issue,neutral,normal,offer_credit,apply_credit,synthetic_generator
evt_01835,refund_request:01,cust_0611,phone,please reverse the charge on the wireless keyboard. Regards.,ord_94239,free,2026-04-20T16:23:00+00:00,2026-04-22T21:23:00+00:00,refund_request,neutral,normal,refund_review,refund_review,synthetic_generator
evt_01836,ambiguous:00,cust_0366,email,"Hi, This is disappointing - the blue headphones has not arrived and I am starting to want my money back. Thanks.",ord_71400,standard,2026-04-07T02:07:00+00:00,2026-04-07T17:07:00+00:00,delivery_issue,negative,normal,offer_credit,apply_credit,synthetic_generator
evt_01837,tracking_request:00,cust_0670,email,"Good morning, where is my the standing desk right now, which is really not good enough.",ord_24380,free,2026-04-21T08:15:00+00:00,2026-04-22T14:15:00+00:00,tracking_request,negative,normal,send_tracking_update,send_tracking_update,synthetic_generator
evt_01838,tracking_request:06,cust_0343,social,"Good morning, could you tell me which stage the kitchen scale is at.",ord_18926,enterprise,2026-04-29T09:34:00+00:00,2026-04-29T13:34:00+00:00,tracking_request,neutral,high,send_tracking_update,send_tracking_update,synthetic_generator
evt_01839,ambiguous:01,cust_0825,phone,"Good morning, if the wireless keyboard cannot get here this week I would rather be refunded. I have had to chase this repeatedly. Thanks.",ord_41464,enterprise,2026-04-13T22:57:00+00:00,2026-04-15T17:57:00+00:00,refund_request,negative,normal,refund_review,refund_review,synthetic_generator
evt_01840,tracking_request:07,cust_0087,email,"Good morning, is there a reference number I can use to watch teh replacement charger. I have had to chase this repeatedly. Thanks.",ord_41500,enterprise,2026-04-12T05:38:00+00:00,2026-04-13T20:38:00+00:00,tracking_request,negative,normal,send_tracking_update,send_tracking_update,synthetic_generator
evt_01841,complaint:03,cust_0809,email,"nobody in your team seems to take the standing desk seriously, and I am not happy about how long it has taken. Please let me know.",ord_36197,standard,2026-04-12T04:29:00+00:00,2026-04-13T07:29:00+00:00,complaint,negative,normal,escalate,create_ticket,synthetic_generator
evt_01842,complaint:05,cust_0775,email,"Hey - Hello, I am extremely let down by how the wireless keyboard was managed. Thanks. Regards.",ord_17426,free,2026-04-28T17:34:00+00:00,2026-05-01T02:34:00+00:00,complaint,neutral,normal,escalate,create_ticket,synthetic_generator
evt_01843,refund_request:00,cust_0868,email,"Hi, Hello, I would like my money back for the running shoes. Thanks. Please let me know.",ord_84315,free,2026-04-15T04:11:00+00:00,2026-04-15T10:11:00+00:00,refund_request,neutral,normal,refund_review,refund_review,synthetic_generator
evt_01844,ambiguous:01,cust_0869,phone,"Good morning, if order 40917 cannot get here this week I would rather be refunded, which is really not good enough. Thanks.",ord_42298,standard,2026-04-08T22:46:00+00:00,2026-04-11T07:46:00+00:00,refund_request,negative,normal,refund_review,refund_review,synthetic_generator
evt_01845,delivery_issue:03,cust_0281,social,"courier marked the blue headphones as attempted but nobody came, and I am not happy about how long it has taken. Appreciate it.",ord_25406,enterprise,2026-04-06T19:28:00+00:00,2026-04-08T15:28:00+00:00,delivery_issue,negative,normal,offer_credit,apply_credit,synthetic_generator
evt_01846,refund_request:07,cust_0300,social,"Hello, teh delivry of order 88214 was fine but I changed my mind and want a refund, and I am not happy about how long it has taken. Regards.",ord_19028,free,2026-04-28T15:22:00+00:00,2026-04-30T14:22:00+00:00,refund_request,negative,normal,refund_review,refund_review,synthetic_generator
evt_01847,delivery_issue:13,cust_0282,social,"Hello, my order containing the blue headphones appears to be lost in transit. I have had to chase this repeatedly.",ord_76751,standard,2026-05-01T10:59:00+00:00,2026-05-03T17:59:00+00:00,delivery_issue,negative,normal,offer_credit,apply_credit,synthetic_generator
evt_01848,delivery_issue:00,cust_0495,chat,"Good morning, my the running shoes still has not turned up, which is really not good enough.",ord_38709,standard,2026-04-14T06:49:00+00:00,2026-04-15T01:49:00+00:00,delivery_issue,negative,normal,offer_credit,apply_credit,synthetic_generator
evt_01849,complaint:03,cust_0476,chat,"Good morning, nobody in your team seems to take order 88214 seriously. This has been a frustrating experience. Appreciate it.",ord_48075,free,2026-04-19T02:16:00+00:00,2026-04-19T06:16:00+00:00,complaint,negative,normal,escalate,create_ticket,synthetic_generator
evt_01850,tracking_request:12,cust_0497,phone,can you confirm the expected date for the replacement charger. I have had to chase this repeatedly. Thanks.,ord_67228,free,2026-04-30T15:43:00+00:00,2026-04-30T16:43:00+00:00,tracking_request,negative,high,escalate,create_ticket,synthetic_generator
evt_01851,delivery_issue:09,cust_0042,phone,"Hi, delivery of order 40917 keeps getting rescheduled, which is really not good enough. Regards.",ord_73720,free,2026-04-12T09:43:00+00:00,2026-04-14T10:43:00+00:00,delivery_issue,negative,normal,offer_credit,apply_credit,synthetic_generator
evt_01852,general_question:03,cust_0053,social,"Hello, Hi there, is order 88214 covered by your returns window. Regards.",ord_38820,enterprise,2026-04-22T20:11:00+00:00,2026-04-25T04:11:00+00:00,general_question,neutral,normal,auto_resolve,knowledge_response,synthetic_generator
evt_01853,general_question:07,cust_0786,phone,"Hello, Thanks for the help earlier - is there a student discount available on the wireless keyboard. Appreciate it.",ord_51361,standard,2026-04-18T12:18:00+00:00,2026-04-20T03:18:00+00:00,general_question,positive,normal,auto_resolve,knowledge_response,synthetic_generator
evt_01854,complaint:01,cust_0872,phone,"Hi, the service around the blue headphones has been genuinely poor, which is really not good enough. Please let me know.",ord_28340,standard,2026-04-08T22:47:00+00:00,2026-04-10T06:47:00+00:00,complaint,negative,normal,escalate,create_ticket,synthetic_generator
evt_01855,refund_request:07,cust_0029,social,"Good morning, Quick question - the delivery of teh running shoes was fine but I changed my mind and want a refund. Thanks.",ord_54016,free,2026-04-20T19:46:00+00:00,2026-04-20T21:46:00+00:00,refund_request,neutral,high,refund_review,refund_review,synthetic_generator
evt_01856,refund_request:07,cust_0398,social,"Good morning, the delivery of the blue headphones was fine but I changed my mind and want a refund. This has been a frustrating experience.",ord_25015,enterprise,2026-05-04T10:48:00+00:00,2026-05-05T18:48:00+00:00,refund_request,negative,normal,refund_review,refund_review,synthetic_generator
evt_01857,tracking_request:00,cust_0466,social,"Hi, where is my the annual subscription right now, which is really not good enough.",ord_88466,standard,2026-04-08T13:50:00+00:00,2026-04-09T09:50:00+00:00,tracking_request,negative,normal,send_tracking_update,send_tracking_update,synthetic_generator
evt_01858,complaint:08,cust_0262,social,"Hello, your process for order 88214 has cost me an entire afternoon. At this point I have run out of patience. Please let me know.",ord_18689,enterprise,2026-04-08T02:27:00+00:00,2026-04-10T08:27:00+00:00,complaint,negative,normal,escalate,create_ticket,synthetic_generator
evt_01859,general_question:07,cust_0107,phone,"Hi, Hello, is there a student discount available on the standing desk. Thanks. Thanks.",ord_58322,free,2026-04-16T13:35:00+00:00,2026-04-17T21:35:00+00:00,general_question,neutral,normal,auto_resolve,knowledge_response,synthetic_generator
evt_01860,general_question:07,cust_0226,chat,"Hello, is there a student discount available on the replacement charger. Please advise. Appreciate it.",ord_82192,enterprise,2026-05-04T10:31:00+00:00,2026-05-05T19:31:00+00:00,general_question,neutral,normal,auto_resolve,knowledge_response,synthetic_generator
evt_01861,tracking_request:13,cust_0703,phone,"Hello, looking for an update on where the wireless keyboard has got to.",ord_35297,standard,2026-04-15T11:00:00+00:00,2026-04-16T02:00:00+00:00,tracking_request,neutral,normal,send_tracking_update,send_tracking_update,synthetic_generator
evt_01862,tracking_request:02,cust_0744,email,"Good morning, what is the current location of the parcel with my monthly plan. This has been a frustrating experience. Appreciate it.",ord_81366,standard,2026-04-13T23:36:00+00:00,2026-04-15T17:36:00+00:00,tracking_request,negative,normal,send_tracking_update,send_tracking_update,synthetic_generator
evt_01863,delivery_issue:05,cust_0397,social,"Hello, Hello, it has been two weeks and the blue headphones has not reached me. Thanks. Regards.",ord_37847,free,2026-05-05T03:15:00+00:00,2026-05-06T23:15:00+00:00,delivery_issue,neutral,normal,offer_credit,apply_credit,synthetic_generator
evt_01864,ambiguous:04,cust_0683,email,"Hey - what are my options if the wireless keyboard never shows up, whenever you get a chance.",ord_29656,free,2026-05-01T22:26:00+00:00,2026-05-04T07:26:00+00:00,general_question,neutral,normal,auto_resolve,knowledge_response,synthetic_generator
evt_01865,tracking_request:12,cust_0318,chat,Hey - can you confirm the expected date for my monthly plan. Regards.,ord_40267,enterprise,2026-04-09T21:03:00+00:00,2026-04-11T22:03:00+00:00,tracking_request,neutral,normal,send_tracking_update,send_tracking_update,synthetic_generator
evt_01866,general_question:07,cust_0784,email,is there a student discount available on the annual subscription. Really appreciate the quick responses previously. Appreciate it.,ord_97097,standard,2026-04-16T12:42:00+00:00,2026-04-18T02:42:00+00:00,general_question,positive,normal,auto_resolve,knowledge_response,synthetic_generator
evt_01867,tracking_request:10,cust_0233,phone,just checking in on the progress of order 88214. At this point I have run out of patience.,ord_45344,enterprise,2026-04-16T02:00:00+00:00,2026-04-16T18:00:00+00:00,tracking_request,negative,normal,send_tracking_update,send_tracking_update,synthetic_generator
evt_01868,tracking_request:11,cust_0825,phone,"Hey - how far along is the delivery of the annual subscription, which is really not good enough. Thanks.",ord_24700,free,2026-04-23T11:27:00+00:00,2026-04-25T02:27:00+00:00,tracking_request,negative,normal,send_tracking_update,send_tracking_update,synthetic_generator
evt_01869,refund_request:06,cust_0109,email,Quick question - how do I get my funds returned for the blue headphones.,ord_21202,free,2026-04-07T08:57:00+00:00,2026-04-07T16:57:00+00:00,refund_request,neutral,normal,refund_review,refund_review,synthetic_generator
evt_01870,refund_request:12,cust_0098,chat,I want to send the annual subscription back for a credit to my account. Regards.,ord_25039,standard,2026-04-11T23:55:00+00:00,2026-04-12T02:55:00+00:00,refund_request,neutral,normal,refund_review,refund_review,synthetic_generator
evt_01871,general_question:11,cust_0399,email,"Good morning, Hello, do I need an account to buy order 40917. Thanks. Regards.",ord_66856,free,2026-04-20T09:12:00+00:00,2026-04-20T23:12:00+00:00,general_question,neutral,normal,auto_resolve,knowledge_response,synthetic_generator
evt_01872,complaint:06,cust_0799,phone,"Hello, every person I speak to about my monthly plan tells me something different. At this point I have run out of patience. Thanks.",ord_80701,free,2026-04-11T00:59:00+00:00,2026-04-11T12:59:00+00:00,complaint,negative,normal,escalate,create_ticket,synthetic_generator
evt_01873,complaint:05,cust_0093,email,"Hello, I am extremely let down by how order 40917 was managed. This has been a frustrating experience. pls let me know.",ord_79117,free,2026-04-13T02:35:00+00:00,2026-04-15T15:35:00+00:00,complaint,negative,normal,escalate,create_ticket,synthetic_generator
evt_01874,general_question:10,cust_0481,phone,what is the difference between the running shoes and the newer version. Thanks.,ord_19058,free,2026-05-05T12:03:00+00:00,2026-05-06T11:03:00+00:00,general_question,neutral,normal,auto_resolve,knowledge_response,synthetic_generator
evt_01875,general_question:06,cust_0017,chat,Hey - do you ship order 88214 internationally.,ord_52783,free,2026-04-27T00:36:00+00:00,2026-04-27T04:36:00+00:00,general_question,neutral,normal,auto_resolve,knowledge_response,synthetic_generator
evt_01876,tracking_request:03,cust_0656,phone,"Good morning, any news on when my monthly plan will get here. Please advise. Thanks.",ord_45738,standard,2026-05-03T23:21:00+00:00,2026-05-05T22:21:00+00:00,tracking_request,neutral,normal,send_tracking_update,send_tracking_update,synthetic_generator
evt_01877,complaint:07,cust_0565,phone,I have been passed between four agents about my monthly plan. This has been a frustrating experience.,ord_93225,free,2026-04-13T17:38:00+00:00,2026-04-16T02:38:00+00:00,complaint,negative,normal,escalate,create_ticket,synthetic_generator
evt_01878,general_question:06,cust_0325,email,"Hello, do you ship order 88214 internationally. Thanks.",ord_70272,free,2026-04-21T04:12:00+00:00,2026-04-22T08:12:00+00:00,general_question,neutral,normal,auto_resolve,knowledge_response,synthetic_generator
evt_01879,complaint:00,cust_0723,phone,"this is the third time I have written about order 40917 and nobody replies, which is really not good enough. Please let me know.",ord_45923,free,2026-04-12T20:15:00+00:00,2026-04-15T18:15:00+00:00,complaint,negative,normal,escalate,create_ticket,synthetic_generator
evt_01880,delivery_issue:10,cust_0388,social,"Hello, the tracking for the standing desk has not moved in five days. This has been a frustrating experience. Appreciate it.",ord_59233,standard,2026-04-09T07:47:00+00:00,2026-04-10T07:47:00+00:00,delivery_issue,neutral,normal,offer_credit,apply_credit,synthetic_generator
evt_01881,general_question:03,cust_0003,chat,"Hi, Hello, is the blue headphones covered by your returns window. Thanks. Regards.",ord_41828,free,2026-04-19T14:08:00+00:00,2026-04-20T08:08:00+00:00,general_question,neutral,normal,auto_resolve,knowledge_response,synthetic_generator
evt_01882,refund_request:10,cust_0303,chat,"Hi, the parcel with order 88214 came late and I would rather have the money, which is really not good enough. Thanks.",ord_58122,free,2026-04-21T20:41:00+00:00,2026-04-24T18:41:00+00:00,refund_request,negative,normal,refund_review,refund_review,synthetic_generator
evt_01883,delivery_issue:04,cust_0743,email,"Good morning, Happy with the service overall, just shipment containing my monthly plan seems stuck at the depot. Please let me know.",ord_62050,free,2026-04-27T21:57:00+00:00,2026-04-30T19:57:00+00:00,delivery_issue,positive,normal,offer_credit,apply_credit,synthetic_generator
evt_01884,general_question:08,cust_0032,social,"Hello, Happy with the service overall, just how long does order 88214 usually take to arrive. Appreciate it.",ord_18477,standard,2026-05-03T03:26:00+00:00,2026-05-05T10:26:00+00:00,general_question,positive,normal,auto_resolve,knowledge_response,synthetic_generator
evt_01885,refund_request:03,cust_0136,phone,"Good morning, Hello, I no longer want order 40917 and expect the amount returned. Thanks. Thanks.",ord_80313,free,2026-04-24T17:02:00+00:00,2026-04-27T04:02:00+00:00,refund_request,neutral,normal,refund_review,refund_review,synthetic_generator
evt_01886,tracking_request:02,cust_0051,email,"Good morning, what is the current location of the parcel with the wireless keyboard. Please let me know.",ord_69683,standard,2026-04-28T05:08:00+00:00,2026-05-01T04:08:00+00:00,tracking_request,neutral,normal,send_tracking_update,send_tracking_update,synthetic_generator
evt_01887,complaint:03,cust_0810,phone,"Hi, nobody in your team seems to take the annual subscription seriously. This has been a frustrating experience. Please let me know.",ord_60330,free,2026-04-11T02:59:00+00:00,2026-04-11T20:59:00+00:00,complaint,negative,normal,escalate,create_ticket,synthetic_generator
evt_01888,tracking_request:01,cust_0122,phone,"Hello, Quick question - can I get a status update on the wireless keyboard. Thanks.",ord_27695,standard,2026-04-23T17:24:00+00:00,2026-04-23T18:24:00+00:00,tracking_request,neutral,high,send_tracking_update,send_tracking_update,synthetic_generator
evt_01889,delivery_issue:03,cust_0405,email,"Good morning, courier marked the kitchen scale as attempted but nobody came. At this point I have run out of patience. Please let me know.",ord_59930,standard,2026-05-02T16:21:00+00:00,2026-05-02T23:21:00+00:00,delivery_issue,negative,normal,offer_credit,apply_credit,synthetic_generator
evt_01890,general_question:11,cust_0487,chat,"Hey - do I need an account to buy the running shoes, whenever you get a chance. Thanks.",ord_24341,free,2026-05-01T20:06:00+00:00,2026-05-02T23:06:00+00:00,general_question,neutral,normal,auto_resolve,knowledge_response,synthetic_generator
evt_01891,tracking_request:05,cust_0162,chat,"Good morning, Hello, I want to follow the journey of my the blue headphones. Thanks. Regards.",ord_20278,free,2026-05-05T13:48:00+00:00,2026-05-06T20:48:00+00:00,tracking_request,neutral,normal,send_tracking_update,send_tracking_update,synthetic_generator
evt_01892,tracking_request:00,cust_0086,chat,"Good morning, where is my the kitchen scale right now, and I am not happy about how long it has taken. Please let me know.",ord_82312,standard,2026-04-20T00:39:00+00:00,2026-04-22T00:39:00+00:00,tracking_request,negative,normal,send_tracking_update,send_tracking_update,synthetic_generator
evt_01893,refund_request:06,cust_0793,social,"Hi, how do I get my funds returned for the kitchen scale. At this point I have run out of patience.",ord_10980,free,2026-04-20T11:29:00+00:00,2026-04-22T01:29:00+00:00,refund_request,positive,normal,refund_review,refund_review,synthetic_generator
evt_01894,tracking_request:03,cust_0352,phone,"Hi, Hello, any news on when the kitchen scale will get here. Thanks. Regards.",ord_73314,standard,2026-04-19T10:39:00+00:00,2026-04-19T20:39:00+00:00,tracking_request,neutral,normal,send_tracking_update,send_tracking_update,synthetic_generator
evt_01895,refund_request:02,cust_0818,social,"Hello, Happy with the service overall, just can you send this order 88214 back and return the payment. Thanks.",ord_74107,enterprise,2026-05-05T07:46:00+00:00,2026-05-07T11:46:00+00:00,refund_request,positive,normal,refund_review,refund_review,synthetic_generator
evt_01896,complaint:12,cust_0724,phone,Hey - I keep being promised callbacks about the annual subscription that never happen. At this point I have run out of patience. Thanks.,ord_45007,standard,2026-04-09T08:38:00+00:00,2026-04-10T01:38:00+00:00,complaint,negative,normal,escalate,create_ticket,synthetic_generator
evt_01897,general_question:00,cust_0252,social,"Hello, what is the warranty period on the wireless keyboard. Please advise. Please let me know.",ord_44506,free,2026-04-10T14:58:00+00:00,2026-04-11T14:58:00+00:00,general_question,neutral,normal,auto_resolve,knowledge_response,synthetic_generator
evt_01898,refund_request:02,cust_0771,phone,"Hey - can you send this my monthly plan back and return the payment, whenever you get a chance. Please let me know.",ord_73291,standard,2026-04-06T22:15:00+00:00,2026-04-08T16:15:00+00:00,refund_request,neutral,normal,refund_review,refund_review,synthetic_generator
evt_01899,complaint:03,cust_0856,social,"Hi, nobody in your team seems to take the running shoes seriously. No rush at all, you have been helpful.",ord_91067,standard,2026-04-29T01:57:00+00:00,2026-05-01T04:57:00+00:00,complaint,positive,normal,escalate,create_ticket,synthetic_generator
evt_01900,ambiguous:04,cust_0744,chat,"Hello, what are my options if the annual subscription never shows up. Thanks.",ord_93847,standard,2026-05-02T14:35:00+00:00,2026-05-04T04:35:00+00:00,general_question,neutral,normal,auto_resolve,knowledge_response,synthetic_generator
evt_01901,refund_request:10,cust_0772,social,"Hi, the parcel with the annual subscription came late and I would rather have the money. Please advise. Appreciate it.",ord_34341,standard,2026-04-29T17:06:00+00:00,2026-04-30T12:06:00+00:00,refund_request,neutral,normal,refund_review,refund_review,synthetic_generator
evt_01902,refund_request:10,cust_0491,phone,"Hello, Hi there, the parcel with the standing desk came late and I would rather have the money. Appreciate it.",ord_29004,enterprise,2026-04-30T15:22:00+00:00,2026-05-03T15:22:00+00:00,refund_request,neutral,normal,refund_review,refund_review,synthetic_generator
evt_01903,refund_request:09,cust_0191,social,"Hello, I am returning the wireless keyboard, what happens with the payment. Thanks.",ord_36399,free,2026-04-24T12:37:00+00:00,2026-04-26T13:37:00+00:00,refund_request,neutral,normal,refund_review,refund_review,synthetic_generator
evt_01904,tracking_request:09,cust_0488,email,"Hi, Hello, what does the courier say about my monthly plan at the moment. Thanks. Regards.",ord_62644,enterprise,2026-05-03T08:17:00+00:00,2026-05-03T12:17:00+00:00,tracking_request,neutral,high,send_tracking_update,send_tracking_update,synthetic_generator
evt_01905,tracking_request:13,cust_0782,social,looking for an update on where the replacement charger has got to. I have had to chase this repeatedly. Please let me know.,ord_99603,standard,2026-04-26T21:06:00+00:00,2026-04-26T22:06:00+00:00,tracking_request,negative,high,escalate,create_ticket,synthetic_generator
evt_01906,delivery_issue:05,cust_0629,chat,"Hi, it has been two weeks and the running shoes has not reached me. At this point I have run out of patience. Thanks.",ord_28853,free,2026-04-09T22:56:00+00:00,2026-04-11T01:56:00+00:00,delivery_issue,negative,normal,offer_credit,apply_credit,synthetic_generator
evt_01907,refund_request:06,cust_0860,chat,"Good morning, Happy with the service overall, just how do I get my funds returned for the standing desk. Thanks.",ord_55278,standard,2026-04-08T20:28:00+00:00,2026-04-10T15:28:00+00:00,refund_request,positive,normal,refund_review,refund_review,synthetic_generator
evt_01908,delivery_issue:08,cust_0775,chat,"the running shoes was returned to sender without anyone contacting me. No rush at all, you have been helpful. Please let me know.",ord_38703,free,2026-04-26T12:50:00+00:00,2026-04-27T02:50:00+00:00,delivery_issue,positive,normal,offer_credit,apply_credit,synthetic_generator
evt_01909,tracking_request:08,cust_0272,phone,Hey - when is the blue headphones scheduled to arrive. Appreciate it.,ord_58326,standard,2026-04-13T06:59:00+00:00,2026-04-13T12:59:00+00:00,tracking_request,negative,normal,send_tracking_update,send_tracking_update,synthetic_generator
evt_01910,complaint:07,cust_0087,chat,"Hi, I have been passed between four agents about the standing desk, which is really not good enough. pls let me know.",ord_76996,free,2026-04-25T22:58:00+00:00,2026-04-27T07:58:00+00:00,complaint,negative,normal,escalate,create_ticket,synthetic_generator
evt_01911,delivery_issue:08,cust_0755,email,"the kitchen scale was returned to sender without anyone contacting me, and I am not happy about how long it has taken. Thanks.",ord_24272,standard,2026-04-16T13:49:00+00:00,2026-04-17T12:49:00+00:00,delivery_issue,neutral,normal,offer_credit,apply_credit,synthetic_generator
evt_01912,refund_request:01,cust_0571,social,"Good morning, please reverse the charge on the replacement charger, and I am not happy about how long it has taken. Please let me know.",ord_90829,free,2026-04-16T01:19:00+00:00,2026-04-16T02:19:00+00:00,refund_request,negative,high,escalate,create_ticket,synthetic_generator
evt_01913,delivery_issue:10,cust_0475,social,"Good morning, This is disappointing - the tracking for the wireless keyboard has not moved in five days. Please let me know.",ord_89808,enterprise,2026-04-28T00:50:00+00:00,2026-04-29T19:50:00+00:00,delivery_issue,negative,normal,offer_credit,apply_credit,synthetic_generator
evt_01914,delivery_issue:03,cust_0471,phone,"Hi, courier marked the standing desk as attempted but nobody came, which is really not good enough. Regards.",ord_48574,standard,2026-04-18T14:58:00+00:00,2026-04-20T05:58:00+00:00,delivery_issue,negative,normal,offer_credit,apply_credit,synthetic_generator
evt_01915,ambiguous:00,cust_0378,email,"Hello, Quick question - teh kitchen scale has not arrived and I am starting to want my money back. Regards.",ord_86974,standard,2026-04-19T09:46:00+00:00,2026-04-20T08:46:00+00:00,delivery_issue,neutral,normal,offer_credit,apply_credit,synthetic_generator
evt_01916,complaint:10,cust_0339,phone,"Hi, Honestly, I have received three contradictory answers about the wireless keyboard. I expected better than this. Please let me know.",ord_49110,standard,2026-04-30T01:57:00+00:00,2026-05-02T18:57:00+00:00,complaint,negative,normal,escalate,create_ticket,synthetic_generator
evt_01917,general_question:02,cust_0172,email,"Hey - can I change the delivery address for the blue headphones, which is really not good enough. Appreciate it.",ord_70726,free,2026-05-03T20:11:00+00:00,2026-05-06T11:11:00+00:00,general_question,negative,normal,auto_resolve,knowledge_response,synthetic_generator
evt_01918,refund_request:07,cust_0083,chat,"Hello, Quick question - the delivery of the replacement charger was fine but I changed my mind and want a refund. Appreciate it.",ord_59868,standard,2026-04-08T19:53:00+00:00,2026-04-10T22:53:00+00:00,refund_request,neutral,normal,refund_review,refund_review,synthetic_generator
evt_01919,complaint:13,cust_0173,email,"Hello, I have lost confidence in how you handle things like the running shoes. Thanks. Regards.",ord_55698,free,2026-04-25T13:13:00+00:00,2026-04-27T12:13:00+00:00,complaint,neutral,normal,escalate,create_ticket,synthetic_generator
evt_01920,delivery_issue:01,cust_0599,chat,"Hey - the parcel with my monthly plan is running behind schedule, and I am not happy about how long it has taken. Appreciate it.",ord_38871,enterprise,2026-04-12T22:59:00+00:00,2026-04-15T17:59:00+00:00,delivery_issue,negative,normal,offer_credit,apply_credit,synthetic_generator
evt_01921,general_question:07,cust_0068,social,"Hello, is there a student discount available on the standing desk, whenever you get a chance. Appreciate it.",ord_52162,standard,2026-04-17T06:30:00+00:00,2026-04-19T18:30:00+00:00,general_question,neutral,normal,auto_resolve,knowledge_response,synthetic_generator
evt_01922,tracking_request:11,cust_0083,email,"Hello, how far along is the delivery of the annual subscription, and I am not happy about how long it has taken. Thanks.",ord_90548,free,2026-05-03T10:54:00+00:00,2026-05-05T16:54:00+00:00,tracking_request,negative,normal,send_tracking_update,send_tracking_update,synthetic_generator
evt_01923,complaint:13,cust_0450,phone,"Hi, This is disappointing - I have lost confidence in how you handle things like the standing desk. Appreciate it.",ord_62661,free,2026-04-29T13:16:00+00:00,2026-04-29T22:16:00+00:00,complaint,negative,normal,escalate,create_ticket,synthetic_generator
evt_01924,general_question:10,cust_0740,phone,what is the difference between the blue headphones and the newer version. Please advise.,ord_19241,free,2026-04-20T05:50:00+00:00,2026-04-21T01:50:00+00:00,general_question,neutral,normal,auto_resolve,knowledge_response,synthetic_generator
evt_01925,complaint:02,cust_0445,chat,"Hey - Honestly, I have wasted hours on the standing desk with no resolution. I expected better than this.",ord_85873,free,2026-04-16T06:13:00+00:00,2026-04-16T22:13:00+00:00,complaint,negative,normal,escalate,create_ticket,synthetic_generator
evt_01926,delivery_issue:00,cust_0824,chat,"Hello, Honestly, my order 88214 still has not turned up. I expected better than this.",ord_40402,enterprise,2026-04-29T17:03:00+00:00,2026-04-30T15:03:00+00:00,delivery_issue,negative,normal,offer_credit,apply_credit,synthetic_generator
evt_01927,refund_request:07,cust_0840,phone,"Hi, the delivery of the annual subscription was fine but I changed my mind and want a refund.",ord_16942,standard,2026-05-02T23:25:00+00:00,2026-05-04T09:25:00+00:00,refund_request,neutral,normal,refund_review,refund_review,synthetic_generator
evt_01928,complaint:08,cust_0581,email,"your process for the standing desk has cost me an entire afternoon, which is really not good enough. Thanks.",ord_22336,free,2026-04-19T16:12:00+00:00,2026-04-19T19:12:00+00:00,complaint,negative,normal,escalate,create_ticket,synthetic_generator
evt_01929,ambiguous:07,cust_0344,chat,"Good morning, the courier says delivered but order 40917 is not here. At this point I have run out of patience. Appreciate it.",ord_34222,enterprise,2026-04-12T06:23:00+00:00,2026-04-12T21:23:00+00:00,delivery_issue,negative,normal,offer_credit,apply_credit,synthetic_generator
evt_01930,general_question:12,cust_0746,social,"Hello, Quick question - are spare parts available for the running shoes. Regards.",ord_45900,standard,2026-04-24T18:11:00+00:00,2026-04-25T02:11:00+00:00,general_question,neutral,normal,auto_resolve,knowledge_response,synthetic_generator
evt_01931,tracking_request:03,cust_0116,social,"Hi, Hi there, any news on when order 88214 will get here.",ord_16619,enterprise,2026-04-30T07:53:00+00:00,2026-04-30T10:53:00+00:00,tracking_request,neutral,high,send_tracking_update,send_tracking_update,synthetic_generator
evt_01932,delivery_issue:12,cust_0515,phone,"Hey - the estimated date for order 40917 has passed with no update, and I am not happy about how long it has taken. Appreciate it.",ord_79609,free,2026-04-26T00:29:00+00:00,2026-04-27T09:29:00+00:00,delivery_issue,negative,normal,offer_credit,apply_credit,synthetic_generator
evt_01933,delivery_issue:02,cust_0573,phone,the annual subscription was meant to arrive on Tuesday and it is still not here. Thanks.,ord_87931,standard,2026-05-02T10:14:00+00:00,2026-05-03T23:14:00+00:00,delivery_issue,neutral,normal,offer_credit,apply_credit,synthetic_generator
evt_01934,delivery_issue:06,cust_0487,phone,"Good morning, the the running shoes order missed its promised window. I have had to chase this repeatedly. Appreciate it.",ord_90253,free,2026-04-26T22:16:00+00:00,2026-04-28T03:16:00+00:00,delivery_issue,negative,normal,offer_credit,apply_credit,synthetic_generator
evt_01935,ambiguous:04,cust_0708,phone,"Good morning, what are my options if order 40917 never shows up. Please let me know.",ord_27733,standard,2026-04-14T22:40:00+00:00,2026-04-17T13:40:00+00:00,general_question,neutral,normal,auto_resolve,knowledge_response,synthetic_generator
evt_01936,delivery_issue:12,cust_0602,phone,"Hi, the estimated date for my monthly plan has passed with no update. Appreciate it.",ord_70308,free,2026-05-02T03:46:00+00:00,2026-05-02T18:46:00+00:00,delivery_issue,neutral,normal,offer_credit,apply_credit,synthetic_generator
evt_01937,refund_request:07,cust_0393,email,Hey - the delivery of the replacement charger was fine but I changed my mind and want a refund. Appreciate it.,ord_25035,free,2026-05-03T12:40:00+00:00,2026-05-03T14:40:00+00:00,refund_request,neutral,high,refund_review,refund_review,synthetic_generator
evt_01938,refund_request:08,cust_0700,social,"Hey - Honestly, please cancel the annual subscription and put the amount back on my card. I expected better than this. Please let me know.",ord_77258,free,2026-05-02T01:51:00+00:00,2026-05-03T11:51:00+00:00,refund_request,negative,normal,refund_review,refund_review,synthetic_generator
evt_01939,complaint:07,cust_0483,chat,"Hi, Honestly, I have been passed between four agents about order 40917. I expected better than this.",ord_14492,enterprise,2026-04-11T23:16:00+00:00,2026-04-12T22:16:00+00:00,complaint,positive,normal,escalate,create_ticket,synthetic_generator
evt_01940,delivery_issue:01,cust_0286,phone,"Hi, Honestly, the parcel with the running shoes is running behind schedule. I expected better than this. Please let me know.",ord_73668,standard,2026-04-20T14:21:00+00:00,2026-04-20T21:21:00+00:00,delivery_issue,negative,normal,offer_credit,apply_credit,synthetic_generator
evt_01941,general_question:10,cust_0572,email,Hey - Quick question - what is the difference between the standing desk and the newer version.,ord_54286,free,2026-04-25T19:16:00+00:00,2026-04-28T18:16:00+00:00,general_question,neutral,normal,auto_resolve,knowledge_response,synthetic_generator
evt_01942,tracking_request:11,cust_0346,email,"Good morning, how far along is the delivry of my monthly plan. Please advise. Thanks.",ord_33479,standard,2026-04-09T17:49:00+00:00,2026-04-10T20:49:00+00:00,tracking_request,neutral,normal,send_tracking_update,send_tracking_update,synthetic_generator
evt_01943,general_question:11,cust_0143,email,do I need an account to buy the standing desk. Please advise. Appreciate it.,ord_65193,enterprise,2026-04-30T10:07:00+00:00,2026-05-01T05:07:00+00:00,general_question,neutral,normal,auto_resolve,knowledge_response,synthetic_generator
evt_01944,general_question:09,cust_0526,email,"Hi, Hi there, can the annual subscription be gift wrapped.",ord_51125,enterprise,2026-04-13T05:35:00+00:00,2026-04-15T17:35:00+00:00,general_question,neutral,normal,auto_resolve,knowledge_response,synthetic_generator
evt_01945,delivery_issue:08,cust_0432,social,"Hello, This is disappointing - teh annual subscription was returned to sender without anyone contacting me. Thanks.",ord_89665,free,2026-05-01T23:11:00+00:00,2026-05-04T05:11:00+00:00,delivery_issue,negative,normal,offer_credit,apply_credit,synthetic_generator
evt_01946,complaint:09,cust_0247,email,"Good morning, This is disappointing - no one has taken ownership of the problem with the replacement charger. Regards.",ord_85464,standard,2026-04-22T05:23:00+00:00,2026-04-25T04:23:00+00:00,complaint,negative,normal,escalate,create_ticket,synthetic_generator
evt_01947,tracking_request:03,cust_0555,social,"Good morning, any news on when the annual subscription will get here, whenever you get a chance. Appreciate it.",ord_88628,free,2026-04-21T15:08:00+00:00,2026-04-23T17:08:00+00:00,tracking_request,neutral,normal,send_tracking_update,send_tracking_update,synthetic_generator
evt_01948,delivery_issue:10,cust_0638,email,"Hello, Quick question - the tracking for the annual subscription has not moved in five days. Please let me know.",ord_41223,standard,2026-04-10T05:59:00+00:00,2026-04-12T23:59:00+00:00,delivery_issue,neutral,normal,offer_credit,apply_credit,synthetic_generator
evt_01949,complaint:12,cust_0219,social,I keep being promised callbacks about teh standing desk that never happen. At this point I have run out of patience. Thanks.,ord_55508,free,2026-04-18T17:34:00+00:00,2026-04-19T06:34:00+00:00,complaint,negative,normal,escalate,create_ticket,synthetic_generator
evt_01950,tracking_request:06,cust_0356,phone,"Hello, This is disappointing - could you tell me which stage order 40917 is at.",ord_66712,standard,2026-04-11T13:55:00+00:00,2026-04-14T13:55:00+00:00,tracking_request,negative,normal,send_tracking_update,send_tracking_update,synthetic_generator
evt_01951,refund_request:10,cust_0387,chat,"Hello, the parcel with order 40917 came late and I would rather have teh money. pls let me know.",ord_40812,free,2026-04-17T20:11:00+00:00,2026-04-18T06:11:00+00:00,refund_request,neutral,normal,refund_review,refund_review,synthetic_generator
evt_01952,tracking_request:02,cust_0284,chat,Hey - what is the current location of the parcel with order 88214. Please advise. Appreciate it.,ord_24587,enterprise,2026-05-03T04:04:00+00:00,2026-05-03T09:04:00+00:00,tracking_request,neutral,high,send_tracking_update,send_tracking_update,synthetic_generator
evt_01953,tracking_request:02,cust_0153,social,"Good morning, Honestly, what is the current location of the parcel with my monthly plan. I expected better than this. Please let me know.",ord_32271,standard,2026-05-03T10:45:00+00:00,2026-05-05T06:45:00+00:00,tracking_request,negative,normal,send_tracking_update,send_tracking_update,synthetic_generator
evt_01954,general_question:10,cust_0344,phone,what is the difference between my monthly plan and teh newer version.,ord_30684,enterprise,2026-04-25T23:12:00+00:00,2026-04-27T18:12:00+00:00,general_question,neutral,normal,auto_resolve,knowledge_response,synthetic_generator
evt_01955,complaint:01,cust_0786,chat,"Good morning, the service around the replacement charger has been genuinely poor, which is really not good enough. Regards.",ord_16537,enterprise,2026-04-15T11:23:00+00:00,2026-04-18T00:23:00+00:00,complaint,negative,normal,escalate,create_ticket,synthetic_generator
evt_01956,tracking_request:00,cust_0217,social,"Good morning, Honestly, where is my the standing desk right now. I expected better than this. Thanks.",ord_46920,enterprise,2026-04-24T05:01:00+00:00,2026-04-27T04:01:00+00:00,tracking_request,negative,normal,send_tracking_update,send_tracking_update,synthetic_generator
evt_01957,general_question:01,cust_0173,social,"Hello, does the replacement charger come in other sizes. Thanks. Please let me know.",ord_35954,standard,2026-04-22T09:34:00+00:00,2026-04-23T23:34:00+00:00,general_question,neutral,normal,auto_resolve,knowledge_response,synthetic_generator
evt_01958,complaint:05,cust_0484,email,"Hey - Hi there, I am extremely let down by how teh replacement charger was managed.",ord_85910,free,2026-04-25T20:41:00+00:00,2026-04-26T06:41:00+00:00,complaint,neutral,normal,escalate,create_ticket,synthetic_generator
evt_01959,tracking_request:05,cust_0593,phone,"Hey - Hi there, I want to follow the journey of my the standing desk. Thanks.",ord_42029,free,2026-04-25T01:53:00+00:00,2026-04-25T22:53:00+00:00,tracking_request,neutral,normal,send_tracking_update,send_tracking_update,synthetic_generator
evt_01960,complaint:06,cust_0597,phone,"Hello, every person I speak to about the kitchen scale tells me something different. This has been a frustrating experience. Regards.",ord_10543,enterprise,2026-04-11T15:42:00+00:00,2026-04-12T14:42:00+00:00,complaint,negative,normal,escalate,create_ticket,synthetic_generator
evt_01961,general_question:09,cust_0459,chat,can the replacement charger be gift wrapped. Please advise. Thanks.,ord_28753,free,2026-05-02T05:13:00+00:00,2026-05-04T16:13:00+00:00,general_question,neutral,normal,auto_resolve,knowledge_response,synthetic_generator
evt_01962,refund_request:04,cust_0403,email,"Good morning, Hi there, requesting reimbursement for the kitchen scale. Thanks.",ord_19820,standard,2026-04-10T14:42:00+00:00,2026-04-12T08:42:00+00:00,refund_request,neutral,normal,refund_review,refund_review,synthetic_generator
evt_01963,complaint:04,cust_0359,phone,"Hi, the handling of the wireless keyboard has been unacceptable, and I am not happy about how long it has taken. Thanks.",ord_11691,free,2026-04-28T14:32:00+00:00,2026-04-29T04:32:00+00:00,complaint,negative,normal,escalate,create_ticket,synthetic_generator
evt_01964,general_question:08,cust_0036,phone,"Hi, Hello, how long does the running shoes usually take to arrive. Thanks. Thanks.",ord_47187,standard,2026-04-21T10:37:00+00:00,2026-04-23T13:37:00+00:00,general_question,neutral,normal,auto_resolve,knowledge_response,synthetic_generator
evt_01965,complaint:10,cust_0379,social,Hey - I have received three contradictory answers about my monthly plan. At this point I have run out of patience.,ord_40720,enterprise,2026-05-06T04:20:00+00:00,2026-05-07T17:20:00+00:00,complaint,negative,normal,escalate,create_ticket,synthetic_generator
evt_01966,complaint:06,cust_0844,social,"Good morning, Honestly, every person I speak to about the running shoes tells me something different. I expected better than this. Please let me know.",ord_27925,enterprise,2026-04-07T18:30:00+00:00,2026-04-09T11:30:00+00:00,complaint,negative,normal,escalate,create_ticket,synthetic_generator
evt_01967,delivery_issue:02,cust_0455,phone,"Hello, Hi there, order 88214 was meant to arrive on Tuesday and it is still not here. Appreciate it.",ord_99933,standard,2026-04-07T14:04:00+00:00,2026-04-09T16:04:00+00:00,delivery_issue,neutral,normal,offer_credit,apply_credit,synthetic_generator
evt_01968,ambiguous:00,cust_0087,social,"Hi, the annual subscription has not arrived and I am starting to want my money back, which is really not good enough.",ord_86921,free,2026-04-28T11:46:00+00:00,2026-04-30T12:46:00+00:00,delivery_issue,neutral,normal,offer_credit,apply_credit,synthetic_generator
evt_01969,delivery_issue:03,cust_0745,phone,"Good morning, courier marked order 40917 as attempted but nobody came, which is really not good enough. Please let me know.",ord_99971,free,2026-04-10T07:58:00+00:00,2026-04-10T13:58:00+00:00,delivery_issue,negative,normal,offer_credit,apply_credit,synthetic_generator
evt_01970,complaint:07,cust_0208,phone,"Hello, Honestly, I have been passed between four agents about teh blue headphones. I expected better than this. pls let me know.",ord_69808,standard,2026-04-27T04:24:00+00:00,2026-04-27T06:24:00+00:00,complaint,negative,high,escalate,create_ticket,synthetic_generator
evt_01971,complaint:03,cust_0293,email,nobody in your team seems to take teh replacement charger seriously. At this point I have run out of patience. Please let me know.,ord_98370,free,2026-04-06T17:30:00+00:00,2026-04-08T06:30:00+00:00,complaint,negative,normal,escalate,create_ticket,synthetic_generator
evt_01972,ambiguous:03,cust_0512,email,"Hey - Hi there, still waiting on the replacement charger and still nobody has explained why. Thanks.",ord_62864,standard,2026-05-06T07:22:00+00:00,2026-05-09T06:22:00+00:00,complaint,neutral,normal,escalate,create_ticket,synthetic_generator
evt_01973,refund_request:06,cust_0827,email,"Hello, Thanks for the help earlier - how do I get my funds returned for the replacement charger. Appreciate it.",ord_88337,standard,2026-05-06T03:17:00+00:00,2026-05-07T02:17:00+00:00,refund_request,positive,normal,refund_review,refund_review,synthetic_generator
evt_01974,general_question:13,cust_0286,social,"Good morning, Hello, what happens to my subscription if I pause order 40917. Thanks. Please let me know.",ord_24095,free,2026-04-16T01:40:00+00:00,2026-04-18T01:40:00+00:00,general_question,neutral,normal,auto_resolve,knowledge_response,synthetic_generator
evt_01975,refund_request:12,cust_0356,social,"Good morning, This is disappointing - I want to send the kitchen scale back for a credit to my account. Thanks.",ord_87417,standard,2026-04-11T09:10:00+00:00,2026-04-13T16:10:00+00:00,refund_request,negative,normal,refund_review,refund_review,synthetic_generator
evt_01976,refund_request:05,cust_0270,chat,"Good morning, the the blue headphones arrived damaged so I want compensation for it. Really appreciate the quick responses previously.",ord_66520,standard,2026-04-26T01:01:00+00:00,2026-04-28T09:01:00+00:00,refund_request,positive,normal,refund_review,refund_review,synthetic_generator
evt_01977,tracking_request:05,cust_0257,social,"Hello, This is disappointing - I want to follow the journey of my the blue headphones. Thanks.",ord_47258,free,2026-04-19T04:55:00+00:00,2026-04-19T22:55:00+00:00,tracking_request,negative,normal,send_tracking_update,send_tracking_update,synthetic_generator
evt_01978,complaint:03,cust_0086,phone,"Hi, nobody in your team seems to take order 40917 seriously. This has been a frustrating experience. Thanks.",ord_87865,standard,2026-04-18T07:04:00+00:00,2026-04-18T16:04:00+00:00,complaint,negative,normal,escalate,create_ticket,synthetic_generator
evt_01979,delivery_issue:12,cust_0210,email,"the estimated date for teh replacement charger has passed with no update, whenever you get a chance. Regards.",ord_72989,free,2026-04-13T03:18:00+00:00,2026-04-14T04:18:00+00:00,delivery_issue,neutral,normal,offer_credit,apply_credit,synthetic_generator
evt_01980,tracking_request:09,cust_0156,phone,"Hey - what does the courier say about the replacement charger at the moment, and I am not happy about how long it has taken. Regards.",ord_46835,standard,2026-04-24T03:00:00+00:00,2026-04-25T17:00:00+00:00,tracking_request,negative,normal,send_tracking_update,send_tracking_update,synthetic_generator
evt_01981,delivery_issue:13,cust_0782,email,"Good morning, my order containing the replacement charger appears to be lost in transit. At this point I have run out of patience.",ord_96707,standard,2026-04-20T04:09:00+00:00,2026-04-21T17:09:00+00:00,delivery_issue,negative,normal,offer_credit,apply_credit,synthetic_generator
evt_01982,general_question:03,cust_0427,chat,"Good morning, is the blue headphones covered by your returns window. Please let me know.",ord_81193,enterprise,2026-05-05T20:38:00+00:00,2026-05-05T22:38:00+00:00,general_question,neutral,high,auto_resolve,knowledge_response,synthetic_generator
evt_01983,delivery_issue:02,cust_0335,social,the running shoes was meant to arrive on Tuesday and it is still not here. I have had to chase this repeatedly. Please let me know.,ord_50834,standard,2026-05-03T04:03:00+00:00,2026-05-04T03:03:00+00:00,delivery_issue,negative,normal,offer_credit,apply_credit,synthetic_generator
evt_01984,complaint:09,cust_0402,phone,"Hi, Honestly, no one has taken ownership of the problem with my monthly plan. I expected better than this. Please let me know.",ord_79257,enterprise,2026-05-05T23:45:00+00:00,2026-05-06T06:45:00+00:00,complaint,negative,high,escalate,create_ticket,synthetic_generator
evt_01985,tracking_request:07,cust_0539,chat,"Good morning, is there a reference number I can use to watch the blue headphones, whenever you get a chance. Please let me know.",ord_56551,free,2026-04-07T22:19:00+00:00,2026-04-09T20:19:00+00:00,tracking_request,neutral,normal,send_tracking_update,send_tracking_update,synthetic_generator
evt_01986,refund_request:05,cust_0777,email,"Hello, the the replacement charger arrived damaged so I want compensation for it, whenever you get a chance.",ord_63697,standard,2026-04-20T16:01:00+00:00,2026-04-20T23:01:00+00:00,refund_request,neutral,normal,refund_review,refund_review,synthetic_generator
evt_01987,complaint:05,cust_0587,email,I am extremely let down by how the wireless keyboard was managed. This has been a frustrating experience.,ord_14933,free,2026-04-06T09:09:00+00:00,2026-04-08T15:09:00+00:00,complaint,negative,normal,escalate,create_ticket,synthetic_generator
evt_01988,general_question:00,cust_0311,phone,what is the warranty period on order 40917. Regards.,ord_44110,standard,2026-04-16T07:19:00+00:00,2026-04-16T08:19:00+00:00,general_question,neutral,high,auto_resolve,knowledge_response,synthetic_generator
evt_01989,refund_request:05,cust_0498,phone,"Hi there, the my monthly plan arrived damaged so I want compensation for it. Please let me know.",ord_68962,standard,2026-05-05T09:43:00+00:00,2026-05-07T03:43:00+00:00,refund_request,neutral,normal,refund_review,refund_review,synthetic_generator
evt_01990,tracking_request:02,cust_0886,social,"Hello, what is the current location of the parcel with order 40917. At this point I have run out of patience. Please let me know.",ord_57397,free,2026-04-21T14:58:00+00:00,2026-04-24T05:58:00+00:00,tracking_request,negative,normal,send_tracking_update,send_tracking_update,synthetic_generator
evt_01991,refund_request:09,cust_0434,phone,"Hi, I am returning the replacement charger, what happens with the payment. Please advise. Regards.",ord_29012,free,2026-04-15T07:12:00+00:00,2026-04-16T03:12:00+00:00,refund_request,neutral,normal,refund_review,refund_review,synthetic_generator
evt_01992,ambiguous:04,cust_0551,email,"Hello, what are my options if the replacement charger never shows up. This has been a frustrating experience.",ord_46816,free,2026-04-08T10:50:00+00:00,2026-04-09T12:50:00+00:00,general_question,negative,normal,auto_resolve,knowledge_response,synthetic_generator
evt_01993,general_question:03,cust_0696,social,"Hi, is my monthly plan covered by your returns window. Please advise. Thanks.",ord_81812,standard,2026-04-27T00:49:00+00:00,2026-04-29T15:49:00+00:00,general_question,neutral,normal,auto_resolve,knowledge_response,synthetic_generator
evt_01994,refund_request:09,cust_0851,email,"Hey - Quick question - I am returning the kitchen scale, what happens with the payment. Thanks.",ord_86172,enterprise,2026-04-07T01:34:00+00:00,2026-04-08T15:34:00+00:00,refund_request,neutral,normal,refund_review,refund_review,synthetic_generator
evt_01995,complaint:01,cust_0444,email,"Hello, the service around order 40917 has been genuinely poor. At this point I have run out of patience. Please let me know.",ord_84808,free,2026-04-17T06:42:00+00:00,2026-04-18T13:42:00+00:00,complaint,negative,normal,escalate,create_ticket,synthetic_generator
evt_01996,delivery_issue:08,cust_0368,phone,Thanks for the help earlier - the blue headphones was returned to sender without anyone contacting me.,ord_92543,free,2026-05-02T21:43:00+00:00,2026-05-03T19:43:00+00:00,delivery_issue,positive,normal,offer_credit,apply_credit,synthetic_generator
evt_01997,delivery_issue:00,cust_0477,phone,"Hello, Hi there, my order 40917 still has not turned up. Please let me know.",ord_63850,standard,2026-05-06T06:48:00+00:00,2026-05-09T02:48:00+00:00,delivery_issue,neutral,normal,offer_credit,apply_credit,synthetic_generator
evt_01998,complaint:02,cust_0718,chat,"Hello, Quick question - I have wasted hours on teh kitchen scale with no resolution. Regards.",ord_97857,free,2026-04-26T14:19:00+00:00,2026-04-26T23:19:00+00:00,complaint,neutral,normal,escalate,create_ticket,synthetic_generator
evt_01999,general_question:04,cust_0596,chat,"Good morning, how do I add the annual subscription to an existing order. This has been a frustrating experience. Regards.",ord_88507,free,2026-04-19T20:20:00+00:00,2026-04-21T16:20:00+00:00,general_question,negative,normal,auto_resolve,knowledge_response,synthetic_generator
evt_02000,delivery_issue:12,cust_0764,chat,"Hi, the estimated date for order 40917 has passed with no update, which is really not good enough. Regards.",ord_39784,standard,2026-04-13T22:45:00+00:00,2026-04-14T16:45:00+00:00,delivery_issue,negative,normal,offer_credit,apply_credit,synthetic_generator
evt_02001,delivery_issue:05,cust_0820,social,"Hello, it has been two weeks and the kitchen scale has not reached me. This has been a frustrating experience. Appreciate it.",ord_69095,standard,2026-04-25T23:03:00+00:00,2026-04-28T06:03:00+00:00,delivery_issue,negative,normal,offer_credit,apply_credit,synthetic_generator
evt_02002,complaint:13,cust_0159,email,"Hello, Hi there, I have lost confidence in how you handle things like order 88214. Thanks.",ord_39719,standard,2026-05-05T21:06:00+00:00,2026-05-07T10:06:00+00:00,complaint,neutral,normal,escalate,create_ticket,synthetic_generator
evt_02003,general_question:10,cust_0799,email,"Hello, Hello, what is teh difference between the running shoes and teh newer version. Thanks.",ord_14966,free,2026-05-05T22:07:00+00:00,2026-05-06T13:07:00+00:00,general_question,neutral,normal,auto_resolve,knowledge_response,synthetic_generator
evt_02004,general_question:10,cust_0136,email,"what is the difference between the running shoes and the newer version, whenever you get a chance. Appreciate it.",ord_21580,standard,2026-04-08T05:32:00+00:00,2026-04-10T12:32:00+00:00,general_question,neutral,normal,auto_resolve,knowledge_response,synthetic_generator
evt_02005,tracking_request:04,cust_0424,social,"Hi, Quick question - please share the shipment progress for order 40917. Regards.",ord_68875,enterprise,2026-05-04T01:09:00+00:00,2026-05-04T19:09:00+00:00,tracking_request,neutral,normal,send_tracking_update,send_tracking_update,synthetic_generator
evt_02006,complaint:01,cust_0539,social,the service around the standing desk has been genuinely poor. This has been a frustrating experience. Thanks.,ord_94575,standard,2026-05-04T10:21:00+00:00,2026-05-05T06:21:00+00:00,complaint,negative,normal,escalate,create_ticket,synthetic_generator
evt_02007,tracking_request:03,cust_0035,chat,"any news on when the blue headphones will get here. Your team has been great so far, thank you.",ord_20782,standard,2026-04-21T17:16:00+00:00,2026-04-22T03:16:00+00:00,tracking_request,positive,normal,send_tracking_update,send_tracking_update,synthetic_generator
evt_02008,complaint:05,cust_0725,phone,"Hey - I am extremely let down by how the replacement charger was managed, and I am not happy about how long it has taken. Regards.",ord_29836,enterprise,2026-04-30T23:20:00+00:00,2026-05-03T11:20:00+00:00,complaint,negative,normal,escalate,create_ticket,synthetic_generator
evt_02009,refund_request:09,cust_0591,social,"I am returning the standing desk, what happens with the payment, which is really not good enough. Please let me know.",ord_69204,standard,2026-04-24T22:54:00+00:00,2026-04-26T20:54:00+00:00,refund_request,negative,normal,refund_review,refund_review,synthetic_generator
evt_02010,general_question:08,cust_0727,chat,"Hello, how long does order 40917 usually take to arrive. Thanks.",ord_48405,standard,2026-04-25T13:23:00+00:00,2026-04-26T17:23:00+00:00,general_question,neutral,normal,auto_resolve,knowledge_response,synthetic_generator
evt_02011,delivery_issue:00,cust_0326,email,"Hi, my the wireless keyboard still has not turned up. This has been a frustrating experience. Thanks.",ord_91970,standard,2026-04-28T18:08:00+00:00,2026-04-29T10:08:00+00:00,delivery_issue,negative,normal,offer_credit,apply_credit,synthetic_generator
evt_02012,tracking_request:02,cust_0186,phone,"Hey - what is the current location of the parcel with the running shoes. No rush at all, you have been helpful. Appreciate it.",ord_16605,enterprise,2026-04-09T22:58:00+00:00,2026-04-10T19:58:00+00:00,tracking_request,positive,normal,send_tracking_update,send_tracking_update,synthetic_generator
evt_02013,general_question:07,cust_0103,email,"Good morning, is there a student discount available on the kitchen scale. Appreciate it.",ord_37584,enterprise,2026-04-19T23:52:00+00:00,2026-04-20T12:52:00+00:00,general_question,neutral,normal,auto_resolve,knowledge_response,synthetic_generator
evt_02014,tracking_request:13,cust_0245,email,"looking for an update on where the blue headphones has got to, which is really not good enough. Appreciate it.",ord_57638,enterprise,2026-04-13T08:55:00+00:00,2026-04-15T15:55:00+00:00,tracking_request,negative,normal,send_tracking_update,send_tracking_update,synthetic_generator
evt_02015,complaint:03,cust_0524,email,nobody in your team seems to take the wireless keyboard seriously.,ord_55606,enterprise,2026-05-05T08:58:00+00:00,2026-05-05T11:58:00+00:00,complaint,neutral,high,escalate,create_ticket,synthetic_generator
evt_02016,delivery_issue:12,cust_0369,social,"Hi, the estimated date for the annual subscription has passed with no update. Your team has been great so far, thank you. Please let me know.",ord_28059,free,2026-04-26T09:27:00+00:00,2026-04-27T12:27:00+00:00,delivery_issue,positive,normal,offer_credit,apply_credit,synthetic_generator
evt_02017,complaint:09,cust_0319,chat,"Good morning, This is disappointing - no one has taken ownership of teh problem with teh blue headphones. Thanks.",ord_72504,enterprise,2026-04-20T14:04:00+00:00,2026-04-22T05:04:00+00:00,complaint,negative,normal,escalate,create_ticket,synthetic_generator
evt_02018,general_question:10,cust_0396,social,"Happy with the service overall, just what is the difference between the kitchen scale and the newer version.",ord_50376,free,2026-05-06T08:06:00+00:00,2026-05-08T04:06:00+00:00,general_question,positive,normal,auto_resolve,knowledge_response,synthetic_generator
evt_02019,general_question:10,cust_0459,phone,"Good morning, what is the difference between the running shoes and the newer version, whenever you get a chance. Thanks.",ord_64304,free,2026-04-25T08:13:00+00:00,2026-04-27T19:13:00+00:00,general_question,neutral,normal,auto_resolve,knowledge_response,synthetic_generator
evt_02020,delivery_issue:09,cust_0870,email,"Hello, delivery of order 88214 keeps getting rescheduled. Thanks.",ord_17329,standard,2026-04-14T01:04:00+00:00,2026-04-14T22:04:00+00:00,delivery_issue,neutral,normal,offer_credit,apply_credit,synthetic_generator
evt_02021,tracking_request:04,cust_0018,chat,"Hello, Hello, please share the shipment progress for order 88214. Thanks. Thanks.",ord_71049,free,2026-04-11T02:13:00+00:00,2026-04-13T04:13:00+00:00,tracking_request,neutral,normal,send_tracking_update,send_tracking_update,synthetic_generator
evt_02022,general_question:04,cust_0152,phone,"Good morning, Thanks for teh help earlier - how do I add teh replacement charger to an existing order. Appreciate it.",ord_81421,standard,2026-04-16T21:29:00+00:00,2026-04-17T04:29:00+00:00,general_question,positive,normal,auto_resolve,knowledge_response,synthetic_generator
evt_02023,delivery_issue:03,cust_0381,phone,"Hello, courier marked my monthly plan as attempted but nobody came. I have had to chase this repeatedly. Appreciate it.",ord_58694,free,2026-04-12T06:56:00+00:00,2026-04-12T18:56:00+00:00,delivery_issue,negative,normal,offer_credit,apply_credit,synthetic_generator
evt_02024,delivery_issue:03,cust_0514,social,"Hello, This is disappointing - courier marked order 40917 as attempted but nobody came. Please let me know.",ord_45779,free,2026-05-01T22:38:00+00:00,2026-05-03T23:38:00+00:00,delivery_issue,negative,normal,offer_credit,apply_credit,synthetic_generator
evt_02025,general_question:11,cust_0166,email,"Good morning, Hello, do I need an account to buy order 40917. Thanks. Appreciate it.",ord_73760,enterprise,2026-04-10T02:02:00+00:00,2026-04-10T03:02:00+00:00,general_question,neutral,high,auto_resolve,knowledge_response,synthetic_generator
evt_02026,refund_request:01,cust_0585,email,"Good morning, please reverse the charge on the annual subscription. I have had to chase this repeatedly. Appreciate it.",ord_54028,enterprise,2026-04-26T23:42:00+00:00,2026-04-29T16:42:00+00:00,refund_request,negative,normal,refund_review,refund_review,synthetic_generator
evt_02027,tracking_request:10,cust_0609,chat,Quick question - just checking in on the progress of the kitchen scale. Please let me know.,ord_47775,free,2026-04-14T04:49:00+00:00,2026-04-15T07:49:00+00:00,tracking_request,neutral,normal,send_tracking_update,send_tracking_update,synthetic_generator
evt_02028,delivery_issue:08,cust_0082,phone,"Hello, Honestly, oder 40917 was returned to sender without anyone contacting me. I expected better than this. Thanks.",ord_13201,standard,2026-04-28T09:38:00+00:00,2026-04-28T15:38:00+00:00,delivery_issue,negative,normal,offer_credit,apply_credit,synthetic_generator
evt_02029,general_question:01,cust_0494,chat,"Good morning, Hi there, does the standing desk come in other sizes.",ord_10589,free,2026-04-15T19:31:00+00:00,2026-04-18T01:31:00+00:00,general_question,neutral,normal,auto_resolve,knowledge_response,synthetic_generator
evt_02030,ambiguous:04,cust_0520,chat,"Hey - Hi there, what are my options if the wireless keyboard never shows up.",ord_85163,standard,2026-04-08T13:29:00+00:00,2026-04-11T07:29:00+00:00,general_question,neutral,normal,auto_resolve,knowledge_response,synthetic_generator
evt_02031,complaint:08,cust_0204,email,"your process for the standing desk has cost me an entire afternoon, and I am not happy about how long it has taken. Regards.",ord_56395,standard,2026-04-26T08:28:00+00:00,2026-04-26T17:28:00+00:00,complaint,negative,normal,escalate,create_ticket,synthetic_generator
evt_02032,tracking_request:11,cust_0155,chat,"Hello, Hello, how far along is the delivery of the wireless keyboard. Thanks. Thanks.",ord_44007,standard,2026-05-05T14:24:00+00:00,2026-05-06T22:24:00+00:00,tracking_request,positive,normal,send_tracking_update,send_tracking_update,synthetic_generator
evt_02033,tracking_request:12,cust_0602,social,"Good morning, can you confirm teh expected date for the annual subscription. pls advise. Regards.",ord_30945,free,2026-04-28T05:04:00+00:00,2026-04-29T10:04:00+00:00,tracking_request,neutral,normal,send_tracking_update,send_tracking_update,synthetic_generator
evt_02034,delivery_issue:04,cust_0310,chat,"Hi, shipment containing the replacement charger seems stuck at the depot. This has been a frustrating experience. Appreciate it.",ord_22364,standard,2026-04-11T17:10:00+00:00,2026-04-12T00:10:00+00:00,delivery_issue,negative,normal,offer_credit,apply_credit,synthetic_generator
evt_02035,complaint:13,cust_0098,chat,"Hey - I have lost confidence in how you handle things like order 40917, which is really not good enough. Thanks.",ord_94420,free,2026-04-10T23:17:00+00:00,2026-04-11T15:17:00+00:00,complaint,negative,normal,escalate,create_ticket,synthetic_generator
evt_02036,tracking_request:07,cust_0477,email,"Hello, is there a reference number I can use to watch the standing desk. At this point I have run out of patience. Please let me know.",ord_30944,enterprise,2026-04-07T05:29:00+00:00,2026-04-09T14:29:00+00:00,tracking_request,negative,normal,send_tracking_update,send_tracking_update,synthetic_generator
evt_02037,general_question:07,cust_0444,social,"Hi, is there a student discount available on the annual subscription, and I am not happy about how long it has taken. Regards.",ord_53510,standard,2026-04-30T15:33:00+00:00,2026-05-02T11:33:00+00:00,general_question,negative,normal,auto_resolve,knowledge_response,synthetic_generator
evt_02038,refund_request:04,cust_0162,chat,"Hi there, requesting reimbursement for the standing desk. Please let me know.",ord_65132,enterprise,2026-04-20T02:08:00+00:00,2026-04-21T19:08:00+00:00,refund_request,neutral,normal,refund_review,refund_review,synthetic_generator
evt_02039,tracking_request:08,cust_0450,phone,"Hello, when is the kitchen scale scheduled to arrive, which is really not good enough. Regards.",ord_29305,standard,2026-04-29T14:36:00+00:00,2026-04-30T16:36:00+00:00,tracking_request,negative,normal,send_tracking_update,send_tracking_update,synthetic_generator
evt_02040,complaint:10,cust_0485,email,"I have received three contradictory answers about my monthly plan, whenever you get a chance. Please let me know.",ord_71637,standard,2026-04-20T15:56:00+00:00,2026-04-21T04:56:00+00:00,complaint,neutral,normal,escalate,create_ticket,synthetic_generator
evt_02041,refund_request:05,cust_0675,phone,Hey - This is disappointing - the the running shoes arrived damaged so I want compensation for it. Thanks.,ord_90045,free,2026-04-26T00:40:00+00:00,2026-04-28T08:40:00+00:00,refund_request,negative,normal,refund_review,refund_review,synthetic_generator
evt_02042,delivery_issue:02,cust_0564,chat,"Hey - the replacement charger was meant to arrive on Tuesday and it is still not here, whenever you get a chance.",ord_78322,enterprise,2026-04-18T03:02:00+00:00,2026-04-20T17:02:00+00:00,delivery_issue,neutral,normal,offer_credit,apply_credit,synthetic_generator
evt_02043,refund_request:02,cust_0203,phone,Hey - can you send this the running shoes back and return the payment. Please advise. Thanks.,ord_73942,standard,2026-04-29T13:37:00+00:00,2026-04-29T20:37:00+00:00,refund_request,neutral,normal,refund_review,refund_review,synthetic_generator
evt_02044,tracking_request:02,cust_0205,chat,what is the current location of the parcel with order 88214. At this point I have run out of patience. Appreciate it.,ord_32136,enterprise,2026-05-03T07:44:00+00:00,2026-05-05T21:44:00+00:00,tracking_request,negative,normal,send_tracking_update,send_tracking_update,synthetic_generator
evt_02045,complaint:12,cust_0404,phone,"Hi, I keep being promised callbacks about the annual subscription that never happen. This has been a frustrating experience. Regards.",ord_89243,enterprise,2026-04-26T21:09:00+00:00,2026-04-28T03:09:00+00:00,complaint,positive,normal,escalate,create_ticket,synthetic_generator
evt_02046,ambiguous:07,cust_0830,email,"Hello, Quick question - the courier says delivered but the running shoes is not here.",ord_81156,standard,2026-04-19T05:35:00+00:00,2026-04-20T15:35:00+00:00,delivery_issue,positive,normal,offer_credit,apply_credit,synthetic_generator
evt_02047,tracking_request:07,cust_0707,phone,"Good morning, is there a reference number I can use to watch the wireless keyboard. This has been a frustrating experience. Please let me know.",ord_92404,free,2026-04-10T06:38:00+00:00,2026-04-12T20:38:00+00:00,tracking_request,negative,normal,send_tracking_update,send_tracking_update,synthetic_generator
evt_02048,ambiguous:02,cust_0256,social,"Hey - no idea where the standing desk is, can someone actually look into this. At this point I have run out of patience. Please let me know.",ord_54948,standard,2026-05-03T14:02:00+00:00,2026-05-04T01:02:00+00:00,tracking_request,neutral,normal,send_tracking_update,send_tracking_update,synthetic_generator
evt_02049,complaint:08,cust_0838,email,"Good morning, your process for my monthly plan has cost me an entire afternoon, and I am not happy about how long it has taken.",ord_17712,standard,2026-04-22T14:12:00+00:00,2026-04-24T17:12:00+00:00,complaint,negative,normal,escalate,create_ticket,synthetic_generator
evt_02050,delivery_issue:02,cust_0384,chat,"Hello, the kitchen scale was meant to arrive on Tuesday and it is still not here. Regards.",ord_33869,enterprise,2026-05-04T21:31:00+00:00,2026-05-05T09:31:00+00:00,delivery_issue,neutral,normal,offer_credit,apply_credit,synthetic_generator
evt_02051,complaint:01,cust_0318,phone,"Hey - the service around the replacement charger has been genuinely poor, which is really not good enough. Appreciate it.",ord_38063,free,2026-04-21T12:31:00+00:00,2026-04-21T14:31:00+00:00,complaint,negative,high,escalate,create_ticket,synthetic_generator
evt_02052,complaint:01,cust_0638,social,This is disappointing - the service around teh standing desk has been genuinely poor. Thanks.,ord_15608,free,2026-04-30T01:47:00+00:00,2026-05-01T05:47:00+00:00,complaint,negative,normal,escalate,create_ticket,synthetic_generator
evt_02053,tracking_request:11,cust_0798,phone,"Hello, how far along is the delivery of the kitchen scale. Regards.",ord_99685,enterprise,2026-04-11T09:12:00+00:00,2026-04-13T11:12:00+00:00,tracking_request,neutral,normal,send_tracking_update,send_tracking_update,synthetic_generator
evt_02054,complaint:10,cust_0085,chat,"Hi, Honestly, I have received three contradictory answers about the kitchen scale. I expected better than this. Regards.",ord_10667,standard,2026-04-20T00:48:00+00:00,2026-04-20T19:48:00+00:00,complaint,negative,normal,escalate,create_ticket,synthetic_generator
evt_02055,delivery_issue:11,cust_0468,social,"Good morning, nobody has been able to deliver order 88214 yet. Thanks.",ord_76351,enterprise,2026-04-27T16:42:00+00:00,2026-04-28T03:42:00+00:00,delivery_issue,neutral,normal,offer_credit,apply_credit,synthetic_generator
evt_02056,general_question:10,cust_0113,chat,"Good morning, what is the difference between order 40917 and the newer version. Please advise.",ord_66381,free,2026-04-10T16:37:00+00:00,2026-04-12T05:37:00+00:00,general_question,neutral,normal,auto_resolve,knowledge_response,synthetic_generator
evt_02057,tracking_request:04,cust_0536,phone,"Hello, please share teh shipment progress for the standing desk, whenever you get a chance. Thanks.",ord_85109,enterprise,2026-05-04T01:28:00+00:00,2026-05-04T16:28:00+00:00,tracking_request,neutral,normal,send_tracking_update,send_tracking_update,synthetic_generator
evt_02058,complaint:01,cust_0777,chat,"Hello, the service around my monthly plan has been genuinely poor, which is really not good enough. Appreciate it.",ord_88870,enterprise,2026-04-19T10:32:00+00:00,2026-04-20T10:32:00+00:00,complaint,negative,normal,escalate,create_ticket,synthetic_generator
evt_02059,refund_request:02,cust_0712,chat,"Good morning, can you send this my monthly plan back and return the payment, which is really not good enough. Appreciate it.",ord_97491,enterprise,2026-05-06T02:54:00+00:00,2026-05-08T08:54:00+00:00,refund_request,negative,normal,refund_review,refund_review,synthetic_generator
evt_02060,refund_request:09,cust_0683,chat,"Hey - Hello, I am returning oder 88214, what happens with teh payment. Thanks. Thanks.",ord_78536,standard,2026-04-29T05:23:00+00:00,2026-04-29T19:23:00+00:00,refund_request,neutral,normal,refund_review,refund_review,synthetic_generator
evt_02061,general_question:06,cust_0223,social,"Hello, do you ship the running shoes internationally. Thanks. Please let me know.",ord_53794,standard,2026-04-20T11:15:00+00:00,2026-04-21T14:15:00+00:00,general_question,neutral,normal,auto_resolve,knowledge_response,synthetic_generator
evt_02062,ambiguous:00,cust_0384,social,"Hello, the kitchen scale has not arrived and I am starting to want my money back. Thanks.",ord_40432,standard,2026-04-29T18:16:00+00:00,2026-05-01T15:16:00+00:00,delivery_issue,neutral,normal,offer_credit,apply_credit,synthetic_generator
evt_02063,delivery_issue:01,cust_0723,chat,"Hey - the parcel with the replacement charger is running behind schedule, which is really not good enough. Thanks.",ord_67341,standard,2026-04-12T11:39:00+00:00,2026-04-14T22:39:00+00:00,delivery_issue,negative,normal,offer_credit,apply_credit,synthetic_generator
evt_02064,ambiguous:05,cust_0490,phone,"Hello, This is disappointing - this is the second delivry of the standing desk you have got wrong. Thanks.",ord_30910,free,2026-05-06T00:07:00+00:00,2026-05-07T10:07:00+00:00,complaint,negative,normal,escalate,create_ticket,synthetic_generator
evt_02065,complaint:09,cust_0347,email,"Hi, no one has taken ownership of the problem with my monthly plan, and I am not happy about how long it has taken. Regards.",ord_85580,enterprise,2026-04-24T11:33:00+00:00,2026-04-26T02:33:00+00:00,complaint,negative,normal,escalate,create_ticket,synthetic_generator
evt_02066,complaint:07,cust_0562,phone,"Honestly, I have been passed between four agents about teh replacement charger. I expected better than this.",ord_30473,standard,2026-04-09T15:44:00+00:00,2026-04-12T07:44:00+00:00,complaint,negative,normal,escalate,create_ticket,synthetic_generator
evt_02067,tracking_request:07,cust_0235,social,"Hi, is there a reference number I can use to watch order 88214. At this point I have run out of patience. Thanks.",ord_63255,standard,2026-05-01T00:39:00+00:00,2026-05-03T15:39:00+00:00,tracking_request,negative,normal,send_tracking_update,send_tracking_update,synthetic_generator
evt_02068,complaint:02,cust_0660,phone,This is disappointing - I have wasted hours on the blue headphones with no resolution. Regards.,ord_98145,standard,2026-05-02T04:05:00+00:00,2026-05-03T11:05:00+00:00,complaint,negative,normal,escalate,create_ticket,synthetic_generator
evt_02069,refund_request:05,cust_0057,phone,"Hi, the the annual subscription arrived damaged so I want compensation for it. Please advise. Please let me know.",ord_85009,standard,2026-04-10T18:26:00+00:00,2026-04-13T02:26:00+00:00,refund_request,neutral,normal,refund_review,refund_review,synthetic_generator
evt_02070,refund_request:13,cust_0565,phone,"Hi, This is disappointing - raise a return for the blue headphones and refund me please.",ord_10464,standard,2026-04-12T16:05:00+00:00,2026-04-13T00:05:00+00:00,refund_request,negative,normal,refund_review,refund_review,synthetic_generator
evt_02071,refund_request:00,cust_0117,phone,Hey - This is disappointing - I would like my money back for the annual subscription. Appreciate it.,ord_34135,enterprise,2026-05-03T07:51:00+00:00,2026-05-06T02:51:00+00:00,refund_request,negative,normal,refund_review,refund_review,synthetic_generator
evt_02072,refund_request:07,cust_0247,phone,Thanks for the help earlier - the delivery of order 40917 was fine but I changed my mind and want a refund. Please let me know.,ord_77995,standard,2026-04-30T19:44:00+00:00,2026-05-01T07:44:00+00:00,refund_request,positive,normal,refund_review,refund_review,synthetic_generator
evt_02073,delivery_issue:10,cust_0391,email,Hey - the tracking for the wireless keyboard has not moved in five days. This has been a frustrating experience. Regards.,ord_11481,free,2026-04-24T12:15:00+00:00,2026-04-25T19:15:00+00:00,delivery_issue,negative,normal,offer_credit,apply_credit,synthetic_generator
evt_02074,refund_request:09,cust_0879,phone,"Hi, This is disappointing - I am returning order 40917, what happens with the payment. Regards.",ord_40154,free,2026-04-28T00:47:00+00:00,2026-04-30T00:47:00+00:00,refund_request,negative,normal,refund_review,refund_review,synthetic_generator
evt_02075,refund_request:00,cust_0459,social,Hey - I would like my money back for the replacement charger. Regards.,ord_75461,free,2026-05-04T06:19:00+00:00,2026-05-04T15:19:00+00:00,refund_request,neutral,normal,refund_review,refund_review,synthetic_generator
evt_02076,delivery_issue:03,cust_0551,chat,"courier marked the blue headphones as attempted but nobody came, whenever you get a chance.",ord_89554,free,2026-04-08T16:23:00+00:00,2026-04-10T15:23:00+00:00,delivery_issue,neutral,normal,offer_credit,apply_credit,synthetic_generator
evt_02077,tracking_request:07,cust_0172,social,"Good morning, is there a reference number I can use to watch the standing desk, which is really not good enough. Appreciate it.",ord_85192,enterprise,2026-04-06T20:06:00+00:00,2026-04-08T05:06:00+00:00,tracking_request,negative,normal,send_tracking_update,send_tracking_update,synthetic_generator
evt_02078,delivery_issue:05,cust_0197,email,"Hello, it has been two weeks and the blue headphones has not reached me. Thanks. Regards.",ord_61766,free,2026-04-18T13:39:00+00:00,2026-04-19T01:39:00+00:00,delivery_issue,neutral,normal,offer_credit,apply_credit,synthetic_generator
evt_02079,tracking_request:04,cust_0552,chat,"Good morning, Hello, please share the shipment progress for the replacement charger. Thanks.",ord_18490,free,2026-04-15T16:21:00+00:00,2026-04-17T06:21:00+00:00,tracking_request,neutral,normal,send_tracking_update,send_tracking_update,synthetic_generator
evt_02080,general_question:12,cust_0320,phone,"Hello, are spare parts available for the wireless keyboard. Please advise. Appreciate it.",ord_43981,enterprise,2026-05-05T12:45:00+00:00,2026-05-07T13:45:00+00:00,general_question,neutral,normal,auto_resolve,knowledge_response,synthetic_generator
evt_02081,ambiguous:02,cust_0455,phone,"Quick question - no idea where the blue headphones is, can someone actually look into this. Appreciate it.",ord_98147,standard,2026-04-17T05:10:00+00:00,2026-04-20T01:10:00+00:00,tracking_request,neutral,normal,send_tracking_update,send_tracking_update,synthetic_generator
evt_02082,general_question:05,cust_0757,email,"what payment methods work for my monthly plan, whenever you get a chance. Regards.",ord_72552,standard,2026-04-17T12:18:00+00:00,2026-04-20T02:18:00+00:00,general_question,neutral,normal,auto_resolve,knowledge_response,synthetic_generator
evt_02083,tracking_request:13,cust_0475,chat,"Good morning, Quick question - looking for an update on where teh running shoes has got to. Regards.",ord_49040,standard,2026-04-13T04:10:00+00:00,2026-04-15T16:10:00+00:00,tracking_request,neutral,normal,send_tracking_update,send_tracking_update,synthetic_generator
evt_02084,tracking_request:04,cust_0652,phone,Hey - please share teh shipment progress for order 88214. At this point I have run out of patience. Regards.,ord_43931,standard,2026-04-10T13:11:00+00:00,2026-04-13T05:11:00+00:00,tracking_request,negative,normal,send_tracking_update,send_tracking_update,synthetic_generator
evt_02085,tracking_request:03,cust_0456,phone,"Hi, This is disappointing - any news on when the standing desk will get here. Please let me know.",ord_45806,free,2026-04-28T04:23:00+00:00,2026-04-29T11:23:00+00:00,tracking_request,negative,normal,send_tracking_update,send_tracking_update,synthetic_generator
evt_02086,ambiguous:07,cust_0884,phone,Quick question - the courier says delivered but the running shoes is not here.,ord_89377,free,2026-04-24T07:06:00+00:00,2026-04-26T10:06:00+00:00,delivery_issue,neutral,normal,offer_credit,apply_credit,synthetic_generator
evt_02087,delivery_issue:00,cust_0037,chat,Thanks for the help earlier - my the running shoes still has not turned up.,ord_63484,free,2026-05-01T08:21:00+00:00,2026-05-03T14:21:00+00:00,delivery_issue,positive,normal,offer_credit,apply_credit,synthetic_generator
evt_02088,refund_request:00,cust_0697,social,Hey - Quick question - I would like my money back for my monthly plan. Appreciate it.,ord_89806,standard,2026-04-13T23:53:00+00:00,2026-04-14T14:53:00+00:00,refund_request,neutral,normal,refund_review,refund_review,synthetic_generator
evt_02089,delivery_issue:06,cust_0616,social,"Hey - Hi there, the the wireless keyboard order missed its promised window. Regards.",ord_43194,standard,2026-04-30T07:45:00+00:00,2026-05-01T09:45:00+00:00,delivery_issue,neutral,normal,offer_credit,apply_credit,synthetic_generator
evt_02090,general_question:02,cust_0591,chat,"Hi, Hello, can I change the delivry address for teh blue headphones. Thanks. Regards.",ord_26646,enterprise,2026-04-15T20:43:00+00:00,2026-04-16T17:43:00+00:00,general_question,neutral,normal,auto_resolve,knowledge_response,synthetic_generator
evt_02091,delivery_issue:11,cust_0407,phone,"Hello, Hi there, nobody has been able to deliver the running shoes yet. Appreciate it.",ord_86769,free,2026-04-23T02:11:00+00:00,2026-04-25T18:11:00+00:00,delivery_issue,neutral,normal,offer_credit,apply_credit,synthetic_generator
evt_02092,tracking_request:00,cust_0620,social,"Hello, where is my the replacement charger right now. Please advise. Regards.",ord_83644,free,2026-04-12T06:40:00+00:00,2026-04-13T09:40:00+00:00,tracking_request,neutral,normal,send_tracking_update,send_tracking_update,synthetic_generator
evt_02093,general_question:01,cust_0507,email,"Hi there, does the replacement charger come in other sizes. Please let me know.",ord_64946,enterprise,2026-04-23T20:39:00+00:00,2026-04-25T20:39:00+00:00,general_question,neutral,normal,auto_resolve,knowledge_response,synthetic_generator
evt_02094,tracking_request:07,cust_0210,email,"Good morning, is there a reference number I can use to watch order 88214. Please let me know.",ord_64255,enterprise,2026-04-18T21:16:00+00:00,2026-04-20T12:16:00+00:00,tracking_request,neutral,normal,send_tracking_update,send_tracking_update,synthetic_generator
evt_02095,delivery_issue:04,cust_0525,social,"Hello, shipment containing the annual subscription seems stuck at the depot. Please advise. Please let me know.",ord_50016,enterprise,2026-04-06T15:39:00+00:00,2026-04-09T00:39:00+00:00,delivery_issue,neutral,normal,offer_credit,apply_credit,synthetic_generator
evt_02096,tracking_request:07,cust_0204,email,"Hey - is there a reference number I can use to watch the running shoes, whenever you get a chance. Regards.",ord_88755,enterprise,2026-04-19T02:14:00+00:00,2026-04-21T03:14:00+00:00,tracking_request,neutral,normal,send_tracking_update,send_tracking_update,synthetic_generator
evt_02097,tracking_request:00,cust_0562,email,"Hey - where is my the kitchen scale right now, whenever you get a chance. Thanks.",ord_89449,free,2026-04-25T02:04:00+00:00,2026-04-25T14:04:00+00:00,tracking_request,neutral,normal,send_tracking_update,send_tracking_update,synthetic_generator
evt_02098,delivery_issue:06,cust_0294,phone,"Good morning, the the blue headphones order missed its promised window, whenever you get a chance. Please let me know.",ord_82659,free,2026-04-08T04:24:00+00:00,2026-04-10T16:24:00+00:00,delivery_issue,neutral,normal,offer_credit,apply_credit,synthetic_generator
evt_02099,delivery_issue:00,cust_0076,social,"my the running shoes still has not turned up, and I am not happy about how long it has taken. Please let me know.",ord_98710,free,2026-04-15T09:30:00+00:00,2026-04-17T16:30:00+00:00,delivery_issue,negative,normal,offer_credit,apply_credit,synthetic_generator
evt_02100,refund_request:06,cust_0468,email,"Hello, how do I get my funds returned for the wireless keyboard, and I am not happy about how long it has taken. Please let me know.",ord_14074,standard,2026-05-03T19:28:00+00:00,2026-05-04T00:28:00+00:00,refund_request,negative,normal,refund_review,refund_review,synthetic_generator
evt_02101,delivery_issue:11,cust_0097,phone,"Hi, Quick question - nobody has been able to deliver teh kitchen scale yet. Regards.",ord_48321,free,2026-04-21T07:28:00+00:00,2026-04-22T18:28:00+00:00,delivery_issue,neutral,normal,offer_credit,apply_credit,synthetic_generator
evt_02102,refund_request:06,cust_0390,phone,Hey - how do I get my funds returned for the replacement charger. I have had to chase this repeatedly. Appreciate it.,ord_98113,free,2026-04-24T16:44:00+00:00,2026-04-26T20:44:00+00:00,refund_request,neutral,normal,refund_review,refund_review,synthetic_generator
evt_02103,general_question:01,cust_0795,phone,"Hey - Hi there, does the annual subscription come in other sizes.",ord_71428,free,2026-04-24T00:36:00+00:00,2026-04-26T23:36:00+00:00,general_question,neutral,normal,auto_resolve,knowledge_response,synthetic_generator
evt_02104,complaint:04,cust_0083,social,"Hey - the handling of the annual subscription has been unacceptable. Your team has been great so far, thank you. Regards.",ord_39701,standard,2026-04-30T06:40:00+00:00,2026-04-30T18:40:00+00:00,complaint,positive,normal,escalate,create_ticket,synthetic_generator
evt_02105,general_question:11,cust_0334,email,Hey - do I need an account to buy the running shoes. Regards.,ord_76166,standard,2026-04-22T17:27:00+00:00,2026-04-24T06:27:00+00:00,general_question,neutral,normal,auto_resolve,knowledge_response,synthetic_generator
evt_02106,ambiguous:05,cust_0896,social,"Hello, this is the second delivery of my monthly plan you have got wrong, whenever you get a chance. Regards.",ord_72269,free,2026-04-30T17:39:00+00:00,2026-05-02T23:39:00+00:00,complaint,neutral,normal,escalate,create_ticket,synthetic_generator
evt_02107,tracking_request:09,cust_0868,email,"Hi, Hi there, what does the courier say about the replacement charger at the moment. Regards.",ord_89345,free,2026-05-01T01:03:00+00:00,2026-05-03T21:03:00+00:00,tracking_request,neutral,normal,send_tracking_update,send_tracking_update,synthetic_generator
evt_02108,general_question:06,cust_0209,social,Hey - Quick question - do you ship the wireless keyboard internationally. Regards.,ord_60105,free,2026-04-18T21:23:00+00:00,2026-04-21T10:23:00+00:00,general_question,neutral,normal,auto_resolve,knowledge_response,synthetic_generator
evt_02109,ambiguous:04,cust_0111,chat,"Good morning, what are my options if the kitchen scale never shows up. No rush at all, you have been helpful. Regards.",ord_99157,standard,2026-04-13T19:00:00+00:00,2026-04-14T20:00:00+00:00,general_question,positive,normal,auto_resolve,knowledge_response,synthetic_generator
evt_02110,general_question:04,cust_0003,social,"Good morning, Hi there, how do I add the blue headphones to an existing order. Thanks.",ord_57355,standard,2026-05-03T15:19:00+00:00,2026-05-04T18:19:00+00:00,general_question,neutral,normal,auto_resolve,knowledge_response,synthetic_generator
evt_02111,general_question:01,cust_0869,email,"Hello, Hello, does the replacement charger come in other sizes. Thanks. Thanks.",ord_29442,free,2026-04-28T08:40:00+00:00,2026-04-30T13:40:00+00:00,general_question,neutral,normal,auto_resolve,knowledge_response,synthetic_generator
evt_02112,general_question:01,cust_0595,email,does the wireless keyboard come in other sizes. Please advise. Regards.,ord_79569,standard,2026-05-02T20:48:00+00:00,2026-05-05T19:48:00+00:00,general_question,negative,normal,auto_resolve,knowledge_response,synthetic_generator
evt_02113,general_question:08,cust_0861,email,"Hello, Hello, how long does order 88214 usually take to arrive. Thanks. Thanks.",ord_71208,free,2026-04-14T21:44:00+00:00,2026-04-16T11:44:00+00:00,general_question,neutral,normal,auto_resolve,knowledge_response,synthetic_generator
evt_02114,general_question:08,cust_0004,chat,how long does the replacement charger usually take to arrive. Appreciate it.,ord_42989,standard,2026-04-14T02:55:00+00:00,2026-04-15T01:55:00+00:00,general_question,neutral,normal,auto_resolve,knowledge_response,synthetic_generator
evt_02115,refund_request:05,cust_0185,phone,"Hello, Quick question - the order 88214 arrived damaged so I want compensation for it. Appreciate it.",ord_39866,standard,2026-04-09T15:43:00+00:00,2026-04-12T07:43:00+00:00,refund_request,neutral,normal,refund_review,refund_review,synthetic_generator
evt_02116,refund_request:00,cust_0497,social,"Hi, Hi there, I would like my money back for the standing desk. Regards.",ord_76829,standard,2026-04-19T10:05:00+00:00,2026-04-20T20:05:00+00:00,refund_request,neutral,normal,refund_review,refund_review,synthetic_generator
evt_02117,refund_request:04,cust_0292,phone,"Hello, requesting reimbursement for order 88214. Appreciate it.",ord_42856,free,2026-04-27T18:36:00+00:00,2026-04-29T23:36:00+00:00,refund_request,neutral,normal,refund_review,refund_review,synthetic_generator
evt_02118,tracking_request:09,cust_0721,chat,"Hello, what does the courier say about the blue headphones at the moment. At this point I have run out of patience. Appreciate it.",ord_35898,standard,2026-04-26T08:29:00+00:00,2026-04-26T13:29:00+00:00,tracking_request,negative,normal,send_tracking_update,send_tracking_update,synthetic_generator
evt_02119,tracking_request:11,cust_0480,social,"Good morning, how far along is the delivery of the replacement charger. Please advise.",ord_64207,standard,2026-04-15T18:33:00+00:00,2026-04-17T10:33:00+00:00,tracking_request,neutral,normal,send_tracking_update,send_tracking_update,synthetic_generator
evt_02120,delivery_issue:07,cust_0339,phone,"Good morning, the driver could not find my address for the wireless keyboard. This has been a frustrating experience. Regards.",ord_51976,free,2026-04-10T22:17:00+00:00,2026-04-12T05:17:00+00:00,delivery_issue,negative,normal,offer_credit,apply_credit,synthetic_generator
evt_02121,complaint:00,cust_0595,email,"Hi, this is the third time I have written about order 40917 and nobody replies, which is really not good enough. Thanks.",ord_32838,standard,2026-05-01T11:56:00+00:00,2026-05-02T02:56:00+00:00,complaint,negative,normal,escalate,create_ticket,synthetic_generator
evt_02122,tracking_request:01,cust_0025,chat,can I get a status update on the replacement charger. Really appreciate the quick responses previously. Regards.,ord_64389,enterprise,2026-04-10T01:40:00+00:00,2026-04-12T15:40:00+00:00,tracking_request,positive,normal,send_tracking_update,send_tracking_update,synthetic_generator
evt_02123,tracking_request:09,cust_0565,phone,"Hi, Quick question - what does the courier say about the annual subscription at the moment.",ord_28057,free,2026-04-15T08:43:00+00:00,2026-04-17T14:43:00+00:00,tracking_request,neutral,normal,send_tracking_update,send_tracking_update,synthetic_generator
evt_02124,refund_request:03,cust_0412,phone,"Hi, I no longer want the annual subscription and expect the amount returned. Your team has been great so far, thank you. Appreciate it.",ord_91703,standard,2026-04-17T09:05:00+00:00,2026-04-17T20:05:00+00:00,refund_request,positive,normal,refund_review,refund_review,synthetic_generator
evt_02125,refund_request:01,cust_0657,chat,Hey - Quick question - please reverse the charge on the kitchen scale. Please let me know.,ord_14627,enterprise,2026-05-05T05:20:00+00:00,2026-05-06T17:20:00+00:00,refund_request,positive,normal,refund_review,refund_review,synthetic_generator
evt_02126,ambiguous:07,cust_0168,social,"Hi, the courier says delivered but the kitchen scale is not here. This has been a frustrating experience. Appreciate it.",ord_42559,free,2026-04-17T05:04:00+00:00,2026-04-18T18:04:00+00:00,delivery_issue,negative,normal,offer_credit,apply_credit,synthetic_generator
evt_02127,refund_request:09,cust_0325,chat,"Quick question - I am returning oder 88214, what happens with teh payment. Appreciate it.",ord_70366,standard,2026-04-12T12:08:00+00:00,2026-04-15T07:08:00+00:00,refund_request,neutral,normal,refund_review,refund_review,synthetic_generator
evt_02128,complaint:11,cust_0402,social,"Good morning, the way the annual subscription was dealt with reflects badly on your company. At this point I have run out of patience. Regards.",ord_19820,enterprise,2026-04-17T18:31:00+00:00,2026-04-18T19:31:00+00:00,complaint,negative,normal,escalate,create_ticket,synthetic_generator
evt_02129,ambiguous:01,cust_0730,email,"Hey - if order 40917 cannot get here this week I would rather be refunded, whenever you get a chance. Appreciate it.",ord_12272,free,2026-04-08T07:42:00+00:00,2026-04-10T12:42:00+00:00,refund_request,neutral,normal,refund_review,refund_review,synthetic_generator
evt_02130,refund_request:03,cust_0304,phone,"Good morning, Quick question - I no longer want order 40917 and expect the amount returned. Thanks.",ord_73876,enterprise,2026-04-20T19:29:00+00:00,2026-04-23T08:29:00+00:00,refund_request,neutral,normal,refund_review,refund_review,synthetic_generator
evt_02131,complaint:02,cust_0868,chat,"Hi, I have wasted hours on the replacement charger with no resolution, which is really not good enough. Regards.",ord_45276,standard,2026-04-26T10:19:00+00:00,2026-04-28T21:19:00+00:00,complaint,negative,normal,escalate,create_ticket,synthetic_generator
evt_02132,refund_request:09,cust_0122,email,"Hi, I am returning the blue headphones, what happens with the payment. This has been a frustrating experience. Appreciate it.",ord_11490,enterprise,2026-04-22T12:54:00+00:00,2026-04-24T11:54:00+00:00,refund_request,negative,normal,refund_review,refund_review,synthetic_generator
evt_02133,delivery_issue:07,cust_0861,chat,"Hi, the driver could not find my address for the kitchen scale. Please advise. Appreciate it.",ord_77111,standard,2026-04-17T22:30:00+00:00,2026-04-19T06:30:00+00:00,delivery_issue,neutral,normal,offer_credit,apply_credit,synthetic_generator
evt_02134,tracking_request:08,cust_0381,phone,"Hi, when is oder 88214 scheduled to arrive, whenever you get a chance. Regards.",ord_83831,standard,2026-04-13T05:41:00+00:00,2026-04-15T23:41:00+00:00,tracking_request,neutral,normal,send_tracking_update,send_tracking_update,synthetic_generator
evt_02135,delivery_issue:05,cust_0547,social,"Hi, This is disappointing - it has been two weeks and the replacement charger has not reached me. Regards.",ord_16979,free,2026-04-17T21:35:00+00:00,2026-04-19T01:35:00+00:00,delivery_issue,negative,normal,offer_credit,apply_credit,synthetic_generator
evt_02136,ambiguous:03,cust_0557,chat,"Hey - Hi there, still waiting on my monthly plan and still nobody has explained why. Please let me know.",ord_94411,free,2026-04-24T22:08:00+00:00,2026-04-27T14:08:00+00:00,complaint,neutral,normal,escalate,create_ticket,synthetic_generator
evt_02137,general_question:00,cust_0271,social,"Good morning, Hello, what is the warranty period on the wireless keyboard. Thanks. Please let me know.",ord_23266,standard,2026-04-25T06:53:00+00:00,2026-04-26T12:53:00+00:00,general_question,positive,normal,auto_resolve,knowledge_response,synthetic_generator
evt_02138,complaint:06,cust_0067,chat,"Hi, Hi there, every person I speak to about the replacement charger tells me something different. Regards.",ord_18763,standard,2026-04-17T15:34:00+00:00,2026-04-18T08:34:00+00:00,complaint,neutral,normal,escalate,create_ticket,synthetic_generator
evt_02139,refund_request:09,cust_0679,social,"Hello, I am returning my monthly plan, what happens with the payment. Your team has been great so far, thank you. Appreciate it.",ord_36185,free,2026-04-28T12:57:00+00:00,2026-04-28T19:57:00+00:00,refund_request,positive,normal,refund_review,refund_review,synthetic_generator
evt_02140,delivery_issue:09,cust_0590,social,"Good morning, Quick question - delivery of order 88214 keeps getting rescheduled. Appreciate it.",ord_21422,standard,2026-04-27T07:08:00+00:00,2026-04-28T07:08:00+00:00,delivery_issue,neutral,normal,offer_credit,apply_credit,synthetic_generator
evt_02141,tracking_request:06,cust_0618,social,could you tell me which stage the kitchen scale is at. This has been a frustrating experience. Thanks.,ord_41522,free,2026-04-28T19:59:00+00:00,2026-05-01T03:59:00+00:00,tracking_request,negative,normal,send_tracking_update,send_tracking_update,synthetic_generator
evt_02142,complaint:04,cust_0543,phone,"Good morning, the handling of the replacement charger has been unacceptable. This has been a frustrating experience. Thanks.",ord_84929,free,2026-04-23T20:09:00+00:00,2026-04-24T20:09:00+00:00,complaint,negative,normal,escalate,create_ticket,synthetic_generator
evt_02143,complaint:12,cust_0813,email,"Honestly, I keep being promised callbacks about order 40917 that never happen. I expected better than this.",ord_32361,standard,2026-04-20T02:12:00+00:00,2026-04-21T13:12:00+00:00,complaint,negative,normal,escalate,create_ticket,synthetic_generator
evt_02144,delivery_issue:01,cust_0309,phone,"Hi, Hi there, the parcel with the blue headphones is running behind schedule. Appreciate it.",ord_58066,standard,2026-05-02T20:48:00+00:00,2026-05-05T02:48:00+00:00,delivery_issue,neutral,normal,offer_credit,apply_credit,synthetic_generator
evt_02145,delivery_issue:03,cust_0214,phone,"Hi, Quick question - courier marked my monthly plan as attempted but nobody came. Regards.",ord_68496,free,2026-04-12T16:04:00+00:00,2026-04-13T18:04:00+00:00,delivery_issue,negative,normal,offer_credit,apply_credit,synthetic_generator
evt_02146,delivery_issue:03,cust_0567,social,courier marked order 40917 as attempted but nobody came. This has been a frustrating experience. Regards.,ord_96920,enterprise,2026-04-25T14:22:00+00:00,2026-04-27T04:22:00+00:00,delivery_issue,negative,normal,offer_credit,apply_credit,synthetic_generator
evt_02147,ambiguous:01,cust_0433,chat,"Hello, if the standing desk cannot get here this week I would rather be refunded. Really appreciate the quick responses previously. Please let me know.",ord_39247,standard,2026-04-22T09:27:00+00:00,2026-04-22T18:27:00+00:00,refund_request,neutral,normal,refund_review,refund_review,synthetic_generator
evt_02148,tracking_request:00,cust_0112,phone,"Hey - Hi there, where is my the blue headphones right now.",ord_62592,enterprise,2026-04-13T04:17:00+00:00,2026-04-14T21:17:00+00:00,tracking_request,neutral,normal,send_tracking_update,send_tracking_update,synthetic_generator
evt_02149,delivery_issue:05,cust_0169,chat,Thanks for the help earlier - it has been two weeks and the running shoes has not reached me. Regards.,ord_99990,standard,2026-04-26T21:13:00+00:00,2026-04-28T13:13:00+00:00,delivery_issue,positive,normal,offer_credit,apply_credit,synthetic_generator
evt_02150,refund_request:05,cust_0807,chat,"Hi, the the kitchen scale arrived damaged so I want compensation for it.",ord_66329,enterprise,2026-04-19T11:16:00+00:00,2026-04-21T23:16:00+00:00,refund_request,neutral,normal,refund_review,refund_review,synthetic_generator
evt_02151,general_question:05,cust_0199,chat,"Good morning, Thanks for the help earlier - what payment methods work for the replacement charger. Thanks.",ord_29596,free,2026-04-14T19:13:00+00:00,2026-04-17T04:13:00+00:00,general_question,negative,normal,auto_resolve,knowledge_response,synthetic_generator
evt_02152,ambiguous:07,cust_0431,social,"Hello, Quick question - the courier says delivered but the wireless keyboard is not here. Thanks.",ord_87880,free,2026-05-04T16:51:00+00:00,2026-05-06T22:51:00+00:00,delivery_issue,neutral,normal,offer_credit,apply_credit,synthetic_generator
evt_02153,delivery_issue:08,cust_0744,phone,"Good morning, order 88214 was returned to sender without anyone contacting me, which is really not good enough. Regards.",ord_77959,free,2026-04-21T07:18:00+00:00,2026-04-22T17:18:00+00:00,delivery_issue,negative,normal,offer_credit,apply_credit,synthetic_generator
evt_02154,delivery_issue:03,cust_0515,chat,Hey - This is disappointing - courier marked the annual subscription as attempted but nobody came. Regards.,ord_13257,free,2026-04-15T18:26:00+00:00,2026-04-16T00:26:00+00:00,delivery_issue,negative,normal,offer_credit,apply_credit,synthetic_generator
evt_02155,complaint:04,cust_0882,social,"the handling of my monthly plan has been unacceptable, whenever you get a chance. Regards.",ord_42944,standard,2026-04-18T16:44:00+00:00,2026-04-21T13:44:00+00:00,complaint,neutral,normal,escalate,create_ticket,synthetic_generator
evt_02156,refund_request:02,cust_0598,social,"Hi, can you send this order 40917 back and return the payment, whenever you get a chance. Thanks.",ord_35146,free,2026-04-29T15:37:00+00:00,2026-04-30T07:37:00+00:00,refund_request,neutral,normal,refund_review,refund_review,synthetic_generator
evt_02157,general_question:09,cust_0581,social,"Good morning, Hello, can order 40917 be gift wrapped. Thanks.",ord_62134,enterprise,2026-05-05T04:58:00+00:00,2026-05-06T04:58:00+00:00,general_question,neutral,normal,auto_resolve,knowledge_response,synthetic_generator
evt_02158,ambiguous:06,cust_0588,social,"Good morning, I have given up waiting for the kitchen scale, just close it out for me. Please let me know.",ord_63239,free,2026-04-25T14:08:00+00:00,2026-04-28T05:08:00+00:00,refund_request,neutral,normal,refund_review,refund_review,synthetic_generator
evt_02159,tracking_request:09,cust_0355,phone,"Hi, what does the courier say about the running shoes at the moment. At this point I have run out of patience. Thanks.",ord_10910,free,2026-05-04T20:09:00+00:00,2026-05-05T19:09:00+00:00,tracking_request,neutral,normal,send_tracking_update,send_tracking_update,synthetic_generator
evt_02160,general_question:01,cust_0534,email,"Hi, does the wireless keyboard come in other sizes, which is really not good enough. Appreciate it.",ord_95704,enterprise,2026-04-14T10:12:00+00:00,2026-04-15T16:12:00+00:00,general_question,negative,normal,auto_resolve,knowledge_response,synthetic_generator
evt_02161,tracking_request:11,cust_0515,social,"Good morning, how far along is the delivery of the standing desk. I have had to chase this repeatedly. Appreciate it.",ord_76953,free,2026-04-16T13:47:00+00:00,2026-04-19T07:47:00+00:00,tracking_request,negative,normal,send_tracking_update,send_tracking_update,synthetic_generator
evt_02162,delivery_issue:11,cust_0803,chat,"Hello, nobody has been able to deliver the blue headphones yet, which is really not good enough. Regards.",ord_73507,enterprise,2026-04-24T06:43:00+00:00,2026-04-25T02:43:00+00:00,delivery_issue,negative,normal,offer_credit,apply_credit,synthetic_generator
evt_02163,complaint:04,cust_0604,chat,"Hi, the handling of the annual subscription has been unacceptable, whenever you get a chance.",ord_32213,enterprise,2026-04-23T00:57:00+00:00,2026-04-23T22:57:00+00:00,complaint,neutral,normal,escalate,create_ticket,synthetic_generator
evt_02164,general_question:05,cust_0539,email,Hey - what payment methods work for the blue headphones. Appreciate it.,ord_81068,standard,2026-04-21T15:06:00+00:00,2026-04-23T13:06:00+00:00,general_question,neutral,normal,auto_resolve,knowledge_response,synthetic_generator
evt_02165,ambiguous:04,cust_0013,phone,"Hello, what are my options if the blue headphones never shows up, whenever you get a chance. Regards.",ord_27798,standard,2026-04-16T23:13:00+00:00,2026-04-19T17:13:00+00:00,general_question,neutral,normal,auto_resolve,knowledge_response,synthetic_generator
evt_02166,ambiguous:00,cust_0820,phone,"Good morning, my monthly plan has not arrived and I am starting to want my money back, and I am not happy about how long it has taken.",ord_93866,standard,2026-04-20T07:04:00+00:00,2026-04-22T16:04:00+00:00,delivery_issue,negative,normal,offer_credit,apply_credit,synthetic_generator
evt_02167,complaint:06,cust_0325,phone,Quick question - every person I speak to about the wireless keyboard tells me something different. Thanks.,ord_27900,standard,2026-04-22T17:29:00+00:00,2026-04-24T12:29:00+00:00,complaint,neutral,normal,escalate,create_ticket,synthetic_generator
evt_02168,complaint:08,cust_0140,phone,Hey - your process for my monthly plan has cost me an entire afternoon. This has been a frustrating experience. Thanks.,ord_79454,standard,2026-04-30T04:37:00+00:00,2026-05-02T05:37:00+00:00,complaint,negative,normal,escalate,create_ticket,synthetic_generator
evt_02169,refund_request:08,cust_0164,chat,"Hey - Hi there, please cancel the wireless keyboard and put the amount back on my card. Thanks.",ord_99295,standard,2026-04-20T23:42:00+00:00,2026-04-21T17:42:00+00:00,refund_request,neutral,normal,refund_review,refund_review,synthetic_generator
evt_02170,complaint:04,cust_0857,phone,the handling of order 40917 has been unacceptable. Please advise. Appreciate it.,ord_14738,free,2026-04-18T11:47:00+00:00,2026-04-20T19:47:00+00:00,complaint,neutral,normal,escalate,create_ticket,synthetic_generator
evt_02171,tracking_request:09,cust_0250,phone,"Hello, what does the courier say about the kitchen scale at the moment. No rush at all, you have been helpful. Please let me know.",ord_55612,standard,2026-04-24T13:21:00+00:00,2026-04-26T19:21:00+00:00,tracking_request,positive,normal,send_tracking_update,send_tracking_update,synthetic_generator
evt_02172,complaint:02,cust_0222,email,I have wasted hours on the annual subscription with no resolution. I have had to chase this repeatedly. Regards.,ord_56713,free,2026-04-19T23:02:00+00:00,2026-04-20T09:02:00+00:00,complaint,negative,normal,escalate,create_ticket,synthetic_generator
evt_02173,delivery_issue:08,cust_0777,chat,"Hello, the kitchen scale was returned to sender without anyone contacting me, whenever you get a chance. Thanks.",ord_15693,enterprise,2026-04-24T06:32:00+00:00,2026-04-25T19:32:00+00:00,delivery_issue,neutral,normal,offer_credit,apply_credit,synthetic_generator
evt_02174,tracking_request:12,cust_0390,email,"Hi, Hi there, can you confirm the expected date for the replacement charger. Thanks.",ord_96043,enterprise,2026-04-27T14:26:00+00:00,2026-04-29T06:26:00+00:00,tracking_request,neutral,normal,send_tracking_update,send_tracking_update,synthetic_generator
evt_02175,refund_request:04,cust_0414,phone,"Hello, Quick question - requesting reimbursement for the kitchen scale. Regards.",ord_50713,standard,2026-04-12T18:58:00+00:00,2026-04-13T06:58:00+00:00,refund_request,neutral,normal,refund_review,refund_review,synthetic_generator
evt_02176,delivery_issue:09,cust_0520,chat,"Good morning, delivery of the wireless keyboard keeps getting rescheduled, and I am not happy about how long it has taken. Please let me know.",ord_98435,free,2026-05-06T01:27:00+00:00,2026-05-08T07:27:00+00:00,delivery_issue,negative,normal,offer_credit,apply_credit,synthetic_generator
evt_02177,complaint:11,cust_0797,social,Hey - the way order 88214 was dealt with reflects badly on your company.,ord_51488,free,2026-04-27T21:46:00+00:00,2026-04-28T04:46:00+00:00,complaint,neutral,normal,escalate,create_ticket,synthetic_generator
evt_02178,refund_request:08,cust_0533,phone,"Hi, please cancel the standing desk and put the amount back on my card, and I am not happy about how long it has taken. Appreciate it.",ord_92492,free,2026-04-06T10:49:00+00:00,2026-04-07T04:49:00+00:00,refund_request,negative,normal,refund_review,refund_review,synthetic_generator
evt_02179,general_question:07,cust_0561,phone,"Good morning, is there a student discount available on the blue headphones, which is really not good enough.",ord_39717,free,2026-04-30T00:51:00+00:00,2026-04-30T02:51:00+00:00,general_question,negative,high,escalate,create_ticket,synthetic_generator
evt_02180,refund_request:13,cust_0756,phone,"Good morning, raise a return for my monthly plan and refund me please. I have had to chase this repeatedly. Appreciate it.",ord_80656,standard,2026-04-17T20:11:00+00:00,2026-04-19T22:11:00+00:00,refund_request,negative,normal,refund_review,refund_review,synthetic_generator
evt_02181,tracking_request:08,cust_0052,phone,Hey - Quick question - when is the standing desk scheduled to arrive. Please let me know.,ord_39740,free,2026-04-12T05:38:00+00:00,2026-04-12T08:38:00+00:00,tracking_request,neutral,normal,send_tracking_update,send_tracking_update,synthetic_generator
evt_02182,ambiguous:07,cust_0569,email,"Hi, This is disappointing - the courier says delivered but my monthly plan is not here. Appreciate it.",ord_74150,standard,2026-04-16T18:44:00+00:00,2026-04-19T05:44:00+00:00,delivery_issue,negative,normal,offer_credit,apply_credit,synthetic_generator
evt_02183,tracking_request:00,cust_0344,phone,Quick question - where is my the standing desk right now. Please let me know.,ord_96255,free,2026-05-05T12:31:00+00:00,2026-05-05T22:31:00+00:00,tracking_request,neutral,normal,send_tracking_update,send_tracking_update,synthetic_generator
evt_02184,general_question:10,cust_0784,phone,"Hi there, what is the difference between the wireless keyboard and the newer version.",ord_13429,standard,2026-05-02T06:25:00+00:00,2026-05-04T18:25:00+00:00,general_question,neutral,normal,auto_resolve,knowledge_response,synthetic_generator
evt_02185,ambiguous:02,cust_0690,email,"Hey - Hi there, no idea where the kitchen scale is, can someone actually look into this.",ord_22448,enterprise,2026-05-04T12:16:00+00:00,2026-05-05T22:16:00+00:00,tracking_request,neutral,normal,send_tracking_update,send_tracking_update,synthetic_generator
evt_02186,general_question:08,cust_0597,social,"how long does my monthly plan usually take to arrive, and I am not happy about how long it has taken. Regards.",ord_70563,free,2026-05-02T16:26:00+00:00,2026-05-05T00:26:00+00:00,general_question,negative,normal,auto_resolve,knowledge_response,synthetic_generator
evt_02187,complaint:13,cust_0504,social,Hey - Quick question - I have lost confidence in how you handle things like the kitchen scale. Regards.,ord_40899,enterprise,2026-05-03T09:44:00+00:00,2026-05-03T12:44:00+00:00,complaint,neutral,high,escalate,create_ticket,synthetic_generator
evt_02188,refund_request:10,cust_0727,social,"Hi, teh parcel with teh standing desk came late and I would rather have teh money. No rush at all, you have been helpful. pls let me know.",ord_48797,free,2026-04-25T06:58:00+00:00,2026-04-26T17:58:00+00:00,refund_request,positive,normal,refund_review,refund_review,synthetic_generator
evt_02189,tracking_request:11,cust_0127,email,"Hi, Quick question - how far along is the delivery of order 88214. Please let me know.",ord_59164,free,2026-04-10T02:40:00+00:00,2026-04-12T15:40:00+00:00,tracking_request,neutral,normal,send_tracking_update,send_tracking_update,synthetic_generator
evt_02190,refund_request:12,cust_0653,chat,"Good morning, I want to send the kitchen scale back for a credit to my account. I have had to chase this repeatedly. Appreciate it.",ord_66296,standard,2026-04-15T11:17:00+00:00,2026-04-17T17:17:00+00:00,refund_request,negative,normal,refund_review,refund_review,synthetic_generator
evt_02191,ambiguous:06,cust_0780,email,"Hi, I have given up waiting for the blue headphones, just close it out for me. Please advise. Please let me know.",ord_79759,free,2026-04-09T18:15:00+00:00,2026-04-10T01:15:00+00:00,refund_request,neutral,normal,refund_review,refund_review,synthetic_generator
evt_02192,refund_request:02,cust_0183,social,"Hey - Hello, can you send this order 88214 back and return the payment. Thanks. Appreciate it.",ord_21174,free,2026-04-07T08:19:00+00:00,2026-04-10T03:19:00+00:00,refund_request,neutral,normal,refund_review,refund_review,synthetic_generator
evt_02193,complaint:03,cust_0088,social,"Hello, nobody in your team seems to take order 40917 seriously, which is really not good enough. Regards.",ord_34830,enterprise,2026-04-29T00:34:00+00:00,2026-04-30T18:34:00+00:00,complaint,negative,normal,escalate,create_ticket,synthetic_generator
evt_02194,general_question:09,cust_0895,social,"Hi, can the running shoes be gift wrapped, whenever you get a chance. Appreciate it.",ord_20488,enterprise,2026-04-21T01:24:00+00:00,2026-04-23T04:24:00+00:00,general_question,neutral,normal,auto_resolve,knowledge_response,synthetic_generator
evt_02195,delivery_issue:01,cust_0096,social,"Hi, Honestly, the parcel with the wireless keyboard is running behind schedule. I expected better than this. Please let me know.",ord_63148,standard,2026-04-22T12:20:00+00:00,2026-04-25T06:20:00+00:00,delivery_issue,positive,normal,offer_credit,apply_credit,synthetic_generator
evt_02196,complaint:09,cust_0673,chat,"no one has taken ownership of the problem with the standing desk, which is really not good enough.",ord_44902,free,2026-04-19T11:35:00+00:00,2026-04-19T13:35:00+00:00,complaint,negative,high,escalate,create_ticket,synthetic_generator
evt_02197,delivery_issue:10,cust_0814,email,"Hello, This is disappointing - the tracking for my monthly plan has not moved in five days. Regards.",ord_23207,standard,2026-04-17T03:09:00+00:00,2026-04-18T14:09:00+00:00,delivery_issue,negative,normal,offer_credit,apply_credit,synthetic_generator
evt_02198,complaint:00,cust_0394,email,"Hi, this is the third time I have written about the running shoes and nobody replies, and I am not happy about how long it has taken. Regards.",ord_30217,enterprise,2026-04-08T03:26:00+00:00,2026-04-08T07:26:00+00:00,complaint,negative,high,escalate,create_ticket,synthetic_generator
evt_02199,general_question:11,cust_0514,phone,"Good morning, do I need an account to buy teh running shoes. Please advise. Regards.",ord_17856,free,2026-04-22T19:58:00+00:00,2026-04-23T03:58:00+00:00,general_question,positive,normal,auto_resolve,knowledge_response,synthetic_generator
evt_02200,ambiguous:01,cust_0025,chat,This is disappointing - if order 88214 cannot get here this week I would rather be refunded. Thanks.,ord_45721,standard,2026-04-20T08:32:00+00:00,2026-04-20T15:32:00+00:00,refund_request,negative,normal,refund_review,refund_review,synthetic_generator
evt_02201,general_question:07,cust_0052,chat,"Hello, is there a student discount available on the wireless keyboard. Please advise. Please let me know.",ord_51058,enterprise,2026-05-04T19:18:00+00:00,2026-05-05T12:18:00+00:00,general_question,neutral,normal,auto_resolve,knowledge_response,synthetic_generator
evt_02202,general_question:06,cust_0658,email,"Hi, Hi there, do you ship the annual subscription internationally. Please let me know.",ord_87586,standard,2026-04-10T10:14:00+00:00,2026-04-11T09:14:00+00:00,general_question,neutral,normal,auto_resolve,knowledge_response,synthetic_generator
evt_02203,complaint:12,cust_0786,chat,"Good morning, This is disappointing - I keep being promised callbacks about the blue headphones that never happen. Regards.",ord_71409,enterprise,2026-04-13T03:03:00+00:00,2026-04-15T01:03:00+00:00,complaint,negative,normal,escalate,create_ticket,synthetic_generator
evt_02204,tracking_request:09,cust_0226,chat,"Hello, This is disappointing - what does the courier say about order 88214 at the moment.",ord_29330,free,2026-04-25T12:25:00+00:00,2026-04-27T13:25:00+00:00,tracking_request,negative,normal,send_tracking_update,send_tracking_update,synthetic_generator
evt_02205,delivery_issue:03,cust_0372,chat,"Hi, Quick question - courier marked the blue headphones as attempted but nobody came. Thanks.",ord_29513,free,2026-04-07T17:57:00+00:00,2026-04-08T21:57:00+00:00,delivery_issue,neutral,normal,offer_credit,apply_credit,synthetic_generator
evt_02206,tracking_request:08,cust_0781,email,"Hey - Hello, when is the blue headphones scheduled to arrive. Thanks. Thanks.",ord_11438,free,2026-04-18T03:05:00+00:00,2026-04-18T08:05:00+00:00,tracking_request,neutral,normal,send_tracking_update,send_tracking_update,synthetic_generator
evt_02207,refund_request:13,cust_0396,phone,"Hi, raise a return for the replacement charger and refund me please, whenever you get a chance. Appreciate it.",ord_50964,standard,2026-04-20T23:31:00+00:00,2026-04-23T22:31:00+00:00,refund_request,negative,normal,refund_review,refund_review,synthetic_generator
evt_02208,general_question:08,cust_0795,social,"Hi, Quick question - how long does the replacement charger usually take to arrive.",ord_60715,free,2026-05-04T19:03:00+00:00,2026-05-04T20:03:00+00:00,general_question,neutral,high,auto_resolve,knowledge_response,synthetic_generator
evt_02209,general_question:02,cust_0005,phone,"Good morning, can I change the delivery address for the standing desk. Please advise.",ord_34211,standard,2026-04-28T06:04:00+00:00,2026-05-01T00:04:00+00:00,general_question,neutral,normal,auto_resolve,knowledge_response,synthetic_generator
evt_02210,refund_request:09,cust_0866,social,"Hi, I am returning the standing desk, what happens with the payment. I have had to chase this repeatedly. Thanks.",ord_30737,standard,2026-05-04T12:02:00+00:00,2026-05-04T23:02:00+00:00,refund_request,negative,normal,refund_review,refund_review,synthetic_generator
evt_02211,general_question:01,cust_0136,phone,"Hi, does the running shoes come in other sizes. No rush at all, you have been helpful. Appreciate it.",ord_28169,free,2026-04-09T02:25:00+00:00,2026-04-10T10:25:00+00:00,general_question,positive,normal,auto_resolve,knowledge_response,synthetic_generator
evt_02212,ambiguous:07,cust_0561,email,"Hello, the courier says delivered but the kitchen scale is not here, and I am not happy about how long it has taken. Please let me know.",ord_78438,standard,2026-04-24T06:23:00+00:00,2026-04-26T23:23:00+00:00,delivery_issue,negative,normal,offer_credit,apply_credit,synthetic_generator
evt_02213,general_question:08,cust_0747,phone,"Good morning, Hello, how long does the blue headphones usually take to arrive. Thanks. Please let me know.",ord_84104,standard,2026-04-23T11:23:00+00:00,2026-04-24T16:23:00+00:00,general_question,positive,normal,auto_resolve,knowledge_response,synthetic_generator
evt_02214,delivery_issue:00,cust_0246,phone,Hey - my the kitchen scale still has not turned up. Please advise. Appreciate it.,ord_94595,enterprise,2026-05-06T04:48:00+00:00,2026-05-06T22:48:00+00:00,delivery_issue,neutral,normal,offer_credit,apply_credit,synthetic_generator
evt_02215,tracking_request:01,cust_0347,email,"Hello, Quick question - can I get a status update on the wireless keyboard. Thanks.",ord_63821,standard,2026-05-02T00:30:00+00:00,2026-05-02T02:30:00+00:00,tracking_request,neutral,high,send_tracking_update,send_tracking_update,synthetic_generator
evt_02216,general_question:04,cust_0875,social,"Hi, Hello, how do I add the running shoes to an existing order. Thanks. Thanks.",ord_34821,free,2026-04-15T12:37:00+00:00,2026-04-17T02:37:00+00:00,general_question,neutral,normal,auto_resolve,knowledge_response,synthetic_generator
evt_02217,tracking_request:02,cust_0413,social,"Hello, Quick question - what is the current location of the parcel with the annual subscription. Appreciate it.",ord_80963,enterprise,2026-04-26T21:55:00+00:00,2026-04-28T10:55:00+00:00,tracking_request,neutral,normal,send_tracking_update,send_tracking_update,synthetic_generator
evt_02218,general_question:02,cust_0532,email,"Hello, can I change the delivery address for the standing desk. Please advise. Thanks.",ord_82334,standard,2026-04-26T05:51:00+00:00,2026-04-28T03:51:00+00:00,general_question,neutral,normal,auto_resolve,knowledge_response,synthetic_generator
evt_02219,complaint:04,cust_0393,phone,"Good morning, Quick question - the handling of the wireless keyboard has been unacceptable. Appreciate it.",ord_79843,enterprise,2026-04-23T20:07:00+00:00,2026-04-25T09:07:00+00:00,complaint,neutral,normal,escalate,create_ticket,synthetic_generator
evt_02220,refund_request:09,cust_0891,phone,"Good morning, Quick question - I am returning the kitchen scale, what happens with the payment. Thanks.",ord_18543,free,2026-05-03T01:22:00+00:00,2026-05-04T18:22:00+00:00,refund_request,neutral,normal,refund_review,refund_review,synthetic_generator
evt_02221,delivery_issue:04,cust_0810,phone,"Good morning, Hi there, shipment containing the kitchen scale seems stuck at the depot. Thanks.",ord_42398,free,2026-04-08T03:27:00+00:00,2026-04-09T16:27:00+00:00,delivery_issue,neutral,normal,offer_credit,apply_credit,synthetic_generator
evt_02222,delivery_issue:11,cust_0160,email,Hey - nobody has been able to deliver the kitchen scale yet. I have had to chase this repeatedly. Thanks.,ord_72437,free,2026-04-29T14:54:00+00:00,2026-05-01T13:54:00+00:00,delivery_issue,negative,normal,offer_credit,apply_credit,synthetic_generator
evt_02223,complaint:05,cust_0700,phone,"Hello, I am extremely let down by how my monthly plan was managed. Thanks. Regards.",ord_48023,standard,2026-04-24T16:59:00+00:00,2026-04-27T04:59:00+00:00,complaint,neutral,normal,escalate,create_ticket,synthetic_generator
evt_02224,delivery_issue:01,cust_0672,phone,"Hi, the parcel with my monthly plan is running behind schedule. Regards.",ord_28644,free,2026-04-18T10:11:00+00:00,2026-04-20T05:11:00+00:00,delivery_issue,neutral,normal,offer_credit,apply_credit,synthetic_generator
evt_02225,general_question:07,cust_0444,phone,"Hi, Hello, is there a student discount available on the standing desk. Thanks. Regards.",ord_74446,standard,2026-04-28T03:23:00+00:00,2026-04-30T11:23:00+00:00,general_question,neutral,normal,auto_resolve,knowledge_response,synthetic_generator
evt_02226,ambiguous:03,cust_0462,chat,"Hello, still waiting on the standing desk and still nobody has explained why, and I am not happy about how long it has taken. Appreciate it.",ord_34280,free,2026-04-16T19:55:00+00:00,2026-04-19T05:55:00+00:00,complaint,negative,normal,escalate,create_ticket,synthetic_generator
evt_02227,refund_request:09,cust_0669,chat,"Thanks for the help earlier - I am returning my monthly plan, what happens with the payment. Please let me know.",ord_46896,standard,2026-04-14T08:01:00+00:00,2026-04-15T12:01:00+00:00,refund_request,positive,normal,refund_review,refund_review,synthetic_generator
evt_02228,complaint:11,cust_0069,email,the way the running shoes was dealt with reflects badly on your company. At this point I have run out of patience. Regards.,ord_75865,standard,2026-04-26T12:57:00+00:00,2026-04-28T05:57:00+00:00,complaint,negative,normal,escalate,create_ticket,synthetic_generator
evt_02229,general_question:13,cust_0399,phone,"Hello, Happy with the service overall, just what happens to my subscription if I pause the kitchen scale. Regards.",ord_14320,standard,2026-04-09T01:03:00+00:00,2026-04-09T04:03:00+00:00,general_question,positive,normal,auto_resolve,knowledge_response,synthetic_generator
evt_02230,refund_request:05,cust_0100,email,"Good morning, Honestly, teh teh blue headphones arrived damaged so I want compensation for it. I expected better than this.",ord_96322,standard,2026-05-01T14:15:00+00:00,2026-05-03T12:15:00+00:00,refund_request,negative,normal,refund_review,refund_review,synthetic_generator
evt_02231,tracking_request:10,cust_0373,email,"Hello, Honestly, just checking in on the progress of order 88214. I expected better than this. Please let me know.",ord_28786,standard,2026-04-07T00:45:00+00:00,2026-04-09T21:45:00+00:00,tracking_request,positive,normal,send_tracking_update,send_tracking_update,synthetic_generator
evt_02232,complaint:08,cust_0851,phone,your process for order 88214 has cost me an entire afternoon. I have had to chase this repeatedly. Thanks.,ord_85819,standard,2026-04-12T02:32:00+00:00,2026-04-14T06:32:00+00:00,complaint,negative,normal,escalate,create_ticket,synthetic_generator
evt_02233,refund_request:12,cust_0863,phone,Hey - I want to send the running shoes back for a credit to my account. This has been a frustrating experience. Appreciate it.,ord_91463,free,2026-05-02T15:07:00+00:00,2026-05-04T01:07:00+00:00,refund_request,negative,normal,refund_review,refund_review,synthetic_generator
evt_02234,complaint:03,cust_0232,email,"Hello, Honestly, nobody in your team seems to take the standing desk seriously. I expected better than this. Appreciate it.",ord_45167,standard,2026-04-08T09:29:00+00:00,2026-04-09T18:29:00+00:00,complaint,negative,normal,escalate,create_ticket,synthetic_generator
evt_02235,delivery_issue:10,cust_0230,chat,"Hi, the tracking for the running shoes has not moved in five days, and I am not happy about how long it has taken. Please let me know.",ord_62582,enterprise,2026-05-06T01:34:00+00:00,2026-05-06T12:34:00+00:00,delivery_issue,negative,normal,offer_credit,apply_credit,synthetic_generator
evt_02236,complaint:02,cust_0207,email,"Hello, I have wasted hours on the wireless keyboard with no resolution, and I am not happy about how long it has taken. Appreciate it.",ord_26178,free,2026-04-07T01:35:00+00:00,2026-04-09T20:35:00+00:00,complaint,negative,normal,escalate,create_ticket,synthetic_generator
evt_02237,general_question:12,cust_0201,social,"Hello, are spare parts available for the wireless keyboard. Please advise.",ord_52255,free,2026-04-15T15:59:00+00:00,2026-04-17T19:59:00+00:00,general_question,neutral,normal,auto_resolve,knowledge_response,synthetic_generator
evt_02238,general_question:12,cust_0638,phone,"Hello, Quick question - are spare parts available for the standing desk. Regards.",ord_31201,standard,2026-04-08T00:38:00+00:00,2026-04-08T06:38:00+00:00,general_question,neutral,normal,auto_resolve,knowledge_response,synthetic_generator
evt_02239,general_question:02,cust_0198,social,"can I change the delivery address for the annual subscription, and I am not happy about how long it has taken.",ord_68975,free,2026-04-30T09:42:00+00:00,2026-05-03T07:42:00+00:00,general_question,negative,normal,auto_resolve,knowledge_response,synthetic_generator
evt_02240,tracking_request:09,cust_0670,chat,"Hi, what does the courier say about the kitchen scale at the moment. No rush at all, you have been helpful. Regards.",ord_52211,enterprise,2026-04-19T03:27:00+00:00,2026-04-21T13:27:00+00:00,tracking_request,positive,normal,send_tracking_update,send_tracking_update,synthetic_generator
evt_02241,tracking_request:01,cust_0554,phone,"Hello, Thanks for the help earlier - can I get a status update on the blue headphones.",ord_93625,standard,2026-04-29T21:50:00+00:00,2026-05-02T10:50:00+00:00,tracking_request,positive,normal,send_tracking_update,send_tracking_update,synthetic_generator
evt_02242,tracking_request:09,cust_0749,social,"Hi, what does the courier say about the annual subscription at the moment.",ord_44201,enterprise,2026-04-06T16:40:00+00:00,2026-04-09T00:40:00+00:00,tracking_request,positive,normal,send_tracking_update,send_tracking_update,synthetic_generator
evt_02243,tracking_request:10,cust_0007,social,"Hello, Quick question - just checking in on the progress of my monthly plan.",ord_20692,free,2026-04-28T11:15:00+00:00,2026-04-30T07:15:00+00:00,tracking_request,neutral,normal,send_tracking_update,send_tracking_update,synthetic_generator
evt_02244,general_question:02,cust_0067,email,"Hello, Quick question - can I change the delivery address for the replacement charger. Thanks.",ord_93244,enterprise,2026-04-15T00:39:00+00:00,2026-04-16T04:39:00+00:00,general_question,neutral,normal,auto_resolve,knowledge_response,synthetic_generator
evt_02245,complaint:07,cust_0735,social,"Hi, I have been passed between four agents about the standing desk. Regards.",ord_72452,enterprise,2026-04-28T13:48:00+00:00,2026-04-28T19:48:00+00:00,complaint,neutral,high,escalate,create_ticket,synthetic_generator
evt_02246,refund_request:05,cust_0433,chat,"the the wireless keyboard arrived damaged so I want compensation for it, and I am not happy about how long it has taken. Please let me know.",ord_77235,free,2026-04-10T13:34:00+00:00,2026-04-13T08:34:00+00:00,refund_request,negative,normal,refund_review,refund_review,synthetic_generator
evt_02247,ambiguous:03,cust_0064,phone,"Hello, still waiting on the wireless keyboard and still nobody has explained why, which is really not good enough. Regards.",ord_74899,free,2026-04-19T02:48:00+00:00,2026-04-21T17:48:00+00:00,complaint,negative,normal,escalate,create_ticket,synthetic_generator
evt_02248,tracking_request:00,cust_0247,social,where is my teh annual subscription right now. I have had to chase this repeatedly. Regards.,ord_96270,free,2026-04-22T06:42:00+00:00,2026-04-23T09:42:00+00:00,tracking_request,negative,normal,send_tracking_update,send_tracking_update,synthetic_generator
evt_02249,refund_request:10,cust_0745,social,"Hey - the parcel with my monthly plan came late and I would rather have the money. Your team has been great so far, thank you. Please let me know.",ord_14721,free,2026-04-23T03:40:00+00:00,2026-04-25T23:40:00+00:00,refund_request,positive,normal,refund_review,refund_review,synthetic_generator
evt_02250,delivery_issue:03,cust_0362,phone,courier marked teh blue headphones as attempted but nobody came. At this point I have run out of patience. Appreciate it.,ord_85911,standard,2026-04-16T22:19:00+00:00,2026-04-17T12:19:00+00:00,delivery_issue,negative,normal,offer_credit,apply_credit,synthetic_generator
evt_02251,refund_request:06,cust_0432,chat,Hey - Quick question - how do I get my funds returned for the annual subscription.,ord_13194,free,2026-05-03T01:57:00+00:00,2026-05-03T04:57:00+00:00,refund_request,positive,normal,refund_review,refund_review,synthetic_generator
evt_02252,general_question:10,cust_0448,phone,"what is the difference between the replacement charger and the newer version, whenever you get a chance. Thanks.",ord_57141,free,2026-04-30T22:46:00+00:00,2026-05-03T09:46:00+00:00,general_question,neutral,normal,auto_resolve,knowledge_response,synthetic_generator
evt_02253,refund_request:00,cust_0883,email,I would like my money back for the kitchen scale. Regards.,ord_64243,free,2026-04-19T15:36:00+00:00,2026-04-22T01:36:00+00:00,refund_request,neutral,normal,refund_review,refund_review,synthetic_generator
evt_02254,complaint:01,cust_0116,social,"the service around the wireless keyboard has been genuinely poor, which is really not good enough. Appreciate it.",ord_14250,standard,2026-05-03T20:28:00+00:00,2026-05-06T15:28:00+00:00,complaint,negative,normal,escalate,create_ticket,synthetic_generator
evt_02255,refund_request:02,cust_0182,social,"Hey - Hello, can you send this the running shoes back and return the payment. Thanks.",ord_68936,standard,2026-04-30T20:56:00+00:00,2026-05-03T06:56:00+00:00,refund_request,positive,normal,refund_review,refund_review,synthetic_generator
evt_02256,complaint:13,cust_0464,chat,Quick question - I have lost confidence in how you handle things like the replacement charger. Regards.,ord_26554,standard,2026-04-24T03:34:00+00:00,2026-04-24T11:34:00+00:00,complaint,neutral,normal,escalate,create_ticket,synthetic_generator
evt_02257,tracking_request:07,cust_0775,chat,"Hey - is there a reference number I can use to watch the annual subscription. No rush at all, you have been helpful. Please let me know.",ord_85770,standard,2026-05-05T17:29:00+00:00,2026-05-07T22:29:00+00:00,tracking_request,positive,normal,send_tracking_update,send_tracking_update,synthetic_generator
evt_02258,general_question:06,cust_0579,phone,"Hi, do you ship order 88214 internationally. Thanks.",ord_46607,free,2026-04-29T17:18:00+00:00,2026-05-02T02:18:00+00:00,general_question,neutral,normal,auto_resolve,knowledge_response,synthetic_generator
evt_02259,general_question:07,cust_0732,email,Quick question - is there a student discount available on the kitchen scale.,ord_83871,standard,2026-04-29T08:07:00+00:00,2026-05-01T05:07:00+00:00,general_question,positive,normal,auto_resolve,knowledge_response,synthetic_generator
evt_02260,delivery_issue:08,cust_0709,email,"Hey - the annual subscription was returned to sender without anyone contacting me, whenever you get a chance. Appreciate it.",ord_29810,standard,2026-04-08T10:03:00+00:00,2026-04-08T15:03:00+00:00,delivery_issue,neutral,normal,offer_credit,apply_credit,synthetic_generator
evt_02261,complaint:02,cust_0073,email,"Hi, This is disappointing - I have wasted hours on the wireless keyboard with no resolution. Regards.",ord_42192,free,2026-04-29T03:51:00+00:00,2026-05-01T09:51:00+00:00,complaint,negative,normal,escalate,create_ticket,synthetic_generator
evt_02262,delivery_issue:00,cust_0613,chat,"Hello, Happy with the service overall, just my the kitchen scale still has not turned up. Thanks.",ord_80683,free,2026-04-10T05:55:00+00:00,2026-04-11T03:55:00+00:00,delivery_issue,positive,normal,offer_credit,apply_credit,synthetic_generator
evt_02263,general_question:06,cust_0342,chat,"Hi, Hi there, do you ship the kitchen scale internationally. Appreciate it.",ord_98077,free,2026-04-09T04:10:00+00:00,2026-04-10T19:10:00+00:00,general_question,neutral,normal,auto_resolve,knowledge_response,synthetic_generator
evt_02264,complaint:00,cust_0202,social,this is the third time I have written about the replacement charger and nobody replies. At this point I have run out of patience. Please let me know.,ord_84906,standard,2026-04-08T15:25:00+00:00,2026-04-10T07:25:00+00:00,complaint,negative,normal,escalate,create_ticket,synthetic_generator
evt_02265,refund_request:13,cust_0851,phone,"Hey - Hi there, raise a return for order 88214 and refund me please. Please let me know.",ord_25026,standard,2026-04-27T07:26:00+00:00,2026-04-30T01:26:00+00:00,refund_request,neutral,normal,refund_review,refund_review,synthetic_generator
evt_02266,tracking_request:00,cust_0225,social,Quick question - where is my the running shoes right now. Thanks.,ord_81855,standard,2026-04-25T17:18:00+00:00,2026-04-28T14:18:00+00:00,tracking_request,neutral,normal,send_tracking_update,send_tracking_update,synthetic_generator
evt_02267,delivery_issue:11,cust_0766,chat,nobody has been able to deliver the replacement charger yet. I have had to chase this repeatedly. Please let me know.,ord_30490,free,2026-04-20T07:37:00+00:00,2026-04-21T08:37:00+00:00,delivery_issue,negative,normal,offer_credit,apply_credit,synthetic_generator
evt_02268,ambiguous:02,cust_0849,chat,"Hi, This is disappointing - no idea where the blue headphones is, can someone actually look into this. Please let me know.",ord_30663,enterprise,2026-04-07T17:53:00+00:00,2026-04-08T07:53:00+00:00,tracking_request,negative,normal,send_tracking_update,send_tracking_update,synthetic_generator
evt_02269,refund_request:00,cust_0635,social,"I would like my money back for the standing desk, whenever you get a chance. Please let me know.",ord_49925,standard,2026-04-08T20:37:00+00:00,2026-04-09T04:37:00+00:00,refund_request,neutral,normal,refund_review,refund_review,synthetic_generator
evt_02270,ambiguous:00,cust_0149,chat,"Hello, order 88214 has not arrived and I am starting to want my money back. Please advise. Appreciate it.",ord_37858,standard,2026-04-14T16:27:00+00:00,2026-04-17T02:27:00+00:00,delivery_issue,positive,normal,offer_credit,apply_credit,synthetic_generator
evt_02271,tracking_request:10,cust_0881,chat,"Good morning, Hello, just checking in on the progress of my monthly plan. Thanks. Thanks.",ord_33237,enterprise,2026-04-18T23:45:00+00:00,2026-04-20T22:45:00+00:00,tracking_request,neutral,normal,send_tracking_update,send_tracking_update,synthetic_generator
evt_02272,refund_request:05,cust_0087,social,"Hi, the the running shoes arrived damaged so I want compensation for it. Your team has been great so far, thank you. Regards.",ord_17481,enterprise,2026-04-23T09:58:00+00:00,2026-04-25T02:58:00+00:00,refund_request,positive,normal,refund_review,refund_review,synthetic_generator
evt_02273,complaint:09,cust_0543,chat,no one has taken ownership of the problem with my monthly plan. This has been a frustrating experience.,ord_32187,free,2026-04-19T08:58:00+00:00,2026-04-22T07:58:00+00:00,complaint,negative,normal,escalate,create_ticket,synthetic_generator
evt_02274,refund_request:05,cust_0153,email,"Hi, Hi there, the the annual subscription arrived damaged so I want compensation for it. Regards.",ord_41194,free,2026-04-29T11:40:00+00:00,2026-04-30T05:40:00+00:00,refund_request,neutral,normal,refund_review,refund_review,synthetic_generator
evt_02275,refund_request:10,cust_0590,social,"Good morning, Hi there, the parcel with the kitchen scale came late and I would rather have the money.",ord_64145,free,2026-04-12T00:08:00+00:00,2026-04-12T02:08:00+00:00,refund_request,neutral,high,refund_review,refund_review,synthetic_generator
evt_02276,tracking_request:00,cust_0154,chat,Hey - Quick question - where is my the replacement charger right now.,ord_11100,free,2026-04-20T00:29:00+00:00,2026-04-21T13:29:00+00:00,tracking_request,neutral,normal,send_tracking_update,send_tracking_update,synthetic_generator
evt_02277,refund_request:00,cust_0662,email,"Good morning, Hello, I would like my money back for my monthly plan. Thanks. Appreciate it.",ord_33434,free,2026-04-22T00:42:00+00:00,2026-04-24T11:42:00+00:00,refund_request,neutral,normal,refund_review,refund_review,synthetic_generator
evt_02278,refund_request:09,cust_0152,phone,"Hey - Quick question - I am returning order 40917, what happens with the payment.",ord_35899,enterprise,2026-05-02T12:02:00+00:00,2026-05-04T02:02:00+00:00,refund_request,neutral,normal,refund_review,refund_review,synthetic_generator
evt_02279,delivery_issue:04,cust_0287,phone,"Hello, Hi there, shipment containing the standing desk seems stuck at the depot. Please let me know.",ord_16337,free,2026-04-07T16:56:00+00:00,2026-04-07T19:56:00+00:00,delivery_issue,neutral,normal,offer_credit,apply_credit,synthetic_generator
evt_02280,general_question:03,cust_0525,phone,"Hi, is order 40917 covered by your returns window. No rush at all, you have been helpful.",ord_20302,standard,2026-04-22T02:24:00+00:00,2026-04-24T18:24:00+00:00,general_question,positive,normal,auto_resolve,knowledge_response,synthetic_generator
evt_02281,refund_request:09,cust_0875,social,"Hello, I am returning the standing desk, what happens with the payment. I have had to chase this repeatedly. Please let me know.",ord_57516,standard,2026-04-07T14:41:00+00:00,2026-04-09T14:41:00+00:00,refund_request,negative,normal,refund_review,refund_review,synthetic_generator
evt_02282,delivery_issue:08,cust_0653,phone,"Hi, the kitchen scale was returned to sender without anyone contacting me. I have had to chase this repeatedly. Appreciate it.",ord_17892,standard,2026-04-26T19:57:00+00:00,2026-04-27T21:57:00+00:00,delivery_issue,negative,normal,offer_credit,apply_credit,synthetic_generator
evt_02283,delivery_issue:00,cust_0673,email,"Hi, my the wireless keyboard still has not turned up. I have had to chase this repeatedly. Regards.",ord_68324,free,2026-04-17T07:07:00+00:00,2026-04-20T05:07:00+00:00,delivery_issue,negative,normal,offer_credit,apply_credit,synthetic_generator
evt_02284,delivery_issue:12,cust_0662,chat,"Hi, Honestly, the estimated date for the replacement charger has passed with no update. I expected better than this. Please let me know.",ord_80836,standard,2026-04-16T08:57:00+00:00,2026-04-17T02:57:00+00:00,delivery_issue,negative,normal,offer_credit,apply_credit,synthetic_generator
evt_02285,complaint:02,cust_0415,social,"Hi, I have wasted hours on my monthly plan with no resolution. At this point I have run out of patience. Thanks.",ord_62382,free,2026-04-23T00:47:00+00:00,2026-04-24T04:47:00+00:00,complaint,negative,normal,escalate,create_ticket,synthetic_generator
evt_02286,complaint:10,cust_0685,email,"I have received three contradictory answers about the annual subscription, which is really not good enough. Please let me know.",ord_10949,enterprise,2026-04-08T21:46:00+00:00,2026-04-10T01:46:00+00:00,complaint,negative,normal,escalate,create_ticket,synthetic_generator
evt_02287,tracking_request:11,cust_0317,email,"Hello, how far along is the delivery of the replacement charger. Thanks. Regards.",ord_73000,standard,2026-05-03T14:44:00+00:00,2026-05-05T23:44:00+00:00,tracking_request,neutral,normal,send_tracking_update,send_tracking_update,synthetic_generator
evt_02288,complaint:07,cust_0549,email,"Hi, I have been passed between four agents about order 88214, which is really not good enough. Thanks.",ord_74917,free,2026-05-05T17:48:00+00:00,2026-05-08T01:48:00+00:00,complaint,negative,normal,escalate,create_ticket,synthetic_generator
evt_02289,complaint:09,cust_0108,phone,Hey - no one has taken ownership of the problem with the wireless keyboard. This has been a frustrating experience. Please let me know.,ord_75464,free,2026-04-21T16:01:00+00:00,2026-04-23T12:01:00+00:00,complaint,negative,normal,escalate,create_ticket,synthetic_generator
evt_02290,general_question:09,cust_0872,social,Hey - can the running shoes be gift wrapped. This has been a frustrating experience.,ord_66700,standard,2026-04-17T11:08:00+00:00,2026-04-19T18:08:00+00:00,general_question,negative,normal,auto_resolve,knowledge_response,synthetic_generator
evt_02291,complaint:09,cust_0207,social,"Hey - no one has taken ownership of the problem with my monthly plan, and I am not happy about how long it has taken. Appreciate it.",ord_47363,free,2026-04-20T23:08:00+00:00,2026-04-23T22:08:00+00:00,complaint,negative,normal,escalate,create_ticket,synthetic_generator
evt_02292,ambiguous:02,cust_0448,social,"Hey - Hi there, no idea where the wireless keyboard is, can someone actually look into this.",ord_60650,enterprise,2026-04-20T04:05:00+00:00,2026-04-20T10:05:00+00:00,tracking_request,negative,high,escalate,create_ticket,synthetic_generator
evt_02293,tracking_request:10,cust_0339,email,Hey - This is disappointing - just checking in on the progress of the running shoes.,ord_78047,free,2026-04-07T12:49:00+00:00,2026-04-10T10:49:00+00:00,tracking_request,negative,normal,send_tracking_update,send_tracking_update,synthetic_generator
evt_02294,refund_request:10,cust_0437,social,"Hello, This is disappointing - the parcel with the running shoes came late and I would rather have the money. Thanks.",ord_66240,free,2026-05-02T10:48:00+00:00,2026-05-03T00:48:00+00:00,refund_request,negative,normal,refund_review,refund_review,synthetic_generator
evt_02295,general_question:07,cust_0357,chat,"Good morning, is there a student discount available on the wireless keyboard. Thanks.",ord_64863,enterprise,2026-04-28T05:17:00+00:00,2026-04-30T23:17:00+00:00,general_question,neutral,normal,auto_resolve,knowledge_response,synthetic_generator
evt_02296,ambiguous:04,cust_0447,chat,what are my options if oder 40917 never shows up.,ord_18159,enterprise,2026-04-10T20:27:00+00:00,2026-04-12T10:27:00+00:00,general_question,neutral,normal,auto_resolve,knowledge_response,synthetic_generator
evt_02297,refund_request:08,cust_0876,chat,"Good morning, please cancel the running shoes and put the amount back on my card. No rush at all, you have been helpful.",ord_73862,standard,2026-05-02T16:16:00+00:00,2026-05-04T17:16:00+00:00,refund_request,positive,normal,refund_review,refund_review,synthetic_generator
evt_02298,general_question:01,cust_0737,chat,"Good morning, does the wireless keyboard come in other sizes, whenever you get a chance. Appreciate it.",ord_33977,standard,2026-04-22T15:36:00+00:00,2026-04-23T18:36:00+00:00,general_question,neutral,normal,auto_resolve,knowledge_response,synthetic_generator
evt_02299,ambiguous:05,cust_0656,chat,this is the second delivery of the running shoes you have got wrong. I have had to chase this repeatedly. Thanks.,ord_86467,standard,2026-05-05T13:06:00+00:00,2026-05-08T11:06:00+00:00,complaint,negative,normal,escalate,create_ticket,synthetic_generator
evt_02300,complaint:02,cust_0289,email,"Good morning, I have wasted hours on the wireless keyboard with no resolution. I have had to chase this repeatedly. Appreciate it.",ord_18138,free,2026-04-16T05:53:00+00:00,2026-04-18T09:53:00+00:00,complaint,negative,normal,escalate,create_ticket,synthetic_generator
evt_02301,tracking_request:06,cust_0399,social,"Good morning, could you tell me which stage the replacement charger is at, which is really not good enough. Please let me know.",ord_61338,free,2026-04-08T12:42:00+00:00,2026-04-10T06:42:00+00:00,tracking_request,negative,normal,send_tracking_update,send_tracking_update,synthetic_generator
evt_02302,complaint:13,cust_0019,phone,I have lost confidence in how you handle things like order 40917.,ord_58676,enterprise,2026-04-27T08:05:00+00:00,2026-04-28T03:05:00+00:00,complaint,neutral,normal,escalate,create_ticket,synthetic_generator
evt_02303,delivery_issue:08,cust_0279,email,the standing desk was returned to sender without anyone contacting me. Appreciate it.,ord_36305,standard,2026-04-11T09:58:00+00:00,2026-04-13T06:58:00+00:00,delivery_issue,neutral,normal,offer_credit,apply_credit,synthetic_generator
evt_02304,complaint:00,cust_0566,phone,"Hi, this is the third time I have written about the annual subscription and nobody replies. At this point I have run out of patience. Thanks.",ord_21641,standard,2026-04-28T06:23:00+00:00,2026-05-01T06:23:00+00:00,complaint,negative,normal,escalate,create_ticket,synthetic_generator
evt_02305,general_question:05,cust_0608,email,"Hi, Hi there, what payment methods work for the wireless keyboard. Thanks.",ord_61215,standard,2026-04-30T10:10:00+00:00,2026-05-03T03:10:00+00:00,general_question,neutral,normal,auto_resolve,knowledge_response,synthetic_generator
evt_02306,general_question:04,cust_0598,email,"Hello, Hello, how do I add order 88214 to an existing order. Thanks. Regards.",ord_20268,standard,2026-04-20T18:48:00+00:00,2026-04-22T10:48:00+00:00,general_question,neutral,normal,auto_resolve,knowledge_response,synthetic_generator
evt_02307,tracking_request:09,cust_0360,chat,"Hello, This is disappointing - what does the courier say about order 88214 at the moment. Appreciate it.",ord_86169,standard,2026-05-01T07:30:00+00:00,2026-05-03T22:30:00+00:00,tracking_request,negative,normal,send_tracking_update,send_tracking_update,synthetic_generator
evt_02308,general_question:04,cust_0369,chat,"Hey - how do I add the blue headphones to an existing order, whenever you get a chance. Thanks.",ord_89588,enterprise,2026-04-22T20:25:00+00:00,2026-04-23T11:25:00+00:00,general_question,neutral,normal,auto_resolve,knowledge_response,synthetic_generator
evt_02309,general_question:09,cust_0338,chat,"Hello, can the standing desk be gift wrapped. Thanks. Regards.",ord_69350,standard,2026-04-22T09:41:00+00:00,2026-04-22T11:41:00+00:00,general_question,neutral,high,auto_resolve,knowledge_response,synthetic_generator
evt_02310,complaint:04,cust_0441,social,This is disappointing - the handling of order 88214 has been unacceptable.,ord_42366,free,2026-05-05T02:47:00+00:00,2026-05-06T12:47:00+00:00,complaint,negative,normal,escalate,create_ticket,synthetic_generator
evt_02311,general_question:13,cust_0765,social,"Hello, Hi there, what happens to my subscription if I pause order 88214.",ord_59908,free,2026-04-25T01:10:00+00:00,2026-04-27T03:10:00+00:00,general_question,negative,normal,auto_resolve,knowledge_response,synthetic_generator
evt_02312,general_question:10,cust_0265,social,"Hi, what is the difference between order 40917 and the newer version, and I am not happy about how long it has taken. Appreciate it.",ord_39193,free,2026-04-23T10:32:00+00:00,2026-04-23T11:32:00+00:00,general_question,negative,high,escalate,create_ticket,synthetic_generator
evt_02313,refund_request:00,cust_0781,social,"Hello, I would like my money back for oder 88214, and I am not happy about how long it has taken. Thanks.",ord_62905,free,2026-04-21T14:40:00+00:00,2026-04-23T15:40:00+00:00,refund_request,negative,normal,refund_review,refund_review,synthetic_generator
evt_02314,delivery_issue:11,cust_0309,email,nobody has been able to deliver the wireless keyboard yet. Please advise. Regards.,ord_36606,free,2026-04-15T22:34:00+00:00,2026-04-16T15:34:00+00:00,delivery_issue,neutral,normal,offer_credit,apply_credit,synthetic_generator
evt_02315,delivery_issue:13,cust_0021,chat,"Hi, Quick question - my order containing the annual subscription appears to be lost in transit. Appreciate it.",ord_31175,standard,2026-04-07T16:55:00+00:00,2026-04-09T19:55:00+00:00,delivery_issue,neutral,normal,offer_credit,apply_credit,synthetic_generator
evt_02316,general_question:08,cust_0475,social,how long does the kitchen scale usually take to arrive. Thanks.,ord_43328,free,2026-04-16T02:01:00+00:00,2026-04-18T10:01:00+00:00,general_question,neutral,normal,auto_resolve,knowledge_response,synthetic_generator
evt_02317,delivery_issue:10,cust_0244,phone,the tracking for the replacement charger has not moved in five days. This has been a frustrating experience.,ord_55655,free,2026-04-12T06:12:00+00:00,2026-04-13T01:12:00+00:00,delivery_issue,negative,normal,offer_credit,apply_credit,synthetic_generator
evt_02318,general_question:07,cust_0543,email,"Hello, Hi there, is there a student discount available on the annual subscription. Regards.",ord_25503,standard,2026-04-22T22:19:00+00:00,2026-04-24T00:19:00+00:00,general_question,neutral,normal,auto_resolve,knowledge_response,synthetic_generator
evt_02319,refund_request:03,cust_0521,chat,"Good morning, Honestly, I no longer want the kitchen scale and expect the amount returned. I expected better than this. Please let me know.",ord_99728,standard,2026-04-29T07:03:00+00:00,2026-05-01T09:03:00+00:00,refund_request,negative,normal,refund_review,refund_review,synthetic_generator
evt_02320,ambiguous:04,cust_0520,social,"Good morning, what are my options if order 88214 never shows up. Please advise. Thanks.",ord_37064,standard,2026-04-07T20:04:00+00:00,2026-04-09T05:04:00+00:00,general_question,neutral,normal,auto_resolve,knowledge_response,synthetic_generator
evt_02321,general_question:07,cust_0489,chat,"Hi, Hello, is there a student discount available on order 88214. Thanks. Appreciate it.",ord_87154,free,2026-04-21T19:12:00+00:00,2026-04-22T12:12:00+00:00,general_question,neutral,normal,auto_resolve,knowledge_response,synthetic_generator
evt_02322,delivery_issue:12,cust_0840,email,"Hi, the estimated date for the running shoes has passed with no update, whenever you get a chance.",ord_79153,free,2026-05-04T10:36:00+00:00,2026-05-05T07:36:00+00:00,delivery_issue,neutral,normal,offer_credit,apply_credit,synthetic_generator
evt_02323,ambiguous:04,cust_0016,phone,"Good morning, Hello, what are my options if the running shoes never shows up. Thanks. Appreciate it.",ord_54925,standard,2026-04-14T17:34:00+00:00,2026-04-16T07:34:00+00:00,general_question,neutral,normal,auto_resolve,knowledge_response,synthetic_generator
evt_02324,refund_request:07,cust_0124,email,"Hi, Hello, the delivery of the replacement charger was fine but I changed my mind and want a refund. Thanks. Thanks.",ord_73543,free,2026-05-02T00:33:00+00:00,2026-05-03T04:33:00+00:00,refund_request,neutral,normal,refund_review,refund_review,synthetic_generator
evt_02325,refund_request:12,cust_0583,email,Hey - I want to send order 88214 back for a credit to my account. Please advise. Regards.,ord_35321,standard,2026-04-29T05:18:00+00:00,2026-04-30T12:18:00+00:00,refund_request,neutral,normal,refund_review,refund_review,synthetic_generator
evt_02326,delivery_issue:04,cust_0095,social,"Hello, Thanks for the help earlier - shipment containing the blue headphones seems stuck at the depot. Thanks.",ord_28619,enterprise,2026-04-22T11:19:00+00:00,2026-04-25T03:19:00+00:00,delivery_issue,positive,normal,offer_credit,apply_credit,synthetic_generator
evt_02327,general_question:00,cust_0577,social,what is the warranty period on the running shoes. Please advise. Thanks.,ord_71618,free,2026-04-22T20:38:00+00:00,2026-04-23T11:38:00+00:00,general_question,neutral,normal,auto_resolve,knowledge_response,synthetic_generator
evt_02328,delivery_issue:01,cust_0074,social,"Honestly, the parcel with the blue headphones is running behind schedule. I expected better than this. Appreciate it.",ord_78058,free,2026-04-18T23:48:00+00:00,2026-04-20T00:48:00+00:00,delivery_issue,negative,normal,offer_credit,apply_credit,synthetic_generator
evt_02329,delivery_issue:01,cust_0763,phone,"Hi, the parcel with my monthly plan is running behind schedule, and I am not happy about how long it has taken.",ord_94107,standard,2026-04-15T23:01:00+00:00,2026-04-18T20:01:00+00:00,delivery_issue,negative,normal,offer_credit,apply_credit,synthetic_generator
evt_02330,refund_request:06,cust_0287,email,"how do I get my funds returned for the running shoes, whenever you get a chance.",ord_37878,free,2026-04-10T11:32:00+00:00,2026-04-13T01:32:00+00:00,refund_request,neutral,normal,refund_review,refund_review,synthetic_generator
evt_02331,complaint:13,cust_0662,social,Hey - I have lost confidence in how you handle things like the running shoes. Please advise. Appreciate it.,ord_82163,free,2026-04-24T09:41:00+00:00,2026-04-24T11:41:00+00:00,complaint,neutral,high,escalate,create_ticket,synthetic_generator
evt_02332,general_question:00,cust_0751,email,"what is the warranty period on order 40917, whenever you get a chance. Please let me know.",ord_63604,standard,2026-05-02T06:01:00+00:00,2026-05-02T17:01:00+00:00,general_question,neutral,normal,auto_resolve,knowledge_response,synthetic_generator
evt_02333,ambiguous:01,cust_0509,social,"Good morning, Quick question - if order 88214 cannot get here this week I would rather be refunded. Please let me know.",ord_79390,standard,2026-04-20T15:56:00+00:00,2026-04-21T02:56:00+00:00,refund_request,neutral,normal,refund_review,refund_review,synthetic_generator
evt_02334,delivery_issue:08,cust_0809,chat,"Hello, order 40917 was returned to sender without anyone contacting me. At this point I have run out of patience.",ord_76377,free,2026-04-14T21:56:00+00:00,2026-04-16T01:56:00+00:00,delivery_issue,negative,normal,offer_credit,apply_credit,synthetic_generator
evt_02335,delivery_issue:10,cust_0490,email,"Good morning, the tracking for my monthly plan has not moved in five days. This has been a frustrating experience. Thanks.",ord_86278,standard,2026-04-27T21:34:00+00:00,2026-04-28T01:34:00+00:00,delivery_issue,negative,normal,offer_credit,apply_credit,synthetic_generator
evt_02336,refund_request:07,cust_0149,social,"Good morning, the delivery of the wireless keyboard was fine but I changed my mind and want a refund. At this point I have run out of patience. Appreciate it.",ord_80662,enterprise,2026-04-08T13:59:00+00:00,2026-04-08T20:59:00+00:00,refund_request,negative,high,escalate,create_ticket,synthetic_generator
evt_02337,tracking_request:10,cust_0626,chat,"Hello, Quick question - just checking in on the progress of the kitchen scale.",ord_91978,free,2026-04-26T10:10:00+00:00,2026-04-28T09:10:00+00:00,tracking_request,neutral,normal,send_tracking_update,send_tracking_update,synthetic_generator
evt_02338,delivery_issue:09,cust_0507,email,Hey - This is disappointing - delivery of the kitchen scale keeps getting rescheduled.,ord_74363,free,2026-04-14T15:28:00+00:00,2026-04-14T20:28:00+00:00,delivery_issue,negative,normal,offer_credit,apply_credit,synthetic_generator
evt_02339,delivery_issue:12,cust_0307,email,"Hello, the estimated date for the annual subscription has passed with no update, which is really not good enough.",ord_48699,free,2026-04-30T19:18:00+00:00,2026-05-01T21:18:00+00:00,delivery_issue,negative,normal,offer_credit,apply_credit,synthetic_generator
evt_02340,ambiguous:06,cust_0719,chat,"Hello, Quick question - I have given up waiting for the running shoes, just close it out for me.",ord_29794,standard,2026-04-07T16:56:00+00:00,2026-04-10T06:56:00+00:00,refund_request,neutral,normal,refund_review,refund_review,synthetic_generator
evt_02341,general_question:03,cust_0312,phone,"Good morning, Quick question - is the annual subscription covered by your returns window. Thanks.",ord_84161,standard,2026-04-29T02:44:00+00:00,2026-05-01T03:44:00+00:00,general_question,neutral,normal,auto_resolve,knowledge_response,synthetic_generator
evt_02342,ambiguous:03,cust_0316,phone,"Hello, still waiting on the running shoes and still nobody has explained why, whenever you get a chance. Thanks.",ord_48296,free,2026-04-12T16:10:00+00:00,2026-04-14T22:10:00+00:00,complaint,neutral,normal,escalate,create_ticket,synthetic_generator
evt_02343,complaint:12,cust_0143,phone,"Hey - I keep being promised callbacks about the replacement charger that never happen, and I am not happy about how long it has taken. Please let me know.",ord_92459,enterprise,2026-05-04T00:21:00+00:00,2026-05-05T04:21:00+00:00,complaint,negative,normal,escalate,create_ticket,synthetic_generator
evt_02344,tracking_request:06,cust_0080,chat,"Good morning, could you tell me which stage teh running shoes is at, whenever you get a chance.",ord_36283,standard,2026-04-30T04:31:00+00:00,2026-05-01T18:31:00+00:00,tracking_request,neutral,normal,send_tracking_update,send_tracking_update,synthetic_generator
evt_02345,ambiguous:02,cust_0441,social,"Hi there, no idea where teh blue headphones is, can someone actually look into this. Thanks.",ord_50727,standard,2026-05-04T16:47:00+00:00,2026-05-05T10:47:00+00:00,tracking_request,neutral,normal,send_tracking_update,send_tracking_update,synthetic_generator
evt_02346,refund_request:02,cust_0191,phone,"Hi, can you send this the running shoes back and return the payment, and I am not happy about how long it has taken.",ord_12808,free,2026-05-03T03:29:00+00:00,2026-05-04T07:29:00+00:00,refund_request,negative,normal,refund_review,refund_review,synthetic_generator
evt_02347,general_question:12,cust_0873,chat,Quick question - are spare parts available for the annual subscription. Thanks.,ord_59369,standard,2026-05-05T15:25:00+00:00,2026-05-06T13:25:00+00:00,general_question,neutral,normal,auto_resolve,knowledge_response,synthetic_generator
evt_02348,delivery_issue:13,cust_0461,social,my order containing my monthly plan appears to be lost in transit. This has been a frustrating experience.,ord_15109,standard,2026-05-01T12:58:00+00:00,2026-05-03T08:58:00+00:00,delivery_issue,negative,normal,offer_credit,apply_credit,synthetic_generator
evt_02349,delivery_issue:07,cust_0601,email,"Good morning, Hi there, the driver could not find my address for the wireless keyboard. Thanks.",ord_48475,standard,2026-05-02T04:50:00+00:00,2026-05-03T17:50:00+00:00,delivery_issue,neutral,normal,offer_credit,apply_credit,synthetic_generator
evt_02350,general_question:06,cust_0179,phone,"Hey - Hello, do you ship the blue headphones internationally. Thanks. Appreciate it.",ord_81735,free,2026-04-22T22:31:00+00:00,2026-04-24T10:31:00+00:00,general_question,neutral,normal,auto_resolve,knowledge_response,synthetic_generator
evt_02351,complaint:12,cust_0243,email,"Good morning, I keep being promised callbacks about the standing desk that never happen, and I am not happy about how long it has taken. Thanks.",ord_14122,free,2026-04-17T21:55:00+00:00,2026-04-19T18:55:00+00:00,complaint,negative,normal,escalate,create_ticket,synthetic_generator
evt_02352,refund_request:01,cust_0603,social,"Hi, Hi there, please reverse the charge on the running shoes. Please let me know.",ord_39013,standard,2026-04-17T03:04:00+00:00,2026-04-17T16:04:00+00:00,refund_request,neutral,normal,refund_review,refund_review,synthetic_generator
evt_02353,delivery_issue:07,cust_0546,email,"Hi, This is disappointing - the driver could not find my address for my monthly plan. Regards.",ord_74945,standard,2026-04-19T14:15:00+00:00,2026-04-19T22:15:00+00:00,delivery_issue,negative,normal,offer_credit,apply_credit,synthetic_generator
evt_02354,delivery_issue:10,cust_0100,social,"Good morning, the tracking for order 88214 has not moved in five days, which is really not good enough. Thanks.",ord_23611,standard,2026-04-09T07:09:00+00:00,2026-04-10T12:09:00+00:00,delivery_issue,negative,normal,offer_credit,apply_credit,synthetic_generator
evt_02355,tracking_request:03,cust_0298,email,"Good morning, any news on when the blue headphones will get here. I have had to chase this repeatedly. Regards.",ord_77629,standard,2026-04-12T13:02:00+00:00,2026-04-15T11:02:00+00:00,tracking_request,negative,normal,send_tracking_update,send_tracking_update,synthetic_generator
evt_02356,refund_request:07,cust_0644,chat,Hey - the delivery of the kitchen scale was fine but I changed my mind and want a refund. Please advise. Thanks.,ord_49783,standard,2026-04-08T20:56:00+00:00,2026-04-11T09:56:00+00:00,refund_request,neutral,normal,refund_review,refund_review,synthetic_generator
evt_02357,refund_request:07,cust_0111,email,"Hello, the delivery of order 40917 was fine but I changed my mind and want a refund. This has been a frustrating experience. Regards.",ord_75256,standard,2026-05-04T05:57:00+00:00,2026-05-05T21:57:00+00:00,refund_request,negative,normal,refund_review,refund_review,synthetic_generator
evt_02358,delivery_issue:10,cust_0068,email,Hey - the tracking for the blue headphones has not moved in five days. At this point I have run out of patience. Regards.,ord_61928,standard,2026-04-21T03:33:00+00:00,2026-04-23T19:33:00+00:00,delivery_issue,negative,normal,offer_credit,apply_credit,synthetic_generator
evt_02359,delivery_issue:10,cust_0662,social,"Hello, Honestly, the tracking for the running shoes has not moved in five days. I expected better than this.",ord_89623,standard,2026-04-15T02:25:00+00:00,2026-04-15T09:25:00+00:00,delivery_issue,negative,normal,offer_credit,apply_credit,synthetic_generator
evt_02360,refund_request:13,cust_0376,social,"Hey - Honestly, raise a return for the replacement charger and refund me please. I expected better than this. Regards.",ord_66350,free,2026-04-28T08:18:00+00:00,2026-04-28T13:18:00+00:00,refund_request,negative,normal,refund_review,refund_review,synthetic_generator
evt_02361,tracking_request:10,cust_0415,phone,"Good morning, just checking in on the progress of the replacement charger.",ord_10510,standard,2026-04-24T07:01:00+00:00,2026-04-25T23:01:00+00:00,tracking_request,neutral,normal,send_tracking_update,send_tracking_update,synthetic_generator
evt_02362,complaint:02,cust_0026,phone,"Hey - Honestly, I have wasted hours on order 40917 with no resolution. I expected better than this.",ord_60128,free,2026-04-21T00:02:00+00:00,2026-04-22T10:02:00+00:00,complaint,negative,normal,escalate,create_ticket,synthetic_generator
evt_02363,general_question:01,cust_0606,chat,"Hi, does the standing desk come in other sizes. No rush at all, you have been helpful. Regards.",ord_97363,standard,2026-04-18T05:57:00+00:00,2026-04-19T13:57:00+00:00,general_question,positive,normal,auto_resolve,knowledge_response,synthetic_generator
evt_02364,complaint:06,cust_0302,email,"Good morning, every person I speak to about my monthly plan tells me something different. At this point I have run out of patience. Thanks.",ord_26852,free,2026-04-19T07:01:00+00:00,2026-04-22T07:01:00+00:00,complaint,negative,normal,escalate,create_ticket,synthetic_generator
evt_02365,general_question:09,cust_0852,phone,"Good morning, Hi there, can my monthly plan be gift wrapped. Appreciate it.",ord_15838,standard,2026-04-30T09:01:00+00:00,2026-05-01T08:01:00+00:00,general_question,positive,normal,auto_resolve,knowledge_response,synthetic_generator
evt_02366,delivery_issue:09,cust_0285,phone,"Good morning, Honestly, delivery of order 40917 keeps getting rescheduled. I expected better than this.",ord_88072,enterprise,2026-04-09T23:57:00+00:00,2026-04-11T09:57:00+00:00,delivery_issue,negative,normal,offer_credit,apply_credit,synthetic_generator
evt_02367,complaint:11,cust_0658,phone,Hey - the way the annual subscription was dealt with reflects badly on your company. This has been a frustrating experience. Please let me know.,ord_42797,free,2026-04-25T08:42:00+00:00,2026-04-26T01:42:00+00:00,complaint,negative,normal,escalate,create_ticket,synthetic_generator
evt_02368,complaint:11,cust_0394,email,"Hello, the way the standing desk was dealt with reflects badly on your company. Thanks. Thanks.",ord_85128,enterprise,2026-04-19T16:55:00+00:00,2026-04-22T16:55:00+00:00,complaint,neutral,normal,escalate,create_ticket,synthetic_generator
evt_02369,refund_request:01,cust_0510,social,"Hello, Quick question - please reverse the charge on order 88214. Thanks.",ord_81304,free,2026-04-18T01:01:00+00:00,2026-04-18T13:01:00+00:00,refund_request,neutral,normal,refund_review,refund_review,synthetic_generator
evt_02370,refund_request:11,cust_0774,social,"is it possible to undo the purchase of order 88214, whenever you get a chance. Thanks.",ord_68643,enterprise,2026-04-07T09:35:00+00:00,2026-04-08T16:35:00+00:00,refund_request,neutral,normal,refund_review,refund_review,synthetic_generator
evt_02371,delivery_issue:07,cust_0556,phone,"Good morning, the driver could not find my address for my monthly plan. Please advise. Thanks.",ord_32171,standard,2026-04-22T02:55:00+00:00,2026-04-22T18:55:00+00:00,delivery_issue,negative,normal,offer_credit,apply_credit,synthetic_generator
evt_02372,general_question:13,cust_0008,social,"Good morning, what happens to my subscription if I pause the running shoes. Regards.",ord_26779,standard,2026-04-16T19:17:00+00:00,2026-04-18T13:17:00+00:00,general_question,neutral,normal,auto_resolve,knowledge_response,synthetic_generator
evt_02373,complaint:06,cust_0472,email,"Good morning, every person I speak to about order 40917 tells me something different. This has been a frustrating experience. Please let me know.",ord_25625,free,2026-04-07T10:05:00+00:00,2026-04-08T18:05:00+00:00,complaint,negative,normal,escalate,create_ticket,synthetic_generator
evt_02374,general_question:04,cust_0780,phone,"Hi, how do I add the running shoes to an existing order. Please advise. Regards.",ord_83345,standard,2026-04-18T21:49:00+00:00,2026-04-20T09:49:00+00:00,general_question,neutral,normal,auto_resolve,knowledge_response,synthetic_generator
evt_02375,delivery_issue:12,cust_0817,social,"Good morning, the estimated date for the running shoes has passed with no update. This has been a frustrating experience. Please let me know.",ord_35283,standard,2026-04-11T01:48:00+00:00,2026-04-12T13:48:00+00:00,delivery_issue,negative,normal,offer_credit,apply_credit,synthetic_generator
evt_02376,tracking_request:05,cust_0588,email,"Hello, I want to follow the journey of my my monthly plan. Thanks. Appreciate it.",ord_32272,standard,2026-04-15T10:41:00+00:00,2026-04-17T23:41:00+00:00,tracking_request,neutral,normal,send_tracking_update,send_tracking_update,synthetic_generator
evt_02377,ambiguous:05,cust_0448,phone,"Hi, this is the second delivery of order 40917 you have got wrong. At this point I have run out of patience. Thanks.",ord_44414,standard,2026-04-27T09:51:00+00:00,2026-04-28T09:51:00+00:00,complaint,negative,normal,escalate,create_ticket,synthetic_generator
evt_02378,general_question:10,cust_0590,email,"what is the difference between the replacement charger and the newer version, whenever you get a chance.",ord_72040,enterprise,2026-04-09T08:05:00+00:00,2026-04-09T18:05:00+00:00,general_question,neutral,normal,auto_resolve,knowledge_response,synthetic_generator
evt_02379,general_question:05,cust_0673,email,"Good morning, Hi there, what payment methods work for the running shoes. Thanks.",ord_89479,free,2026-04-24T00:42:00+00:00,2026-04-25T19:42:00+00:00,general_question,neutral,normal,auto_resolve,knowledge_response,synthetic_generator
evt_02380,complaint:03,cust_0576,chat,"Good morning, This is disappointing - nobody in your team seems to take the wireless keyboard seriously. Appreciate it.",ord_44272,free,2026-04-14T06:29:00+00:00,2026-04-16T19:29:00+00:00,complaint,negative,normal,escalate,create_ticket,synthetic_generator
evt_02381,complaint:12,cust_0369,phone,"Hey - I keep being promised callbacks about the annual subscription that never happen, and I am not happy about how long it has taken. Regards.",ord_82752,free,2026-04-21T17:21:00+00:00,2026-04-23T15:21:00+00:00,complaint,negative,normal,escalate,create_ticket,synthetic_generator
evt_02382,refund_request:00,cust_0535,chat,"Hi, I would like my money back for the annual subscription. Please advise. Regards.",ord_93127,enterprise,2026-04-21T14:06:00+00:00,2026-04-24T01:06:00+00:00,refund_request,neutral,normal,refund_review,refund_review,synthetic_generator
evt_02383,tracking_request:13,cust_0721,social,"Hi, Quick question - looking for an update on where my monthly plan has got to. Regards.",ord_44182,standard,2026-04-13T12:56:00+00:00,2026-04-14T23:56:00+00:00,tracking_request,neutral,normal,send_tracking_update,send_tracking_update,synthetic_generator
evt_02384,general_question:00,cust_0736,chat,"Good morning, what is the warranty period on the wireless keyboard. Please advise. Appreciate it.",ord_91082,standard,2026-04-30T09:33:00+00:00,2026-05-01T08:33:00+00:00,general_question,neutral,normal,auto_resolve,knowledge_response,synthetic_generator
evt_02385,refund_request:12,cust_0866,email,"Hi, I want to send the blue headphones back for a credit to my account. Regards.",ord_83680,standard,2026-04-12T05:41:00+00:00,2026-04-15T01:41:00+00:00,refund_request,neutral,normal,refund_review,refund_review,synthetic_generator
evt_02386,complaint:07,cust_0828,social,"Hey - Honestly, I have been passed between four agents about teh wireless keyboard. I expected better than this. Appreciate it.",ord_88620,enterprise,2026-05-01T07:52:00+00:00,2026-05-02T09:52:00+00:00,complaint,negative,normal,escalate,create_ticket,synthetic_generator
evt_02387,ambiguous:05,cust_0627,email,"Hi, Honestly, this is the second delivery of the blue headphones you have got wrong. I expected better than this.",ord_94087,free,2026-04-25T16:11:00+00:00,2026-04-28T13:11:00+00:00,complaint,negative,normal,escalate,create_ticket,synthetic_generator
evt_02388,tracking_request:06,cust_0557,email,"Hi, This is disappointing - could you tell me which stage order 88214 is at. Thanks.",ord_36005,standard,2026-05-04T08:51:00+00:00,2026-05-04T22:51:00+00:00,tracking_request,negative,normal,send_tracking_update,send_tracking_update,synthetic_generator
evt_02389,tracking_request:05,cust_0025,email,"Hello, Hi there, I want to follow the journey of my the replacement charger. Appreciate it.",ord_54343,enterprise,2026-04-24T22:36:00+00:00,2026-04-25T06:36:00+00:00,tracking_request,neutral,high,send_tracking_update,send_tracking_update,synthetic_generator
evt_02390,tracking_request:02,cust_0124,email,"Good morning, what is the current location of the parcel with the running shoes, which is really not good enough. Regards.",ord_32947,enterprise,2026-05-02T12:06:00+00:00,2026-05-03T20:06:00+00:00,tracking_request,negative,normal,send_tracking_update,send_tracking_update,synthetic_generator
evt_02391,complaint:11,cust_0240,phone,"Good morning, the way the standing desk was dealt with reflects badly on your company, which is really not good enough. Thanks.",ord_62129,enterprise,2026-04-12T22:55:00+00:00,2026-04-13T09:55:00+00:00,complaint,negative,normal,escalate,create_ticket,synthetic_generator
evt_02392,ambiguous:03,cust_0064,email,"Hi, still waiting on the kitchen scale and still nobody has explained why. No rush at all, you have been helpful. Appreciate it.",ord_56572,standard,2026-04-20T21:44:00+00:00,2026-04-23T12:44:00+00:00,complaint,positive,normal,escalate,create_ticket,synthetic_generator
evt_02393,refund_request:09,cust_0520,email,"Hi, I am returning the standing desk, what happens with the payment. Really appreciate the quick responses previously. Thanks.",ord_25127,standard,2026-04-29T00:29:00+00:00,2026-04-30T18:29:00+00:00,refund_request,positive,normal,refund_review,refund_review,synthetic_generator
evt_02394,delivery_issue:03,cust_0733,phone,"Good morning, courier marked the annual subscription as attempted but nobody came, whenever you get a chance. Please let me know.",ord_11035,standard,2026-04-22T01:03:00+00:00,2026-04-23T03:03:00+00:00,delivery_issue,neutral,normal,offer_credit,apply_credit,synthetic_generator
evt_02395,ambiguous:07,cust_0102,email,"Hi, the courier says delivered but the replacement charger is not here. Please advise. Thanks.",ord_16513,standard,2026-04-06T16:22:00+00:00,2026-04-09T09:22:00+00:00,delivery_issue,neutral,normal,offer_credit,apply_credit,synthetic_generator
evt_02396,complaint:03,cust_0112,social,"Hello, nobody in your team seems to take the wireless keyboard seriously. At this point I have run out of patience. Appreciate it.",ord_69513,enterprise,2026-04-28T08:26:00+00:00,2026-04-30T14:26:00+00:00,complaint,negative,normal,escalate,create_ticket,synthetic_generator
evt_02397,delivery_issue:05,cust_0010,chat,"Hi, it has been two weeks and the kitchen scale has not reached me. Please advise. Thanks.",ord_51748,free,2026-04-20T07:18:00+00:00,2026-04-22T16:18:00+00:00,delivery_issue,neutral,normal,offer_credit,apply_credit,synthetic_generator
evt_02398,general_question:05,cust_0507,email,"Hello, what payment methods work for the kitchen scale.",ord_62416,free,2026-05-01T13:59:00+00:00,2026-05-03T10:59:00+00:00,general_question,neutral,normal,auto_resolve,knowledge_response,synthetic_generator
evt_02399,general_question:02,cust_0465,social,Hey - can I change teh delivery address for teh annual subscription. Please advise. Thanks.,ord_37733,free,2026-04-09T03:02:00+00:00,2026-04-11T00:02:00+00:00,general_question,neutral,normal,auto_resolve,knowledge_response,synthetic_generator
